t,vs_fpm,vcas_kts,alt_ft,nz,alpha_deg,pstick,throttle
0,3233.18,212.408,5609.04,1.2082,6.93097,0,0.458093
0.0166667,3233.35,212.401,5609.94,1.20818,6.93132,0,0.458093
0.0333333,3233.5,212.394,5610.83,1.20817,6.93168,0,0.458093
0.05,3233.64,212.387,5611.73,1.20815,6.93204,0,0.458093
0.0666667,3233.77,212.38,5612.63,1.20814,6.9324,0,0.458093
0.0833333,3233.88,212.373,5613.53,1.20812,6.93277,0,0.458093
0.1,3233.99,212.366,5614.43,1.20811,6.93313,0,0.458093
0.116667,3234.08,212.359,5615.32,1.20809,6.9335,0,0.458093
0.133333,3234.16,212.353,5616.22,1.20808,6.93387,0,0.458093
0.15,3234.23,212.346,5617.12,1.20807,6.93424,0,0.458093
0.166667,3234.3,212.339,5618.02,1.20805,6.93461,0,0.458093
0.183333,3234.35,212.332,5618.92,1.20804,6.93498,0,0.458093
0.2,3234.4,212.325,5619.82,1.20803,6.93536,0,0.458093
0.216667,3234.44,212.318,5620.72,1.20801,6.93573,0,0.458093
0.233333,3234.48,212.311,5621.61,1.208,6.93611,0,0.458093
0.25,3234.51,212.304,5622.51,1.20799,6.93648,0,0.458093
0.266667,3234.53,212.297,5623.41,1.20798,6.93686,0,0.458093
0.283333,3234.55,212.29,5624.31,1.20796,6.93724,0,0.458093
0.3,3234.57,212.283,5625.21,1.20795,6.93762,0,0.458093
0.316667,3234.58,212.276,5626.11,1.20794,6.938,0,0.458093
0.333333,3234.59,212.269,5627,1.20793,6.93839,0,0.458093
0.35,3234.59,212.262,5627.9,1.20792,6.93877,0,0.458093
0.366667,3234.6,212.255,5628.8,1.20791,6.93916,0,0.458093
0.383333,3234.59,212.248,5629.7,1.2079,6.93954,0,0.458093
0.4,3234.59,212.241,5630.6,1.20788,6.93993,0,0.458093
0.416667,3234.58,212.234,5631.5,1.20787,6.94031,0,0.458093
0.433333,3234.57,212.227,5632.4,1.20786,6.9407,0,0.458093
0.45,3234.56,212.221,5633.29,1.20785,6.94109,0,0.458093
0.466667,3234.55,212.214,5634.19,1.20784,6.94148,0,0.458093
0.483333,3234.53,212.207,5635.09,1.20783,6.94187,0,0.458093
0.5,3234.51,212.2,5635.99,1.20782,6.94226,0,0.458093
0.516667,3234.49,212.193,5636.89,1.20781,6.94265,0,0.458093
0.533333,3234.47,212.186,5637.79,1.2078,6.94305,0,0.458093
0.55,3234.45,212.179,5638.68,1.20779,6.94344,0,0.458093
0.566667,3234.43,212.172,5639.58,1.20778,6.94383,0,0.458093
0.583333,3234.4,212.165,5640.48,1.20777,6.94423,0,0.458093
0.6,3234.38,212.158,5641.38,1.20776,6.94462,0,0.458093
0.616667,3234.35,212.151,5642.28,1.20775,6.94502,0,0.458093
0.633333,3234.32,212.144,5643.18,1.20774,6.94541,0,0.458093
0.65,3234.3,212.137,5644.08,1.20773,6.94581,0,0.458093
0.666667,3234.27,212.13,5644.97,1.20772,6.94621,0,0.458093
0.683333,3234.24,212.123,5645.87,1.20771,6.94661,0,0.458093
0.7,3234.21,212.116,5646.77,1.2077,6.947,0,0.458093
0.716667,3234.18,212.109,5647.67,1.20769,6.9474,0,0.458093
0.733333,3234.14,212.102,5648.57,1.20768,6.9478,0,0.458093
0.75,3234.11,212.095,5649.47,1.20767,6.9482,0,0.458093
0.766667,3234.08,212.088,5650.36,1.20766,6.9486,0,0.458093
0.783333,3234.05,212.081,5651.26,1.20765,6.949,0,0.458093
0.8,3234.01,212.074,5652.16,1.20764,6.9494,0,0.458093
0.816667,3233.98,212.067,5653.06,1.20763,6.9498,0,0.458093
0.833333,3233.95,212.06,5653.96,1.20763,6.95021,0,0.458093
0.85,3233.91,212.053,5654.86,1.20762,6.95061,0,0.458093
0.866667,3233.88,212.046,5655.75,1.20761,6.95101,0,0.458093
0.883333,3233.84,212.039,5656.65,1.2076,6.95141,0,0.458093
0.9,3233.81,212.032,5657.55,1.20759,6.95181,0,0.458093
0.916667,3233.77,212.025,5658.45,1.20758,6.95222,0,0.458093
0.933333,3233.74,212.018,5659.35,1.20757,6.95262,0,0.458093
0.95,3233.7,212.011,5660.25,1.20756,6.95303,0,0.458093
0.966667,3233.66,212.004,5661.14,1.20755,6.95343,0,0.458093
0.983333,3233.63,211.997,5662.04,1.20754,6.95383,0,0.458093
1,3233.59,211.99,5662.94,1.20754,6.95424,0,0.458093
1.01667,3233.56,211.983,5663.84,1.20753,6.95464,0,0.458093
1.03333,3233.52,211.976,5664.74,1.20752,6.95505,0,0.458093
1.05,3233.48,211.969,5665.63,1.20751,6.95546,0,0.458093
1.06667,3233.45,211.962,5666.53,1.2075,6.95586,0,0.458093
1.08333,3233.41,211.954,5667.43,1.20749,6.95627,0,0.458093
1.1,3233.38,211.947,5668.33,1.20748,6.95667,0,0.458093
1.11667,3233.34,211.94,5669.23,1.20747,6.95708,0,0.458093
1.13333,3233.3,211.933,5670.13,1.20747,6.95749,0,0.458093
1.15,3233.27,211.926,5671.02,1.20746,6.95789,0,0.458093
1.16667,3233.23,211.919,5671.92,1.20745,6.9583,0,0.458093
1.18333,3233.19,211.912,5672.82,1.20744,6.95871,0,0.458093
1.2,3233.16,211.905,5673.72,1.20743,6.95911,0,0.458093
1.21667,3233.12,211.898,5674.62,1.20742,6.95952,0,0.458093
1.23333,3233.08,211.891,5675.51,1.20741,6.95993,0,0.458093
1.25,3233.05,211.884,5676.41,1.2074,6.96034,0,0.458093
1.26667,3233.01,211.877,5677.31,1.2074,6.96075,0,0.458093
1.28333,3232.98,211.87,5678.21,1.20739,6.96115,0,0.458093
1.3,3232.94,211.863,5679.11,1.20738,6.96156,0,0.458093
1.31667,3232.9,211.856,5680,1.20737,6.96197,0,0.458093
1.33333,3232.87,211.849,5680.9,1.20736,6.96238,0,0.458093
1.35,3232.83,211.842,5681.8,1.20735,6.96279,0,0.458093
1.36667,3232.8,211.835,5682.7,1.20734,6.9632,0,0.458093
1.38333,3232.76,211.828,5683.6,1.20733,6.9636,0,0.458093
1.4,3232.73,211.821,5684.49,1.20733,6.96401,0,0.458093
1.41667,3232.69,211.813,5685.39,1.20732,6.96442,0,0.458093
1.43333,3232.65,211.806,5686.29,1.20731,6.96483,0,0.458093
1.45,3232.62,211.799,5687.19,1.2073,6.96524,0,0.458093
1.46667,3232.58,211.792,5688.09,1.20729,6.96565,0,0.458093
1.48333,3232.55,211.785,5688.98,1.20728,6.96606,0,0.458093
1.5,3232.51,211.778,5689.88,1.20727,6.96647,0,0.458093
1.51667,3232.48,211.771,5690.78,1.20726,6.96688,0,0.458093
1.53333,3232.44,211.764,5691.68,1.20726,6.96729,0,0.458093
1.55,3232.41,211.757,5692.58,1.20725,6.9677,0,0.458093
1.56667,3232.38,211.75,5693.47,1.20724,6.96811,0,0.458093
1.58333,3232.34,211.743,5694.37,1.20723,6.96852,0,0.458093
1.6,3232.31,211.736,5695.27,1.20722,6.96892,0,0.458093
1.61667,3232.27,211.729,5696.17,1.20721,6.96933,0,0.458093
1.63333,3232.24,211.721,5697.07,1.2072,6.96974,0,0.458093
1.65,3232.2,211.714,5697.96,1.20719,6.97015,0,0.458093
1.66667,3232.17,211.707,5698.86,1.20718,6.97056,0,0.458093
1.68333,3232.14,211.7,5699.76,1.20717,6.97097,0,0.458093
1.7,3232.1,211.693,5700.66,1.20717,6.97138,0,0.458093
1.71667,3232.07,211.686,5701.55,1.20716,6.97179,0,0.458093
1.73333,3232.04,211.679,5702.45,1.20715,6.9722,0,0.458093
1.75,3232,211.672,5703.35,1.20714,6.97261,0,0.458093
1.76667,3231.97,211.665,5704.25,1.20713,6.97302,0,0.458093
1.78333,3231.94,211.658,5705.15,1.20712,6.97343,0,0.458093
1.8,3231.91,211.651,5706.04,1.20711,6.97384,0,0.458093
1.81667,3231.87,211.643,5706.94,1.2071,6.97425,0,0.458093
1.83333,3231.84,211.636,5707.84,1.20709,6.97466,0,0.458093
1.85,3231.81,211.629,5708.74,1.20708,6.97507,0,0.458093
1.86667,3231.78,211.622,5709.63,1.20707,6.97548,0,0.458093
1.88333,3231.74,211.615,5710.53,1.20707,6.97589,0,0.458093
1.9,3231.71,211.608,5711.43,1.20706,6.9763,0,0.458093
1.91667,3231.68,211.601,5712.33,1.20705,6.97671,0,0.458093
1.93333,3231.65,211.594,5713.23,1.20704,6.97712,0,0.458093
1.95,3231.62,211.587,5714.12,1.20703,6.97753,0,0.458093
1.96667,3231.59,211.579,5715.02,1.20702,6.97794,0,0.458093
1.98333,3231.55,211.572,5715.92,1.20701,6.97835,0,0.458093
2,3231.52,211.565,5716.82,1.207,6.97876,0,0.458093
2.01667,3231.49,211.558,5717.71,1.20699,6.97917,0,0.458093
2.03333,3231.46,211.551,5718.61,1.20698,6.97958,0,0.458093
2.05,3231.43,211.544,5719.51,1.20697,6.97999,0,0.458093
2.06667,3231.4,211.537,5720.41,1.20696,6.9804,0,0.458093
2.08333,3231.37,211.529,5721.3,1.20695,6.98081,0,0.458093
2.1,3231.34,211.522,5722.2,1.20694,6.98122,0,0.458093
2.11667,3231.31,211.515,5723.1,1.20693,6.98163,0,0.458093
2.13333,3231.28,211.508,5724,1.20692,6.98204,0,0.458093
2.15,3231.25,211.501,5724.89,1.20691,6.98245,0,0.458093
2.16667,3231.22,211.494,5725.79,1.2069,6.98286,0,0.458093
2.18333,3231.19,211.487,5726.69,1.20689,6.98327,0,0.458093
2.2,3231.16,211.48,5727.59,1.20688,6.98368,0,0.458093
2.21667,3231.13,211.472,5728.48,1.20687,6.98409,0,0.458093
2.23333,3231.1,211.465,5729.38,1.20686,6.9845,0,0.458093
2.25,3231.07,211.458,5730.28,1.20685,6.98491,0,0.458093
2.26667,3231.04,211.451,5731.18,1.20684,6.98532,0,0.458093
2.28333,3231.02,211.444,5732.07,1.20683,6.98573,0,0.458093
2.3,3230.99,211.437,5732.97,1.20683,6.98614,0,0.458093
2.31667,3230.96,211.429,5733.87,1.20682,6.98655,0,0.458093
2.33333,3230.93,211.422,5734.77,1.20681,6.98696,0,0.458093
2.35,3230.9,211.415,5735.66,1.2068,6.98737,0,0.458093
2.36667,3230.87,211.408,5736.56,1.20678,6.98778,0,0.458093
2.38333,3230.84,211.401,5737.46,1.20677,6.98819,0,0.458093
2.4,3230.82,211.394,5738.36,1.20676,6.9886,0,0.458093
2.41667,3230.79,211.386,5739.25,1.20675,6.98901,0,0.458093
2.43333,3230.76,211.379,5740.15,1.20674,6.98942,0,0.458093
2.45,3230.73,211.372,5741.05,1.20673,6.98983,0,0.458093
2.46667,3230.71,211.365,5741.95,1.20672,6.99024,0,0.458093
2.48333,3230.68,211.358,5742.84,1.20671,6.99065,0,0.458093
2.5,3230.65,211.351,5743.74,1.2067,6.99106,0,0.458093
2.51667,3230.62,211.343,5744.64,1.20669,6.99147,0,0.458093
2.53333,3230.6,211.336,5745.54,1.20668,6.99188,0,0.458093
2.55,3230.57,211.329,5746.43,1.20667,6.99229,0,0.458093
2.56667,3230.54,211.322,5747.33,1.20666,6.9927,0,0.458093
2.58333,3230.52,211.315,5748.23,1.20665,6.99311,0,0.458093
2.6,3230.49,211.308,5749.13,1.20664,6.99352,0,0.458093
2.61667,3230.46,211.3,5750.02,1.20663,6.99393,0,0.458093
2.63333,3230.44,211.293,5750.92,1.20662,6.99434,0,0.458093
2.65,3230.41,211.286,5751.82,1.20661,6.99475,0,0.458093
2.66667,3230.39,211.279,5752.71,1.2066,6.99516,0,0.458093
2.68333,3230.36,211.272,5753.61,1.20659,6.99557,0,0.458093
2.7,3230.33,211.264,5754.51,1.20658,6.99598,0,0.458093
2.71667,3230.31,211.257,5755.41,1.20657,6.99639,0,0.458093
2.73333,3230.28,211.25,5756.3,1.20656,6.9968,0,0.458093
2.75,3230.26,211.243,5757.2,1.20655,6.99721,0,0.458093
2.76667,3230.23,211.236,5758.1,1.20654,6.99762,0,0.458093
2.78333,3230.21,211.228,5759,1.20652,6.99803,0,0.458093
2.8,3230.18,211.221,5759.89,1.20651,6.99844,0,0.458093
2.81667,3230.16,211.214,5760.79,1.2065,6.99884,0,0.458093
2.83333,3230.13,211.207,5761.69,1.20649,6.99925,0,0.458093
2.85,3230.11,211.2,5762.59,1.20648,6.99966,0,0.458093
2.86667,3230.08,211.192,5763.48,1.20647,7.00007,0,0.458093
2.88333,3230.06,211.185,5764.38,1.20646,7.00048,0,0.458093
2.9,3230.03,211.178,5765.28,1.20645,7.00089,0,0.458093
2.91667,3230.01,211.171,5766.17,1.20644,7.0013,0,0.458093
2.93333,3229.98,211.163,5767.07,1.20643,7.00171,0,0.458093
2.95,3229.96,211.156,5767.97,1.20642,7.00212,0,0.458093
2.96667,3229.94,211.149,5768.87,1.20641,7.00253,0,0.458093
2.98333,3229.91,211.142,5769.76,1.20639,7.00294,0,0.458093
3,3229.89,211.135,5770.66,1.20638,7.00335,0,0.458093
3.01667,3229.86,211.127,5771.56,1.20637,7.00376,0,0.458093
3.03333,3229.84,211.12,5772.45,1.20636,7.00417,0,0.458093
3.05,3229.82,211.113,5773.35,1.20635,7.00458,0,0.458093
3.06667,3229.79,211.106,5774.25,1.20634,7.00499,0,0.458093
3.08333,3229.77,211.098,5775.15,1.20633,7.0054,0,0.458093
3.1,3229.75,211.091,5776.04,1.20632,7.00581,0,0.458093
3.11667,3229.72,211.084,5776.94,1.20631,7.00622,0,0.458093
3.13333,3229.7,211.077,5777.84,1.20629,7.00663,0,0.458093
3.15,3229.68,211.069,5778.73,1.20628,7.00704,0,0.458093
3.16667,3229.65,211.062,5779.63,1.20627,7.00745,0,0.458093
3.18333,3229.63,211.055,5780.53,1.20626,7.00786,0,0.458093
3.2,3229.61,211.048,5781.43,1.20625,7.00827,0,0.458093
3.21667,3229.58,211.04,5782.32,1.20624,7.00868,0,0.458093
3.23333,3229.56,211.033,5783.22,1.20623,7.00909,0,0.458093
3.25,3229.54,211.026,5784.12,1.20621,7.0095,0,0.458093
3.26667,3229.51,211.019,5785.01,1.2062,7.00991,0,0.458093
3.28333,3229.49,211.011,5785.91,1.20619,7.01032,0,0.458093
3.3,3229.47,211.004,5786.81,1.20618,7.01073,0,0.458093
3.31667,3229.45,210.997,5787.71,1.20617,7.01114,0,0.458093
3.33333,3229.42,210.99,5788.6,1.20616,7.01155,0,0.458093
3.35,3229.4,210.982,5789.5,1.20615,7.01196,0,0.458093
3.36667,3229.38,210.975,5790.4,1.20613,7.01237,0,0.458093
3.38333,3229.36,210.968,5791.29,1.20612,7.01278,0,0.458093
3.4,3229.34,210.961,5792.19,1.20611,7.01319,0,0.458093
3.41667,3229.31,210.953,5793.09,1.2061,7.0136,0,0.458093
3.43333,3229.29,210.946,5793.98,1.20609,7.01401,0,0.458093
3.45,3229.27,210.939,5794.88,1.20608,7.01442,0,0.458093
3.46667,3229.25,210.931,5795.78,1.20606,7.01483,0,0.458093
3.48333,3229.23,210.924,5796.68,1.20605,7.01524,0,0.458093
3.5,3229.2,210.917,5797.57,1.20604,7.01565,0,0.458093
3.51667,3229.18,210.91,5798.47,1.20603,7.01606,0,0.458093
3.53333,3229.16,210.902,5799.37,1.20602,7.01647,0,0.458093
3.55,3229.14,210.895,5800.26,1.20601,7.01688,0,0.458093
3.56667,3229.12,210.888,5801.16,1.20599,7.01729,0,0.458093
3.58333,3229.1,210.88,5802.06,1.20598,7.0177,0,0.458093
3.6,3229.08,210.873,5802.95,1.20597,7.01811,0,0.458093
3.61667,3229.05,210.866,5803.85,1.20596,7.01852,0,0.458093
3.63333,3229.03,210.859,5804.75,1.20595,7.01893,0,0.458093
3.65,3229.01,210.851,5805.65,1.20593,7.01934,0,0.458093
3.66667,3228.99,210.844,5806.54,1.20592,7.01975,0,0.458093
3.68333,3228.97,210.837,5807.44,1.20591,7.02016,0,0.458093
3.7,3228.95,210.829,5808.34,1.2059,7.02057,0,0.458093
3.71667,3228.93,210.822,5809.23,1.20589,7.02098,0,0.458093
3.73333,3228.91,210.815,5810.13,1.20587,7.02139,0,0.458093
3.75,3228.88,210.808,5811.03,1.20586,7.0218,0,0.458093
3.76667,3228.86,210.8,5811.92,1.20585,7.02222,0,0.458093
3.78333,3228.84,210.793,5812.82,1.20584,7.02263,0,0.458093
3.8,3228.82,210.786,5813.72,1.20583,7.02304,0,0.458093
3.81667,3228.8,210.778,5814.61,1.20581,7.02345,0,0.458093
3.83333,3228.78,210.771,5815.51,1.2058,7.02386,0,0.458093
3.85,3228.76,210.764,5816.41,1.20579,7.02427,0,0.458093
3.86667,3228.74,210.756,5817.31,1.20578,7.02468,0,0.458093
3.88333,3228.72,210.749,5818.2,1.20577,7.02509,0,0.458093
3.9,3228.7,210.742,5819.1,1.20575,7.0255,0,0.458093
3.91667,3228.68,210.734,5820,1.20574,7.02592,0,0.458093
3.93333,3228.66,210.727,5820.89,1.20573,7.02633,0,0.458093
3.95,3228.64,210.72,5821.79,1.20572,7.02674,0,0.458093
3.96667,3228.62,210.712,5822.69,1.2057,7.02715,0,0.458093
3.98333,3228.6,210.705,5823.58,1.20569,7.02756,0,0.458093
4,3228.58,210.698,5824.48,1.20568,7.02797,0,0.458093
4.01667,3228.56,210.69,5825.38,1.20567,7.02838,0,0.458093
4.03333,3228.54,210.683,5826.27,1.20566,7.0288,0,0.458093
4.05,3228.52,210.676,5827.17,1.20564,7.02921,0,0.458093
4.06667,3228.5,210.668,5828.07,1.20563,7.02962,0,0.458093
4.08333,3228.47,210.661,5828.96,1.20562,7.03003,0,0.458093
4.1,3228.45,210.654,5829.86,1.20561,7.03044,0,0.458093
4.11667,3228.43,210.646,5830.76,1.20559,7.03086,0,0.458093
4.13333,3228.41,210.639,5831.65,1.20558,7.03127,0,0.458093
4.15,3228.39,210.632,5832.55,1.20557,7.03168,0,0.458093
4.16667,3228.37,210.624,5833.45,1.20556,7.03209,0,0.458093
4.18333,3228.35,210.617,5834.35,1.20554,7.0325,0,0.458093
4.2,3228.33,210.61,5835.24,1.20553,7.03292,0,0.458093
4.21667,3228.31,210.602,5836.14,1.20552,7.03333,0,0.458093
4.23333,3228.3,210.595,5837.04,1.20551,7.03374,0,0.458093
4.25,3228.28,210.588,5837.93,1.20549,7.03415,0,0.458093
4.26667,3228.26,210.58,5838.83,1.20548,7.03457,0,0.458093
4.28333,3228.24,210.573,5839.73,1.20547,7.03498,0,0.458093
4.3,3228.22,210.565,5840.62,1.20546,7.03539,0,0.458093
4.31667,3228.2,210.558,5841.52,1.20544,7.03581,0,0.458093
4.33333,3228.18,210.551,5842.42,1.20543,7.03622,0,0.458093
4.35,3228.16,210.543,5843.31,1.20542,7.03663,0,0.458093
4.36667,3228.14,210.536,5844.21,1.20541,7.03704,0,0.458093
4.38333,3228.12,210.529,5845.11,1.20539,7.03746,0,0.458093
4.4,3228.1,210.521,5846,1.20538,7.03787,0,0.458093
4.41667,3228.08,210.514,5846.9,1.20537,7.03828,0,0.458093
4.43333,3228.06,210.507,5847.8,1.20536,7.0387,0,0.458093
4.45,3228.04,210.499,5848.69,1.20534,7.03911,0,0.458093
4.46667,3228.02,210.492,5849.59,1.20533,7.03952,0,0.458093
4.48333,3228,210.484,5850.49,1.20532,7.03994,0,0.458093
4.5,3227.98,210.477,5851.38,1.20531,7.04035,0,0.458093
4.51667,3227.96,210.47,5852.28,1.20529,7.04077,0,0.458093
4.53333,3227.94,210.462,5853.18,1.20528,7.04118,0,0.458093
4.55,3227.92,210.455,5854.07,1.20527,7.04159,0,0.458093
4.56667,3227.9,210.447,5854.97,1.20525,7.04201,0,0.458093
4.58333,3227.88,210.44,5855.87,1.20524,7.04242,0,0.458093
4.6,3227.86,210.433,5856.76,1.20523,7.04284,0,0.458093
4.61667,3227.84,210.425,5857.66,1.20522,7.04325,0,0.458093
4.63333,3227.82,210.418,5858.56,1.2052,7.04366,0,0.458093
4.65,3227.8,210.41,5859.45,1.20519,7.04408,0,0.458093
4.66667,3227.79,210.403,5860.35,1.20518,7.04449,0,0.458093
4.68333,3227.77,210.396,5861.25,1.20517,7.04491,0,0.458093
4.7,3227.75,210.388,5862.14,1.20515,7.04532,0,0.458093
4.71667,3227.73,210.381,5863.04,1.20514,7.04574,0,0.458093
4.73333,3227.71,210.373,5863.94,1.20513,7.04615,0,0.458093
4.75,3227.69,210.366,5864.83,1.20511,7.04657,0,0.458093
4.76667,3227.67,210.359,5865.73,1.2051,7.04698,0,0.458093
4.78333,3227.65,210.351,5866.63,1.20509,7.0474,0,0.458093
4.8,3227.63,210.344,5867.52,1.20508,7.04781,0,0.458093
4.81667,3227.61,210.336,5868.42,1.20506,7.04823,0,0.458093
4.83333,3227.59,210.329,5869.31,1.20505,7.04864,0,0.458093
4.85,3227.57,210.322,5870.21,1.20504,7.04906,0,0.458093
4.86667,3227.55,210.314,5871.11,1.20502,7.04947,0,0.458093
4.88333,3227.53,210.307,5872,1.20501,7.04989,0,0.458093
4.9,3227.51,210.299,5872.9,1.205,7.05031,0,0.458093
4.91667,3227.49,210.292,5873.8,1.20499,7.05072,0,0.458093
4.93333,3227.48,210.284,5874.69,1.20497,7.05114,0,0.458093
4.95,3227.46,210.277,5875.59,1.20496,7.05155,0,0.458093
4.96667,3227.44,210.27,5876.49,1.20495,7.05197,0,0.458093
4.98333,3227.42,210.262,5877.38,1.20493,7.05239,0,0.458093
5,3227.4,210.255,5878.28,1.20492,7.0528,0,0.458093
5.01667,3227.38,210.247,5879.18,1.20491,7.05322,0,0.458093
5.03333,3227.36,210.24,5880.07,1.20489,7.05363,0,0.458093
5.05,3227.34,210.232,5880.97,1.20488,7.05405,0,0.458093
5.06667,3227.32,210.225,5881.87,1.20487,7.05447,0,0.458093
5.08333,3227.3,210.218,5882.76,1.20486,7.05488,0,0.458093
5.1,3227.28,210.21,5883.66,1.20484,7.0553,0,0.458093
5.11667,3227.26,210.203,5884.56,1.20483,7.05572,0,0.458093
5.13333,3227.24,210.195,5885.45,1.20482,7.05614,0,0.458093
5.15,3227.22,210.188,5886.35,1.2048,7.05655,0,0.458093
5.16667,3227.2,210.18,5887.24,1.20479,7.05697,0,0.458093
5.18333,3227.19,210.173,5888.14,1.20478,7.05739,0,0.458093
5.2,3227.17,210.165,5889.04,1.20476,7.05781,0,0.458093
5.21667,3227.15,210.158,5889.93,1.20475,7.05822,0,0.458093
5.23333,3227.13,210.15,5890.83,1.20474,7.05864,0,0.458093
5.25,3227.11,210.143,5891.73,1.20472,7.05906,0,0.458093
5.26667,3227.09,210.136,5892.62,1.20471,7.05948,0,0.458093
5.28333,3227.07,210.128,5893.52,1.2047,7.05989,0,0.458093
5.3,3227.05,210.121,5894.42,1.20468,7.06031,0,0.458093
5.31667,3227.03,210.113,5895.31,1.20467,7.06073,0,0.458093
5.33333,3227.01,210.106,5896.21,1.20466,7.06115,0,0.458093
5.35,3226.99,210.098,5897.11,1.20465,7.06157,0,0.458093
5.36667,3226.97,210.091,5898,1.20463,7.06199,0,0.458093
5.38333,3226.95,210.083,5898.9,1.20462,7.0624,0,0.458093
5.4,3226.93,210.076,5899.79,1.20461,7.06282,0,0.458093
5.41667,3226.91,210.068,5900.69,1.20459,7.06324,0,0.458093
5.43333,3226.89,210.061,5901.59,1.20458,7.06366,0,0.458093
5.45,3226.88,210.053,5902.48,1.20457,7.06408,0,0.458093
5.46667,3226.86,210.046,5903.38,1.20455,7.0645,0,0.458093
5.48333,3226.84,210.038,5904.28,1.20454,7.06492,0,0.458093
5.5,3226.82,210.031,5905.17,1.20453,7.06534,0,0.458093
5.51667,3226.8,210.023,5906.07,1.20451,7.06576,0,0.458093
5.53333,3226.78,210.016,5906.97,1.2045,7.06618,0,0.458093
5.55,3226.76,210.008,5907.86,1.20449,7.0666,0,0.458093
5.56667,3226.74,210.001,5908.76,1.20447,7.06702,0,0.458093
5.58333,3226.72,209.993,5909.65,1.20446,7.06744,0,0.458093
5.6,3226.7,209.986,5910.55,1.20445,7.06786,0,0.458093
5.61667,3226.68,209.978,5911.45,1.20443,7.06828,0,0.458093
5.63333,3226.66,209.971,5912.34,1.20442,7.0687,0,0.458093
5.65,3226.64,209.963,5913.24,1.20441,7.06912,0,0.458093
5.66667,3226.62,209.956,5914.14,1.20439,7.06954,0,0.458093
5.68333,3226.6,209.948,5915.03,1.20438,7.06996,0,0.458093
5.7,3226.58,209.941,5915.93,1.20437,7.07038,0,0.458093
5.71667,3226.56,209.933,5916.82,1.20435,7.0708,0,0.458093
5.73333,3226.54,209.926,5917.72,1.20434,7.07122,0,0.458093
5.75,3226.52,209.918,5918.62,1.20433,7.07164,0,0.458093
5.76667,3226.5,209.911,5919.51,1.20431,7.07206,0,0.458093
5.78333,3226.48,209.903,5920.41,1.2043,7.07248,0,0.458093
5.8,3226.46,209.896,5921.31,1.20429,7.07291,0,0.458093
5.81667,3226.44,209.888,5922.2,1.20427,7.07333,0,0.458093
5.83333,3226.43,209.881,5923.1,1.20426,7.07375,0,0.458093
5.85,3226.41,209.873,5923.99,1.20425,7.07417,0,0.458093
5.86667,3226.39,209.866,5924.89,1.20423,7.07459,0,0.458093
5.88333,3226.37,209.858,5925.79,1.20422,7.07501,0,0.458093
5.9,3226.35,209.851,5926.68,1.20421,7.07544,0,0.458093
5.91667,3226.33,209.843,5927.58,1.20419,7.07586,0,0.458093
5.93333,3226.31,209.836,5928.48,1.20418,7.07628,0,0.458093
5.95,3226.29,209.828,5929.37,1.20417,7.0767,0,0.458093
5.96667,3226.27,209.821,5930.27,1.20415,7.07713,0,0.458093
5.98333,3226.25,209.813,5931.16,1.20414,7.07755,0,0.458093
6,3226.23,209.806,5932.06,1.20413,7.07797,0,0.458093
6.01667,3226.21,209.798,5932.96,1.20411,7.0784,0,0.458093
6.03333,3226.19,209.79,5933.85,1.2041,7.07882,0,0.458093
6.05,3226.17,209.783,5934.75,1.20409,7.07924,0,0.458093
6.06667,3226.15,209.775,5935.64,1.20407,7.07966,0,0.458093
6.08333,3226.13,209.768,5936.54,1.20406,7.08009,0,0.458093
6.1,3226.11,209.76,5937.44,1.20404,7.08051,0,0.458093
6.11667,3226.09,209.753,5938.33,1.20403,7.08094,0,0.458093
6.13333,3226.07,209.745,5939.23,1.20402,7.08136,0,0.458093
6.15,3226.05,209.738,5940.13,1.204,7.08178,0,0.458093
6.16667,3226.03,209.73,5941.02,1.20399,7.08221,0,0.458093
6.18333,3226.01,209.723,5941.92,1.20398,7.08263,0,0.458093
6.2,3225.99,209.715,5942.81,1.20396,7.08306,0,0.458093
6.21667,3225.97,209.707,5943.71,1.20395,7.08348,0,0.458093
6.23333,3225.95,209.7,5944.61,1.20394,7.0839,0,0.458093
6.25,3225.93,209.692,5945.5,1.20392,7.08433,0,0.458093
6.26667,3225.91,209.685,5946.4,1.20391,7.08475,0,0.458093
6.28333,3225.89,209.677,5947.29,1.2039,7.08518,0,0.458093
6.3,3225.87,209.67,5948.19,1.20388,7.0856,0,0.458093
6.31667,3225.85,209.662,5949.09,1.20387,7.08603,0,0.458093
6.33333,3225.83,209.654,5949.98,1.20386,7.08645,0,0.458093
6.35,3225.81,209.647,5950.88,1.20384,7.08688,0,0.458093
6.36667,3225.78,209.639,5951.77,1.20383,7.0873,0,0.458093
6.38333,3225.76,209.632,5952.67,1.20382,7.08773,0,0.458093
6.4,3225.74,209.624,5953.57,1.2038,7.08816,0,0.458093
6.41667,3225.72,209.617,5954.46,1.20379,7.08858,0,0.458093
6.43333,3225.7,209.609,5955.36,1.20377,7.08901,0,0.458093
6.45,3225.68,209.601,5956.25,1.20376,7.08943,0,0.458093
6.46667,3225.66,209.594,5957.15,1.20375,7.08986,0,0.458093
6.48333,3225.64,209.586,5958.05,1.20373,7.09029,0,0.458093
6.5,3225.62,209.579,5958.94,1.20372,7.09071,0,0.458093
6.51667,3225.6,209.571,5959.84,1.20371,7.09114,0,0.458093
6.53333,3225.58,209.564,5960.73,1.20369,7.09157,0,0.458093
6.55,3225.56,209.556,5961.63,1.20368,7.09199,0,0.458093
6.56667,3225.54,209.548,5962.53,1.20367,7.09242,0,0.458093
6.58333,3225.52,209.541,5963.42,1.20365,7.09285,0,0.458093
6.6,3225.5,209.533,5964.32,1.20364,7.09327,0,0.458093
6.61667,3225.48,209.526,5965.21,1.20362,7.0937,0,0.458093
6.63333,3225.46,209.518,5966.11,1.20361,7.09413,0,0.458093
6.65,3225.44,209.51,5967.01,1.2036,7.09456,0,0.458093
6.66667,3225.42,209.503,5967.9,1.20358,7.09498,0,0.458093
6.68333,3225.39,209.495,5968.8,1.20357,7.09541,0,0.458093
6.7,3225.37,209.488,5969.69,1.20356,7.09584,0,0.458093
6.71667,3225.35,209.48,5970.59,1.20354,7.09627,0,0.458093
6.73333,3225.33,209.472,5971.49,1.20353,7.0967,0,0.458093
6.75,3225.31,209.465,5972.38,1.20352,7.09712,0,0.458093
6.76667,3225.29,209.457,5973.28,1.2035,7.09755,0,0.458093
6.78333,3225.27,209.449,5974.17,1.20349,7.09798,0,0.458093
6.8,3225.25,209.442,5975.07,1.20347,7.09841,0,0.458093
6.81667,3225.23,209.434,5975.97,1.20346,7.09884,0,0.458093
6.83333,3225.21,209.427,5976.86,1.20345,7.09927,0,0.458093
6.85,3225.19,209.419,5977.76,1.20343,7.0997,0,0.458093
6.86667,3225.17,209.411,5978.65,1.20342,7.10013,0,0.458093
6.88333,3225.14,209.404,5979.55,1.20341,7.10056,0,0.458093
6.9,3225.12,209.396,5980.45,1.20339,7.10099,0,0.458093
6.91667,3225.1,209.389,5981.34,1.20338,7.10141,0,0.458093
6.93333,3225.08,209.381,5982.24,1.20337,7.10184,0,0.458093
6.95,3225.06,209.373,5983.13,1.20335,7.10227,0,0.458093
6.96667,3225.04,209.366,5984.03,1.20334,7.1027,0,0.458093
6.98333,3225.02,209.358,5984.92,1.20332,7.10313,0,0.458093
7,3225,209.35,5985.82,1.20331,7.10356,0,0.458093
7.01667,3224.97,209.343,5986.72,1.2033,7.104,0,0.458093
7.03333,3224.95,209.335,5987.61,1.20328,7.10443,0,0.458093
7.05,3224.93,209.327,5988.51,1.20327,7.10486,0,0.458093
7.06667,3224.91,209.32,5989.4,1.20326,7.10529,0,0.458093
7.08333,3224.89,209.312,5990.3,1.20324,7.10572,0,0.458093
7.1,3224.87,209.305,5991.2,1.20323,7.10615,0,0.458093
7.11667,3224.85,209.297,5992.09,1.20321,7.10658,0,0.458093
7.13333,3224.83,209.289,5992.99,1.2032,7.10701,0,0.458093
7.15,3224.8,209.282,5993.88,1.20319,7.10744,0,0.458093
7.16667,3224.78,209.274,5994.78,1.20317,7.10787,0,0.458093
7.18333,3224.76,209.266,5995.67,1.20316,7.10831,0,0.458093
7.2,3224.74,209.259,5996.57,1.20315,7.10874,0,0.458093
7.21667,3224.72,209.251,5997.47,1.20313,7.10917,0,0.458093
7.23333,3224.7,209.243,5998.36,1.20312,7.1096,0,0.458093
7.25,3224.67,209.236,5999.26,1.2031,7.11003,0,0.458093
7.26667,3224.65,209.228,6000.15,1.20309,7.11047,0,0.458093
7.28333,3224.63,209.22,6001.05,1.20308,7.1109,0,0.458093
7.3,3224.61,209.213,6001.94,1.20306,7.11133,0,0.458093
7.31667,3224.59,209.205,6002.84,1.20305,7.11176,0,0.458093
7.33333,3224.57,209.197,6003.74,1.20304,7.1122,0,0.458093
7.35,3224.54,209.19,6004.63,1.20302,7.11263,0,0.458093
7.36667,3224.52,209.182,6005.53,1.20301,7.11306,0,0.458093
7.38333,3224.5,209.174,6006.42,1.20299,7.1135,0,0.458093
7.4,3224.48,209.167,6007.32,1.20298,7.11393,0,0.458093
7.41667,3224.46,209.159,6008.21,1.20297,7.11436,0,0.458093
7.43333,3224.44,209.151,6009.11,1.20295,7.1148,0,0.458093
7.45,3224.41,209.144,6010.01,1.20294,7.11523,0,0.458093
7.46667,3224.39,209.136,6010.9,1.20293,7.11567,0,0.458093
7.48333,3224.37,209.128,6011.8,1.20291,7.1161,0,0.458093
7.5,3224.35,209.121,6012.69,1.2029,7.11653,0,0.458093
7.51667,3224.33,209.113,6013.59,1.20288,7.11697,0,0.458093
7.53333,3224.3,209.105,6014.48,1.20287,7.1174,0,0.458093
7.55,3224.28,209.097,6015.38,1.20286,7.11784,0,0.458093
7.56667,3224.26,209.09,6016.28,1.20284,7.11827,0,0.458093
7.58333,3224.24,209.082,6017.17,1.20283,7.11871,0,0.458093
7.6,3224.21,209.074,6018.07,1.20281,7.11914,0,0.458093
7.61667,3224.19,209.067,6018.96,1.2028,7.11958,0,0.458093
7.63333,3224.17,209.059,6019.86,1.20279,7.12001,0,0.458093
7.65,3224.15,209.051,6020.75,1.20277,7.12045,0,0.458093
7.66667,3224.13,209.044,6021.65,1.20276,7.12088,0,0.458093
7.68333,3224.1,209.036,6022.54,1.20275,7.12132,0,0.458093
7.7,3224.08,209.028,6023.44,1.20273,7.12175,0,0.458093
7.71667,3224.06,209.02,6024.34,1.20272,7.12219,0,0.458093
7.73333,3224.04,209.013,6025.23,1.2027,7.12263,0,0.458093
7.75,3224.01,209.005,6026.13,1.20269,7.12306,0,0.458093
7.76667,3223.99,208.997,6027.02,1.20268,7.1235,0,0.458093
7.78333,3223.97,208.99,6027.92,1.20266,7.12394,0,0.458093
7.8,3223.95,208.982,6028.81,1.20265,7.12437,0,0.458093
7.81667,3223.92,208.974,6029.71,1.20263,7.12481,0,0.458093
7.83333,3223.9,208.966,6030.6,1.20262,7.12525,0,0.458093
7.85,3223.88,208.959,6031.5,1.20261,7.12568,0,0.458093
7.86667,3223.86,208.951,6032.4,1.20259,7.12612,0,0.458093
7.88333,3223.83,208.943,6033.29,1.20258,7.12656,0,0.458093
7.9,3223.81,208.936,6034.19,1.20257,7.12699,0,0.458093
7.91667,3223.79,208.928,6035.08,1.20255,7.12743,0,0.458093
7.93333,3223.77,208.92,6035.98,1.20254,7.12787,0,0.458093
7.95,3223.74,208.912,6036.87,1.20252,7.12831,0,0.458093
7.96667,3223.72,208.905,6037.77,1.20251,7.12875,0,0.458093
7.98333,3223.7,208.897,6038.66,1.2025,7.12918,0,0.458093
8,3223.67,208.889,6039.56,1.20248,7.12962,0,0.458093
8.01667,3223.65,208.881,6040.46,1.20247,7.13006,0,0.458093
8.03333,3223.63,208.874,6041.35,1.20245,7.1305,0,0.458093
8.05,3223.61,208.866,6042.25,1.20244,7.13094,0,0.458093
8.06667,3223.58,208.858,6043.14,1.20243,7.13138,0,0.458093
8.08333,3223.56,208.85,6044.04,1.20241,7.13182,0,0.458093
8.1,3223.54,208.843,6044.93,1.2024,7.13225,0,0.458093
8.11667,3223.51,208.835,6045.83,1.20238,7.13269,0,0.458093
8.13333,3223.49,208.827,6046.72,1.20237,7.13313,0,0.458093
8.15,3223.47,208.819,6047.62,1.20236,7.13357,0,0.458093
8.16667,3223.44,208.812,6048.51,1.20234,7.13401,0,0.458093
8.18333,3223.42,208.804,6049.41,1.20233,7.13445,0,0.458093
8.2,3223.4,208.796,6050.3,1.20232,7.13489,0,0.458093
8.21667,3223.37,208.788,6051.2,1.2023,7.13533,0,0.458093
8.23333,3223.35,208.781,6052.1,1.20229,7.13577,0,0.458093
8.25,3223.33,208.773,6052.99,1.20227,7.13621,0,0.458093
8.26667,3223.3,208.765,6053.89,1.20226,7.13665,0,0.458093
8.28333,3223.28,208.757,6054.78,1.20225,7.13709,0,0.458093
8.3,3223.26,208.75,6055.68,1.20223,7.13753,0,0.458093
8.31667,3223.23,208.742,6056.57,1.20222,7.13797,0,0.458093
8.33333,3223.21,208.734,6057.47,1.2022,7.13842,0,0.458093
8.35,3223.19,208.726,6058.36,1.20219,7.13886,0,0.458093
8.36667,3223.16,208.719,6059.26,1.20218,7.1393,0,0.458093
8.38333,3223.14,208.711,6060.15,1.20216,7.13974,0,0.458093
8.4,3223.12,208.703,6061.05,1.20215,7.14018,0,0.458093
8.41667,3223.09,208.695,6061.94,1.20213,7.14062,0,0.458093
8.43333,3223.07,208.688,6062.84,1.20212,7.14106,0,0.458093
8.45,3223.05,208.68,6063.73,1.20211,7.14151,0,0.458093
8.46667,3223.02,208.672,6064.63,1.20209,7.14195,0,0.458093
8.48333,3223,208.664,6065.53,1.20208,7.14239,0,0.458093
8.5,3222.97,208.656,6066.42,1.20206,7.14283,0,0.458093
8.51667,3222.95,208.649,6067.32,1.20205,7.14327,0,0.458093
8.53333,3222.93,208.641,6068.21,1.20204,7.14372,0,0.458093
8.55,3222.9,208.633,6069.11,1.20202,7.14416,0,0.458093
8.56667,3222.88,208.625,6070,1.20201,7.1446,0,0.458093
8.58333,3222.86,208.617,6070.9,1.20199,7.14505,0,0.458093
8.6,3222.83,208.61,6071.79,1.20198,7.14549,0,0.458093
8.61667,3222.81,208.602,6072.69,1.20197,7.14593,0,0.458093
8.63333,3222.78,208.594,6073.58,1.20195,7.14638,0,0.458093
8.65,3222.76,208.586,6074.48,1.20194,7.14682,0,0.458093
8.66667,3222.74,208.578,6075.37,1.20192,7.14726,0,0.458093
8.68333,3222.71,208.571,6076.27,1.20191,7.14771,0,0.458093
8.7,3222.69,208.563,6077.16,1.2019,7.14815,0,0.458093
8.71667,3222.66,208.555,6078.06,1.20188,7.1486,0,0.458093
8.73333,3222.64,208.547,6078.95,1.20187,7.14904,0,0.458093
8.75,3222.62,208.539,6079.85,1.20185,7.14948,0,0.458093
8.76667,3222.59,208.532,6080.74,1.20184,7.14993,0,0.458093
8.78333,3222.57,208.524,6081.64,1.20183,7.15037,0,0.458093
8.8,3222.54,208.516,6082.53,1.20181,7.15082,0,0.458093
8.81667,3222.52,208.508,6083.43,1.2018,7.15126,0,0.458093
8.83333,3222.49,208.5,6084.32,1.20178,7.15171,0,0.458093
8.85,3222.47,208.493,6085.22,1.20177,7.15215,0,0.458093
8.86667,3222.45,208.485,6086.11,1.20176,7.1526,0,0.458093
8.88333,3222.42,208.477,6087.01,1.20174,7.15304,0,0.458093
8.9,3222.4,208.469,6087.91,1.20173,7.15349,0,0.458093
8.91667,3222.37,208.461,6088.8,1.20171,7.15394,0,0.458093
8.93333,3222.35,208.453,6089.7,1.2017,7.15438,0,0.458093
8.95,3222.32,208.446,6090.59,1.20169,7.15483,0,0.458093
8.96667,3222.3,208.438,6091.49,1.20167,7.15527,0,0.458093
8.98333,3222.27,208.43,6092.38,1.20166,7.15572,0,0.458093
9,3222.25,208.422,6093.28,1.20164,7.15617,0,0.458093
9.01667,3222.22,208.414,6094.17,1.20163,7.15661,0,0.458093
9.03333,3222.2,208.406,6095.07,1.20162,7.15706,0,0.458093
9.05,3222.18,208.399,6095.96,1.2016,7.15751,0,0.458093
9.06667,3222.15,208.391,6096.86,1.20159,7.15795,0,0.458093
9.08333,3222.13,208.383,6097.75,1.20157,7.1584,0,0.458093
9.1,3222.1,208.375,6098.65,1.20156,7.15885,0,0.458093
9.11667,3222.08,208.367,6099.54,1.20155,7.1593,0,0.458093
9.13333,3222.05,208.359,6100.44,1.20153,7.15974,0,0.458093
9.15,3222.03,208.352,6101.33,1.20152,7.16019,0,0.458093
9.16667,3222,208.344,6102.23,1.2015,7.16064,0,0.458093
9.18333,3221.98,208.336,6103.12,1.20149,7.16109,0,0.458093
9.2,3221.95,208.328,6104.02,1.20148,7.16153,0,0.458093
9.21667,3221.93,208.32,6104.91,1.20146,7.16198,0,0.458093
9.23333,3221.9,208.312,6105.81,1.20145,7.16243,0,0.458093
9.25,3221.88,208.304,6106.7,1.20143,7.16288,0,0.458093
9.26667,3221.85,208.297,6107.6,1.20142,7.16333,0,0.458093
9.28333,3221.83,208.289,6108.49,1.2014,7.16378,0,0.458093
9.3,3221.8,208.281,6109.39,1.20139,7.16423,0,0.458093
9.31667,3221.78,208.273,6110.28,1.20138,7.16468,0,0.458093
9.33333,3221.75,208.265,6111.18,1.20136,7.16512,0,0.458093
9.35,3221.73,208.257,6112.07,1.20135,7.16557,0,0.458093
9.36667,3221.7,208.249,6112.97,1.20133,7.16602,0,0.458093
9.38333,3221.67,208.242,6113.86,1.20132,7.16647,0,0.458093
9.4,3221.65,208.234,6114.76,1.20131,7.16692,0,0.458093
9.41667,3221.62,208.226,6115.65,1.20129,7.16737,0,0.458093
9.43333,3221.6,208.218,6116.55,1.20128,7.16782,0,0.458093
9.45,3221.57,208.21,6117.44,1.20126,7.16827,0,0.458093
9.46667,3221.55,208.202,6118.33,1.20125,7.16872,0,0.458093
9.48333,3221.52,208.194,6119.23,1.20124,7.16917,0,0.458093
9.5,3221.5,208.186,6120.12,1.20122,7.16962,0,0.458093
9.51667,3221.47,208.179,6121.02,1.20121,7.17008,0,0.458093
9.53333,3221.45,208.171,6121.91,1.20119,7.17053,0,0.458093
9.55,3221.42,208.163,6122.81,1.20118,7.17098,0,0.458093
9.56667,3221.39,208.155,6123.7,1.20117,7.17143,0,0.458093
9.58333,3221.37,208.147,6124.6,1.20115,7.17188,0,0.458093
9.6,3221.34,208.139,6125.49,1.20114,7.17233,0,0.458093
9.61667,3221.32,208.131,6126.39,1.20112,7.17278,0,0.458093
9.63333,3221.29,208.123,6127.28,1.20111,7.17324,0,0.458093
9.65,3221.27,208.115,6128.18,1.20109,7.17369,0,0.458093
9.66667,3221.24,208.108,6129.07,1.20108,7.17414,0,0.458093
9.68333,3221.21,208.1,6129.97,1.20107,7.17459,0,0.458093
9.7,3221.19,208.092,6130.86,1.20105,7.17504,0,0.458093
9.71667,3221.16,208.084,6131.76,1.20104,7.1755,0,0.458093
9.73333,3221.14,208.076,6132.65,1.20102,7.17595,0,0.458093
9.75,3221.11,208.068,6133.55,1.20101,7.1764,0,0.458093
9.76667,3221.09,208.06,6134.44,1.201,7.17685,0,0.458093
9.78333,3221.06,208.052,6135.34,1.20098,7.17731,0,0.458093
9.8,3221.03,208.044,6136.23,1.20097,7.17776,0,0.458093
9.81667,3221.01,208.036,6137.13,1.20095,7.17821,0,0.458093
9.83333,3220.98,208.029,6138.02,1.20094,7.17867,0,0.458093
9.85,3220.95,208.021,6138.92,1.20093,7.17912,0,0.458093
9.86667,3220.93,208.013,6139.81,1.20091,7.17957,0,0.458093
9.88333,3220.9,208.005,6140.7,1.2009,7.18003,0,0.458093
9.9,3220.88,207.997,6141.6,1.20088,7.18048,0,0.458093
9.91667,3220.85,207.989,6142.49,1.20087,7.18094,0,0.458093
9.93333,3220.82,207.981,6143.39,1.20085,7.18139,0,0.458093
9.95,3220.8,207.973,6144.28,1.20084,7.18185,0,0.458093
9.96667,3220.77,207.965,6145.18,1.20083,7.1823,0,0.458093
9.98333,3220.75,207.957,6146.07,1.20081,7.18275,0,0.458093
10,3220.72,207.949,6146.97,1.2008,7.18321,0,0.458093
10.0167,3220.69,207.941,6147.86,1.20078,7.18366,0,0.458093
10.0333,3220.67,207.934,6148.76,1.20077,7.18412,0,0.458093
10.05,3220.64,207.926,6149.65,1.20076,7.18457,0,0.458093
10.0667,3220.61,207.918,6150.55,1.20074,7.18503,0,0.458093
10.0833,3220.59,207.91,6151.44,1.20073,7.18549,0,0.458093
10.1,3220.56,207.902,6152.33,1.20071,7.18594,0,0.458093
10.1167,3220.53,207.894,6153.23,1.2007,7.1864,0,0.458093
10.1333,3220.51,207.886,6154.12,1.20068,7.18685,0,0.458093
10.15,3220.48,207.878,6155.02,1.20067,7.18731,0,0.458093
10.1667,3220.45,207.87,6155.91,1.20066,7.18777,0,0.458093
10.1833,3220.43,207.862,6156.81,1.20064,7.18822,0,0.458093
10.2,3220.4,207.854,6157.7,1.20063,7.18868,0,0.458093
10.2167,3220.37,207.846,6158.6,1.20061,7.18914,0,0.458093
10.2333,3220.35,207.838,6159.49,1.2006,7.18959,0,0.458093
10.25,3220.32,207.83,6160.39,1.20059,7.19005,0,0.458093
10.2667,3220.29,207.822,6161.28,1.20057,7.19051,0,0.458093
10.2833,3220.27,207.814,6162.18,1.20056,7.19096,0,0.458093
10.3,3220.24,207.806,6163.07,1.20054,7.19142,0,0.458093
10.3167,3220.21,207.798,6163.96,1.20053,7.19188,0,0.458093
10.3333,3220.19,207.791,6164.86,1.20051,7.19234,0,0.458093
10.35,3220.16,207.783,6165.75,1.2005,7.19279,0,0.458093
10.3667,3220.13,207.775,6166.65,1.20049,7.19325,0,0.458093
10.3833,3220.1,207.767,6167.54,1.20047,7.19371,0,0.458093
10.4,3220.08,207.759,6168.44,1.20046,7.19417,0,0.458093
10.4167,3220.05,207.751,6169.33,1.20044,7.19463,0,0.458093
10.4333,3220.02,207.743,6170.23,1.20043,7.19509,0,0.458093
10.45,3220,207.735,6171.12,1.20042,7.19554,0,0.458093
10.4667,3219.97,207.727,6172.01,1.2004,7.196,0,0.458093
10.4833,3219.94,207.719,6172.91,1.20039,7.19646,0,0.458093
10.5,3219.91,207.711,6173.8,1.20037,7.19692,0,0.458093
10.5167,3219.89,207.703,6174.7,1.20036,7.19738,0,0.458093
10.5333,3219.86,207.695,6175.59,1.20034,7.19784,0,0.458093
10.55,3219.83,207.687,6176.49,1.20033,7.1983,0,0.458093
10.5667,3219.81,207.679,6177.38,1.20032,7.19876,0,0.458093
10.5833,3219.78,207.671,6178.28,1.2003,7.19922,0,0.458093
10.6,3219.75,207.663,6179.17,1.20029,7.19968,0,0.458093
10.6167,3219.72,207.655,6180.06,1.20027,7.20014,0,0.458093
10.6333,3219.7,207.647,6180.96,1.20026,7.2006,0,0.458093
10.65,3219.67,207.639,6181.85,1.20024,7.20106,0,0.458093
10.6667,3219.64,207.631,6182.75,1.20023,7.20152,0,0.458093
10.6833,3219.61,207.623,6183.64,1.20022,7.20198,0,0.458093
10.7,3219.59,207.615,6184.54,1.2002,7.20244,0,0.458093
10.7167,3219.56,207.607,6185.43,1.20019,7.2029,0,0.458093
10.7333,3219.53,207.599,6186.32,1.20017,7.20336,0,0.458093
10.75,3219.5,207.591,6187.22,1.20016,7.20382,0,0.458093
10.7667,3219.47,207.583,6188.11,1.20014,7.20429,0,0.458093
10.7833,3219.45,207.575,6189.01,1.20013,7.20475,0,0.458093
10.8,3219.42,207.567,6189.9,1.20012,7.20521,0,0.458093
10.8167,3219.39,207.559,6190.8,1.2001,7.20567,0,0.458093
10.8333,3219.36,207.551,6191.69,1.20009,7.20613,0,0.458093
10.85,3219.34,207.543,6192.58,1.20007,7.20659,0,0.458093
10.8667,3219.31,207.535,6193.48,1.20006,7.20706,0,0.458093
10.8833,3219.28,207.527,6194.37,1.20005,7.20752,0,0.458093
10.9,3219.25,207.519,6195.27,1.20003,7.20798,0,0.458093
10.9167,3219.22,207.511,6196.16,1.20002,7.20844,0,0.458093
10.9333,3219.2,207.503,6197.06,1.2,7.20891,0,0.458093
10.95,3219.17,207.495,6197.95,1.19999,7.20937,0,0.458093
10.9667,3219.14,207.487,6198.84,1.19997,7.20983,0,0.458093
10.9833,3219.11,207.479,6199.74,1.19996,7.2103,0,0.458093
11,3219.08,207.471,6200.63,1.19995,7.21076,0,0.458093
11.0167,3219.06,207.463,6201.53,1.19993,7.21122,0,0.458093
11.0333,3219.03,207.455,6202.42,1.19992,7.21169,0,0.458093
11.05,3219,207.447,6203.31,1.1999,7.21215,0,0.458093
11.0667,3218.97,207.439,6204.21,1.19989,7.21261,0,0.458093
11.0833,3218.94,207.431,6205.1,1.19987,7.21308,0,0.458093
11.1,3218.92,207.423,6206,1.19986,7.21354,0,0.458093
11.1167,3218.89,207.415,6206.89,1.19985,7.21401,0,0.458093
11.1333,3218.86,207.407,6207.79,1.19983,7.21447,0,0.458093
11.15,3218.83,207.399,6208.68,1.19982,7.21494,0,0.458093
11.1667,3218.8,207.391,6209.57,1.1998,7.2154,0,0.458093
11.1833,3218.77,207.383,6210.47,1.19979,7.21587,0,0.458093
11.2,3218.75,207.375,6211.36,1.19977,7.21633,0,0.458093
11.2167,3218.72,207.367,6212.26,1.19976,7.2168,0,0.458093
11.2333,3218.69,207.358,6213.15,1.19975,7.21726,0,0.458093
11.25,3218.66,207.35,6214.04,1.19973,7.21773,0,0.458093
11.2667,3218.63,207.342,6214.94,1.19972,7.21819,0,0.458093
11.2833,3218.6,207.334,6215.83,1.1997,7.21866,0,0.458093
11.3,3218.57,207.326,6216.73,1.19969,7.21912,0,0.458093
11.3167,3218.55,207.318,6217.62,1.19967,7.21959,0,0.458093
11.3333,3218.52,207.31,6218.51,1.19966,7.22006,0,0.458093
11.35,3218.49,207.302,6219.41,1.19965,7.22052,0,0.458093
11.3667,3218.46,207.294,6220.3,1.19963,7.22099,0,0.458093
11.3833,3218.43,207.286,6221.2,1.19962,7.22146,0,0.458093
11.4,3218.4,207.278,6222.09,1.1996,7.22192,0,0.458093
11.4167,3218.37,207.27,6222.98,1.19959,7.22239,0,0.458093
11.4333,3218.34,207.262,6223.88,1.19957,7.22286,0,0.458093
11.45,3218.32,207.254,6224.77,1.19956,7.22332,0,0.458093
11.4667,3218.29,207.246,6225.67,1.19955,7.22379,0,0.458093
11.4833,3218.26,207.238,6226.56,1.19953,7.22426,0,0.458093
11.5,3218.23,207.23,6227.45,1.19952,7.22473,0,0.458093
11.5167,3218.2,207.222,6228.35,1.1995,7.22519,0,0.458093
11.5333,3218.17,207.213,6229.24,1.19949,7.22566,0,0.458093
11.55,3218.14,207.205,6230.14,1.19947,7.22613,0,0.458093
11.5667,3218.11,207.197,6231.03,1.19946,7.2266,0,0.458093
11.5833,3218.08,207.189,6231.92,1.19945,7.22707,0,0.458093
11.6,3218.06,207.181,6232.82,1.19943,7.22753,0,0.458093
11.6167,3218.03,207.173,6233.71,1.19942,7.228,0,0.458093
11.6333,3218,207.165,6234.61,1.1994,7.22847,0,0.458093
11.65,3217.97,207.157,6235.5,1.19939,7.22894,0,0.458093
11.6667,3217.94,207.149,6236.39,1.19937,7.22941,0,0.458093
11.6833,3217.91,207.141,6237.29,1.19936,7.22988,0,0.458093
11.7,3217.88,207.133,6238.18,1.19934,7.23035,0,0.458093
11.7167,3217.85,207.125,6239.08,1.19933,7.23082,0,0.458093
11.7333,3217.82,207.116,6239.97,1.19932,7.23129,0,0.458093
11.75,3217.79,207.108,6240.86,1.1993,7.23176,0,0.458093
11.7667,3217.76,207.1,6241.76,1.19929,7.23223,0,0.458093
11.7833,3217.73,207.092,6242.65,1.19927,7.2327,0,0.458093
11.8,3217.7,207.084,6243.54,1.19926,7.23317,0,0.458093
11.8167,3217.68,207.076,6244.44,1.19924,7.23364,0,0.458093
11.8333,3217.65,207.068,6245.33,1.19923,7.23411,0,0.458093
11.85,3217.62,207.06,6246.23,1.19922,7.23458,0,0.458093
11.8667,3217.59,207.052,6247.12,1.1992,7.23505,0,0.458093
11.8833,3217.56,207.044,6248.01,1.19919,7.23552,0,0.458093
11.9,3217.53,207.036,6248.91,1.19917,7.23599,0,0.458093
11.9167,3217.5,207.027,6249.8,1.19916,7.23646,0,0.458093
11.9333,3217.47,207.019,6250.69,1.19914,7.23693,0,0.458093
11.95,3217.44,207.011,6251.59,1.19913,7.2374,0,0.458093
11.9667,3217.41,207.003,6252.48,1.19912,7.23788,0,0.458093
11.9833,3217.38,206.995,6253.38,1.1991,7.23835,0,0.458093
12,3217.35,206.987,6254.27,1.19909,7.23882,0,0.458093
12.0167,3217.32,206.979,6255.16,1.19907,7.23929,0,0.458093
12.0333,3217.29,206.971,6256.06,1.19906,7.23976,0,0.458093
12.05,3217.26,206.963,6256.95,1.19904,7.24024,0,0.458093
12.0667,3217.23,206.954,6257.84,1.19903,7.24071,0,0.458093
12.0833,3217.2,206.946,6258.74,1.19901,7.24118,0,0.458093
12.1,3217.17,206.938,6259.63,1.199,7.24165,0,0.458093
12.1167,3217.14,206.93,6260.53,1.19899,7.24213,0,0.458093
12.1333,3217.11,206.922,6261.42,1.19897,7.2426,0,0.458093
12.15,3217.08,206.914,6262.31,1.19896,7.24307,0,0.458093
12.1667,3217.05,206.906,6263.21,1.19894,7.24355,0,0.458093
12.1833,3217.02,206.898,6264.1,1.19893,7.24402,0,0.458093
12.2,3216.99,206.889,6264.99,1.19891,7.24449,0,0.458093
12.2167,3216.96,206.881,6265.89,1.1989,7.24497,0,0.458093
12.2333,3216.93,206.873,6266.78,1.19889,7.24544,0,0.458093
12.25,3216.9,206.865,6267.67,1.19887,7.24592,0,0.458093
12.2667,3216.87,206.857,6268.57,1.19886,7.24639,0,0.458093
12.2833,3216.84,206.849,6269.46,1.19884,7.24686,0,0.458093
12.3,3216.81,206.841,6270.35,1.19883,7.24734,0,0.458093
12.3167,3216.78,206.832,6271.25,1.19881,7.24781,0,0.458093
12.3333,3216.75,206.824,6272.14,1.1988,7.24829,0,0.458093
12.35,3216.72,206.816,6273.04,1.19878,7.24876,0,0.458093
12.3667,3216.69,206.808,6273.93,1.19877,7.24924,0,0.458093
12.3833,3216.66,206.8,6274.82,1.19876,7.24971,0,0.458093
12.4,3216.63,206.792,6275.72,1.19874,7.25019,0,0.458093
12.4167,3216.6,206.784,6276.61,1.19873,7.25066,0,0.458093
12.4333,3216.57,206.775,6277.5,1.19871,7.25114,0,0.458093
12.45,3216.54,206.767,6278.4,1.1987,7.25162,0,0.458093
12.4667,3216.51,206.759,6279.29,1.19868,7.25209,0,0.458093
12.4833,3216.48,206.751,6280.18,1.19867,7.25257,0,0.458093
12.5,3216.45,206.743,6281.08,1.19865,7.25304,0,0.458093
12.5167,3216.42,206.735,6281.97,1.19864,7.25352,0,0.458093
12.5333,3216.39,206.726,6282.86,1.19863,7.254,0,0.458093
12.55,3216.36,206.718,6283.76,1.19861,7.25447,0,0.458093
12.5667,3216.32,206.71,6284.65,1.1986,7.25495,0,0.458093
12.5833,3216.29,206.702,6285.54,1.19858,7.25543,0,0.458093
12.6,3216.26,206.694,6286.44,1.19857,7.2559,0,0.458093
12.6167,3216.23,206.686,6287.33,1.19855,7.25638,0,0.458093
12.6333,3216.2,206.677,6288.22,1.19854,7.25686,0,0.458093
12.65,3216.17,206.669,6289.12,1.19853,7.25734,0,0.458093
12.6667,3216.14,206.661,6290.01,1.19851,7.25781,0,0.458093
12.6833,3216.11,206.653,6290.9,1.1985,7.25829,0,0.458093
12.7,3216.08,206.645,6291.8,1.19848,7.25877,0,0.458093
12.7167,3216.05,206.637,6292.69,1.19847,7.25925,0,0.458093
12.7333,3216.02,206.628,6293.58,1.19845,7.25973,0,0.458093
12.75,3215.99,206.62,6294.48,1.19844,7.2602,0,0.458093
12.7667,3215.96,206.612,6295.37,1.19842,7.26068,0,0.458093
12.7833,3215.92,206.604,6296.26,1.19841,7.26116,0,0.458093
12.8,3215.89,206.596,6297.16,1.1984,7.26164,0,0.458093
12.8167,3215.86,206.588,6298.05,1.19838,7.26212,0,0.458093
12.8333,3215.83,206.579,6298.94,1.19837,7.2626,0,0.458093
12.85,3215.8,206.571,6299.84,1.19835,7.26308,0,0.458093
12.8667,3215.77,206.563,6300.73,1.19834,7.26356,0,0.458093
12.8833,3215.74,206.555,6301.62,1.19832,7.26404,0,0.458093
12.9,3215.71,206.547,6302.52,1.19831,7.26452,0,0.458093
12.9167,3215.68,206.538,6303.41,1.19829,7.265,0,0.458093
12.9333,3215.65,206.53,6304.3,1.19828,7.26548,0,0.458093
12.95,3215.61,206.522,6305.2,1.19827,7.26596,0,0.458093
12.9667,3215.58,206.514,6306.09,1.19825,7.26644,0,0.458093
12.9833,3215.55,206.506,6306.98,1.19824,7.26692,0,0.458093
13,3215.52,206.497,6307.88,1.19822,7.2674,0,0.458093
13.0167,3215.49,206.489,6308.77,1.19821,7.26788,0,0.458093
13.0333,3215.46,206.481,6309.66,1.19819,7.26836,0,0.458093
13.05,3215.43,206.473,6310.56,1.19818,7.26884,0,0.458093
13.0667,3215.4,206.465,6311.45,1.19816,7.26932,0,0.458093
13.0833,3215.36,206.456,6312.34,1.19815,7.2698,0,0.458093
13.1,3215.33,206.448,6313.24,1.19814,7.27028,0,0.458093
13.1167,3215.3,206.44,6314.13,1.19812,7.27077,0,0.458093
13.1333,3215.27,206.432,6315.02,1.19811,7.27125,0,0.458093
13.15,3215.24,206.423,6315.92,1.19809,7.27173,0,0.458093
13.1667,3215.21,206.415,6316.81,1.19808,7.27221,0,0.458093
13.1833,3215.17,206.407,6317.7,1.19806,7.27269,0,0.458093
13.2,3215.14,206.399,6318.59,1.19805,7.27318,0,0.458093
13.2167,3215.11,206.391,6319.49,1.19803,7.27366,0,0.458093
13.2333,3215.08,206.382,6320.38,1.19802,7.27414,0,0.458093
13.25,3215.05,206.374,6321.27,1.198,7.27462,0,0.458093
13.2667,3215.02,206.366,6322.17,1.19799,7.27511,0,0.458093
13.2833,3214.99,206.358,6323.06,1.19798,7.27559,0,0.458093
13.3,3214.95,206.349,6323.95,1.19796,7.27607,0,0.458093
13.3167,3214.92,206.341,6324.85,1.19795,7.27656,0,0.458093
13.3333,3214.89,206.333,6325.74,1.19793,7.27704,0,0.458093
13.35,3214.86,206.325,6326.63,1.19792,7.27752,0,0.458093
13.3667,3214.83,206.316,6327.52,1.1979,7.27801,0,0.458093
13.3833,3214.79,206.308,6328.42,1.19789,7.27849,0,0.458093
13.4,3214.76,206.3,6329.31,1.19787,7.27897,0,0.458093
13.4167,3214.73,206.292,6330.2,1.19786,7.27946,0,0.458093
13.4333,3214.7,206.284,6331.1,1.19785,7.27994,0,0.458093
13.45,3214.67,206.275,6331.99,1.19783,7.28043,0,0.458093
13.4667,3214.64,206.267,6332.88,1.19782,7.28091,0,0.458093
13.4833,3214.6,206.259,6333.78,1.1978,7.2814,0,0.458093
13.5,3214.57,206.251,6334.67,1.19779,7.28188,0,0.458093
13.5167,3214.54,206.242,6335.56,1.19777,7.28237,0,0.458093
13.5333,3214.51,206.234,6336.45,1.19776,7.28285,0,0.458093
13.55,3214.48,206.226,6337.35,1.19774,7.28334,0,0.458093
13.5667,3214.44,206.218,6338.24,1.19773,7.28382,0,0.458093
13.5833,3214.41,206.209,6339.13,1.19772,7.28431,0,0.458093
13.6,3214.38,206.201,6340.03,1.1977,7.28479,0,0.458093
13.6167,3214.35,206.193,6340.92,1.19769,7.28528,0,0.458093
13.6333,3214.31,206.184,6341.81,1.19767,7.28577,0,0.458093
13.65,3214.28,206.176,6342.7,1.19766,7.28625,0,0.458093
13.6667,3214.25,206.168,6343.6,1.19764,7.28674,0,0.458093
13.6833,3214.22,206.16,6344.49,1.19763,7.28722,0,0.458093
13.7,3214.19,206.151,6345.38,1.19761,7.28771,0,0.458093
13.7167,3214.15,206.143,6346.28,1.1976,7.2882,0,0.458093
13.7333,3214.12,206.135,6347.17,1.19758,7.28869,0,0.458093
13.75,3214.09,206.127,6348.06,1.19757,7.28917,0,0.458093
13.7667,3214.06,206.118,6348.95,1.19756,7.28966,0,0.458093
13.7833,3214.02,206.11,6349.85,1.19754,7.29015,0,0.458093
13.8,3213.99,206.102,6350.74,1.19753,7.29063,0,0.458093
13.8167,3213.96,206.094,6351.63,1.19751,7.29112,0,0.458093
13.8333,3213.93,206.085,6352.53,1.1975,7.29161,0,0.458093
13.85,3213.89,206.077,6353.42,1.19748,7.2921,0,0.458093
13.8667,3213.86,206.069,6354.31,1.19747,7.29259,0,0.458093
13.8833,3213.83,206.06,6355.2,1.19745,7.29307,0,0.458093
13.9,3213.8,206.052,6356.1,1.19744,7.29356,0,0.458093
13.9167,3213.76,206.044,6356.99,1.19742,7.29405,0,0.458093
13.9333,3213.73,206.036,6357.88,1.19741,7.29454,0,0.458093
13.95,3213.7,206.027,6358.77,1.1974,7.29503,0,0.458093
13.9667,3213.67,206.019,6359.67,1.19738,7.29552,0,0.458093
13.9833,3213.63,206.011,6360.56,1.19737,7.29601,0,0.458093
14,3213.6,206.002,6361.45,1.19735,7.2965,0,0.458093
14.0167,3213.57,205.994,6362.35,1.19734,7.29699,0,0.458093
14.0333,3213.53,205.986,6363.24,1.19732,7.29748,0,0.458093
14.05,3213.5,205.978,6364.13,1.19731,7.29796,0,0.458093
14.0667,3213.47,205.969,6365.02,1.19729,7.29845,0,0.458093
14.0833,3213.44,205.961,6365.92,1.19728,7.29894,0,0.458093
14.1,3213.4,205.953,6366.81,1.19726,7.29943,0,0.458093
14.1167,3213.37,205.944,6367.7,1.19725,7.29993,0,0.458093
14.1333,3213.34,205.936,6368.59,1.19724,7.30042,0,0.458093
14.15,3213.3,205.928,6369.49,1.19722,7.30091,0,0.458093
14.1667,3213.27,205.919,6370.38,1.19721,7.3014,0,0.458093
14.1833,3213.24,205.911,6371.27,1.19719,7.30189,0,0.458093
14.2,3213.21,205.903,6372.16,1.19718,7.30238,0,0.458093
14.2167,3213.17,205.894,6373.06,1.19716,7.30287,0,0.458093
14.2333,3213.14,205.886,6373.95,1.19715,7.30336,0,0.458093
14.25,3213.11,205.878,6374.84,1.19713,7.30385,0,0.458093
14.2667,3213.07,205.869,6375.73,1.19712,7.30434,0,0.458093
14.2833,3213.04,205.861,6376.63,1.1971,7.30484,0,0.458093
14.3,3213.01,205.853,6377.52,1.19709,7.30533,0,0.458093
14.3167,3212.97,205.845,6378.41,1.19708,7.30582,0,0.458093
14.3333,3212.94,205.836,6379.3,1.19706,7.30631,0,0.458093
14.35,3212.91,205.828,6380.2,1.19705,7.3068,0,0.458093
14.3667,3212.87,205.82,6381.09,1.19703,7.3073,0,0.458093
14.3833,3212.84,205.811,6381.98,1.19702,7.30779,0,0.458093
14.4,3212.81,205.803,6382.87,1.197,7.30828,0,0.458093
14.4167,3212.77,205.795,6383.77,1.19699,7.30878,0,0.458093
14.4333,3212.74,205.786,6384.66,1.19697,7.30927,0,0.458093
14.45,3212.71,205.778,6385.55,1.19696,7.30976,0,0.458093
14.4667,3212.67,205.77,6386.44,1.19694,7.31025,0,0.458093
14.4833,3212.64,205.761,6387.34,1.19693,7.31075,0,0.458093
14.5,3212.61,205.753,6388.23,1.19692,7.31124,0,0.458093
14.5167,3212.57,205.745,6389.12,1.1969,7.31174,0,0.458093
14.5333,3212.54,205.736,6390.01,1.19689,7.31223,0,0.458093
14.55,3212.51,205.728,6390.91,1.19687,7.31272,0,0.458093
14.5667,3212.47,205.72,6391.8,1.19686,7.31322,0,0.458093
14.5833,3212.44,205.711,6392.69,1.19684,7.31371,0,0.458093
14.6,3212.41,205.703,6393.58,1.19683,7.31421,0,0.458093
14.6167,3212.37,205.694,6394.48,1.19681,7.3147,0,0.458093
14.6333,3212.34,205.686,6395.37,1.1968,7.3152,0,0.458093
14.65,3212.31,205.678,6396.26,1.19678,7.31569,0,0.458093
14.6667,3212.27,205.669,6397.15,1.19677,7.31619,0,0.458093
14.6833,3212.24,205.661,6398.04,1.19675,7.31668,0,0.458093
14.7,3212.2,205.653,6398.94,1.19674,7.31718,0,0.458093
14.7167,3212.17,205.644,6399.83,1.19673,7.31767,0,0.458093
14.7333,3212.14,205.636,6400.72,1.19671,7.31817,0,0.458093
14.75,3212.1,205.628,6401.61,1.1967,7.31866,0,0.458093
14.7667,3212.07,205.619,6402.51,1.19668,7.31916,0,0.458093
14.7833,3212.04,205.611,6403.4,1.19667,7.31966,0,0.458093
14.8,3212,205.603,6404.29,1.19665,7.32015,0,0.458093
14.8167,3211.97,205.594,6405.18,1.19664,7.32065,0,0.458093
14.8333,3211.93,205.586,6406.07,1.19662,7.32115,0,0.458093
14.85,3211.9,205.577,6406.97,1.19661,7.32164,0,0.458093
14.8667,3211.87,205.569,6407.86,1.19659,7.32214,0,0.458093
14.8833,3211.83,205.561,6408.75,1.19658,7.32264,0,0.458093
14.9,3211.8,205.552,6409.64,1.19656,7.32313,0,0.458093
14.9167,3211.76,205.544,6410.54,1.19655,7.32363,0,0.458093
14.9333,3211.73,205.536,6411.43,1.19654,7.32413,0,0.458093
14.95,3211.7,205.527,6412.32,1.19652,7.32463,0,0.458093
14.9667,3211.66,205.519,6413.21,1.19651,7.32512,0,0.458093
14.9833,3211.63,205.51,6414.1,1.19649,7.32562,0,0.458093
15,3211.59,205.502,6415,1.19648,7.32612,0,0.458093
15.0167,3211.56,205.494,6415.89,1.19646,7.32662,0,0.458093
15.0333,3211.53,205.485,6416.78,1.19645,7.32712,0,0.458093
15.05,3211.49,205.477,6417.67,1.19643,7.32762,0,0.458093
15.0667,3211.46,205.469,6418.56,1.19642,7.32811,0,0.458093
15.0833,3211.42,205.46,6419.46,1.1964,7.32861,0,0.458093
15.1,3211.39,205.452,6420.35,1.19639,7.32911,0,0.458093
15.1167,3211.35,205.443,6421.24,1.19637,7.32961,0,0.458093
15.1333,3211.32,205.435,6422.13,1.19636,7.33011,0,0.458093
15.15,3211.29,205.427,6423.02,1.19635,7.33061,0,0.458093
15.1667,3211.25,205.418,6423.92,1.19633,7.33111,0,0.458093
15.1833,3211.22,205.41,6424.81,1.19632,7.33161,0,0.458093
15.2,3211.18,205.401,6425.7,1.1963,7.33211,0,0.458093
15.2167,3211.15,205.393,6426.59,1.19629,7.33261,0,0.458093
15.2333,3211.11,205.385,6427.48,1.19627,7.33311,0,0.458093
15.25,3211.08,205.376,6428.38,1.19626,7.33361,0,0.458093
15.2667,3211.05,205.368,6429.27,1.19624,7.33411,0,0.458093
15.2833,3211.01,205.359,6430.16,1.19623,7.33461,0,0.458093
15.3,3210.98,205.351,6431.05,1.19621,7.33511,0,0.458093
15.3167,3210.94,205.343,6431.94,1.1962,7.33561,0,0.458093
15.3333,3210.91,205.334,6432.84,1.19618,7.33611,0,0.458093
15.35,3210.87,205.326,6433.73,1.19617,7.33661,0,0.458093
15.3667,3210.84,205.317,6434.62,1.19615,7.33711,0,0.458093
15.3833,3210.8,205.309,6435.51,1.19614,7.33762,0,0.458093
15.4,3210.77,205.3,6436.4,1.19613,7.33812,0,0.458093
15.4167,3210.73,205.292,6437.3,1.19611,7.33862,0,0.458093
15.4333,3210.7,205.284,6438.19,1.1961,7.33912,0,0.458093
15.45,3210.66,205.275,6439.08,1.19608,7.33962,0,0.458093
15.4667,3210.63,205.267,6439.97,1.19607,7.34013,0,0.458093
15.4833,3210.6,205.258,6440.86,1.19605,7.34063,0,0.458093
15.5,3210.56,205.25,6441.76,1.19604,7.34113,0,0.458093
15.5167,3210.53,205.242,6442.65,1.19602,7.34163,0,0.458093
15.5333,3210.49,205.233,6443.54,1.19601,7.34214,0,0.458093
15.55,3210.46,205.225,6444.43,1.19599,7.34264,0,0.458093
15.5667,3210.42,205.216,6445.32,1.19598,7.34314,0,0.458093
15.5833,3210.39,205.208,6446.21,1.19596,7.34365,0,0.458093
15.6,3210.35,205.199,6447.11,1.19595,7.34415,0,0.458093
15.6167,3210.32,205.191,6448,1.19593,7.34465,0,0.458093
15.6333,3210.28,205.182,6448.89,1.19592,7.34516,0,0.458093
15.65,3210.25,205.174,6449.78,1.19591,7.34566,0,0.458093
15.6667,3210.21,205.166,6450.67,1.19589,7.34616,0,0.458093
15.6833,3210.18,205.157,6451.56,1.19588,7.34667,0,0.458093
15.7,3210.14,205.149,6452.46,1.19586,7.34717,0,0.458093
15.7167,3210.11,205.14,6453.35,1.19585,7.34768,0,0.458093
15.7333,3210.07,205.132,6454.24,1.19583,7.34818,0,0.458093
15.75,3210.04,205.123,6455.13,1.19582,7.34869,0,0.458093
15.7667,3210,205.115,6456.02,1.1958,7.34919,0,0.458093
15.7833,3209.97,205.106,6456.91,1.19579,7.3497,0,0.458093
15.8,3209.93,205.098,6457.81,1.19577,7.3502,0,0.458093
15.8167,3209.9,205.09,6458.7,1.19576,7.35071,0,0.458093
15.8333,3209.86,205.081,6459.59,1.19574,7.35121,0,0.458093
15.85,3209.83,205.073,6460.48,1.19573,7.35172,0,0.458093
15.8667,3209.79,205.064,6461.37,1.19571,7.35222,0,0.458093
15.8833,3209.75,205.056,6462.26,1.1957,7.35273,0,0.458093
15.9,3209.72,205.047,6463.16,1.19568,7.35324,0,0.458093
15.9167,3209.68,205.039,6464.05,1.19567,7.35374,0,0.458093
15.9333,3209.65,205.03,6464.94,1.19566,7.35425,0,0.458093
15.95,3209.61,205.022,6465.83,1.19564,7.35475,0,0.458093
15.9667,3209.58,205.013,6466.72,1.19563,7.35526,0,0.458093
15.9833,3209.54,205.005,6467.61,1.19561,7.35577,0,0.458093
16,3209.51,204.996,6468.51,1.1956,7.35627,0,0.458093
16.0167,3209.47,204.988,6469.4,1.19558,7.35678,0,0.458093
16.0333,3209.44,204.98,6470.29,1.19557,7.35729,0,0.458093
16.05,3209.4,204.971,6471.18,1.19555,7.3578,0,0.458093
16.0667,3209.37,204.963,6472.07,1.19554,7.3583,0,0.458093
16.0833,3209.33,204.954,6472.96,1.19552,7.35881,0,0.458093
16.1,3209.29,204.946,6473.85,1.19551,7.35932,0,0.458093
16.1167,3209.26,204.937,6474.75,1.19549,7.35983,0,0.458093
16.1333,3209.22,204.929,6475.64,1.19548,7.36034,0,0.458093
16.15,3209.19,204.92,6476.53,1.19546,7.36084,0,0.458093
16.1667,3209.15,204.912,6477.42,1.19545,7.36135,0,0.458093
16.1833,3209.12,204.903,6478.31,1.19543,7.36186,0,0.458093
16.2,3209.08,204.895,6479.2,1.19542,7.36237,0,0.458093
16.2167,3209.04,204.886,6480.09,1.19541,7.36288,0,0.458093
16.2333,3209.01,204.878,6480.99,1.19539,7.36339,0,0.458093
16.25,3208.97,204.869,6481.88,1.19538,7.3639,0,0.458093
16.2667,3208.94,204.861,6482.77,1.19536,7.36441,0,0.458093
16.2833,3208.9,204.852,6483.66,1.19535,7.36492,0,0.458093
16.3,3208.87,204.844,6484.55,1.19533,7.36543,0,0.458093
16.3167,3208.83,204.835,6485.44,1.19532,7.36594,0,0.458093
16.3333,3208.79,204.827,6486.33,1.1953,7.36644,0,0.458093
16.35,3208.76,204.818,6487.23,1.19529,7.36696,0,0.458093
16.3667,3208.72,204.81,6488.12,1.19527,7.36747,0,0.458093
16.3833,3208.69,204.801,6489.01,1.19526,7.36798,0,0.458093
16.4,3208.65,204.793,6489.9,1.19524,7.36849,0,0.458093
16.4167,3208.61,204.784,6490.79,1.19523,7.369,0,0.458093
16.4333,3208.58,204.776,6491.68,1.19521,7.36951,0,0.458093
16.45,3208.54,204.767,6492.57,1.1952,7.37002,0,0.458093
16.4667,3208.51,204.759,6493.46,1.19518,7.37053,0,0.458093
16.4833,3208.47,204.75,6494.36,1.19517,7.37104,0,0.458093
16.5,3208.43,204.742,6495.25,1.19515,7.37155,0,0.458093
16.5167,3208.4,204.733,6496.14,1.19514,7.37206,0,0.458093
16.5333,3208.36,204.725,6497.03,1.19513,7.37258,0,0.458093
16.55,3208.33,204.716,6497.92,1.19511,7.37309,0,0.458093
16.5667,3208.29,204.708,6498.81,1.1951,7.3736,0,0.458093
16.5833,3208.25,204.699,6499.7,1.19508,7.37411,0,0.458093
16.6,3208.22,204.691,6500.59,1.19507,7.37462,0,0.458093
16.6167,3208.18,204.682,6501.49,1.19505,7.37514,0,0.458093
16.6333,3208.15,204.674,6502.38,1.19504,7.37565,0,0.458093
16.65,3208.11,204.665,6503.27,1.19502,7.37616,0,0.458093
16.6667,3208.07,204.657,6504.16,1.19501,7.37668,0,0.458093
16.6833,3208.04,204.648,6505.05,1.19499,7.37719,0,0.458093
16.7,3208,204.639,6505.94,1.19498,7.3777,0,0.458093
16.7167,3207.96,204.631,6506.83,1.19496,7.37821,0,0.458093
16.7333,3207.93,204.622,6507.72,1.19495,7.37873,0,0.458093
16.75,3207.89,204.614,6508.61,1.19493,7.37924,0,0.458093
16.7667,3207.86,204.605,6509.51,1.19492,7.37976,0,0.458093
16.7833,3207.82,204.597,6510.4,1.1949,7.38027,0,0.458093
16.8,3207.78,204.588,6511.29,1.19489,7.38078,0,0.458093
16.8167,3207.75,204.58,6512.18,1.19487,7.3813,0,0.458093
16.8333,3207.71,204.571,6513.07,1.19486,7.38181,0,0.458093
16.85,3207.67,204.563,6513.96,1.19484,7.38233,0,0.458093
16.8667,3207.64,204.554,6514.85,1.19483,7.38284,0,0.458093
16.8833,3207.6,204.546,6515.74,1.19482,7.38336,0,0.458093
16.9,3207.56,204.537,6516.63,1.1948,7.38387,0,0.458093
16.9167,3207.53,204.528,6517.52,1.19479,7.38439,0,0.458093
16.9333,3207.49,204.52,6518.42,1.19477,7.3849,0,0.458093
16.95,3207.45,204.511,6519.31,1.19476,7.38542,0,0.458093
16.9667,3207.42,204.503,6520.2,1.19474,7.38593,0,0.458093
16.9833,3207.38,204.494,6521.09,1.19473,7.38645,0,0.458093
17,3207.34,204.486,6521.98,1.19471,7.38697,0,0.458093
17.0167,3207.31,204.477,6522.87,1.1947,7.38748,0,0.458093
17.0333,3207.27,204.469,6523.76,1.19468,7.388,0,0.458093
17.05,3207.23,204.46,6524.65,1.19467,7.38851,0,0.458093
17.0667,3207.2,204.451,6525.54,1.19465,7.38903,0,0.458093
17.0833,3207.16,204.443,6526.43,1.19464,7.38955,0,0.458093
17.1,3207.12,204.434,6527.32,1.19462,7.39006,0,0.458093
17.1167,3207.09,204.426,6528.22,1.19461,7.39058,0,0.458093
17.1333,3207.05,204.417,6529.11,1.19459,7.3911,0,0.458093
17.15,3207.01,204.409,6530,1.19458,7.39162,0,0.458093
17.1667,3206.98,204.4,6530.89,1.19456,7.39213,0,0.458093
17.1833,3206.94,204.391,6531.78,1.19455,7.39265,0,0.458093
17.2,3206.9,204.383,6532.67,1.19453,7.39317,0,0.458093
17.2167,3206.87,204.374,6533.56,1.19452,7.39369,0,0.458093
17.2333,3206.83,204.366,6534.45,1.1945,7.3942,0,0.458093
17.25,3206.79,204.357,6535.34,1.19449,7.39472,0,0.458093
17.2667,3206.75,204.349,6536.23,1.19448,7.39524,0,0.458093
17.2833,3206.72,204.34,6537.12,1.19446,7.39576,0,0.458093
17.3,3206.68,204.331,6538.01,1.19445,7.39628,0,0.458093
17.3167,3206.64,204.323,6538.9,1.19443,7.3968,0,0.458093
17.3333,3206.61,204.314,6539.8,1.19442,7.39732,0,0.458093
17.35,3206.57,204.306,6540.69,1.1944,7.39783,0,0.458093
17.3667,3206.53,204.297,6541.58,1.19439,7.39835,0,0.458093
17.3833,3206.5,204.288,6542.47,1.19437,7.39887,0,0.458093
17.4,3206.46,204.28,6543.36,1.19436,7.39939,0,0.458093
17.4167,3206.42,204.271,6544.25,1.19434,7.39991,0,0.458093
17.4333,3206.38,204.263,6545.14,1.19433,7.40043,0,0.458093
17.45,3206.35,204.254,6546.03,1.19431,7.40095,0,0.458093
17.4667,3206.31,204.246,6546.92,1.1943,7.40147,0,0.458093
17.4833,3206.27,204.237,6547.81,1.19428,7.40199,0,0.458093
17.5,3206.24,204.228,6548.7,1.19427,7.40251,0,0.458093
17.5167,3206.2,204.22,6549.59,1.19425,7.40303,0,0.458093
17.5333,3206.16,204.211,6550.48,1.19424,7.40355,0,0.458093
17.55,3206.12,204.203,6551.37,1.19422,7.40408,0,0.458093
17.5667,3206.09,204.194,6552.26,1.19421,7.4046,0,0.458093
17.5833,3206.05,204.185,6553.16,1.19419,7.40512,0,0.458093
17.6,3206.01,204.177,6554.05,1.19418,7.40564,0,0.458093
17.6167,3205.97,204.168,6554.94,1.19416,7.40616,0,0.458093
17.6333,3205.94,204.159,6555.83,1.19415,7.40668,0,0.458093
17.65,3205.9,204.151,6556.72,1.19413,7.4072,0,0.458093
17.6667,3205.86,204.142,6557.61,1.19412,7.40773,0,0.458093
17.6833,3205.82,204.134,6558.5,1.1941,7.40825,0,0.458093
17.7,3205.79,204.125,6559.39,1.19409,7.40877,0,0.458093
17.7167,3205.75,204.116,6560.28,1.19407,7.40929,0,0.458093
17.7333,3205.71,204.108,6561.17,1.19406,7.40982,0,0.458093
17.75,3205.67,204.099,6562.06,1.19405,7.41034,0,0.458093
17.7667,3205.64,204.091,6562.95,1.19403,7.41086,0,0.458093
17.7833,3205.6,204.082,6563.84,1.19402,7.41138,0,0.458093
17.8,3205.56,204.073,6564.73,1.194,7.41191,0,0.458093
17.8167,3205.52,204.065,6565.62,1.19399,7.41243,0,0.458093
17.8333,3205.49,204.056,6566.51,1.19397,7.41295,0,0.458093
17.85,3205.45,204.047,6567.4,1.19396,7.41348,0,0.458093
17.8667,3205.41,204.039,6568.29,1.19394,7.414,0,0.458093
17.8833,3205.37,204.03,6569.18,1.19393,7.41453,0,0.458093
17.9,3205.34,204.022,6570.07,1.19391,7.41505,0,0.458093
17.9167,3205.3,204.013,6570.96,1.1939,7.41557,0,0.458093
17.9333,3205.26,204.004,6571.86,1.19388,7.4161,0,0.458093
17.95,3205.22,203.996,6572.75,1.19387,7.41662,0,0.458093
17.9667,3205.18,203.987,6573.64,1.19385,7.41715,0,0.458093
17.9833,3205.15,203.978,6574.53,1.19384,7.41767,0,0.458093
18,3205.11,203.97,6575.42,1.19382,7.4182,0,0.458093
18.0167,3205.07,203.961,6576.31,1.19381,7.41872,0,0.458093
18.0333,3205.03,203.952,6577.2,1.19379,7.41925,0,0.458093
18.05,3205,203.944,6578.09,1.19378,7.41977,0,0.458093
18.0667,3204.96,203.935,6578.98,1.19376,7.4203,0,0.458093
18.0833,3204.92,203.926,6579.87,1.19375,7.42083,0,0.458093
18.1,3204.88,203.918,6580.76,1.19373,7.42135,0,0.458093
18.1167,3204.84,203.909,6581.65,1.19372,7.42188,0,0.458093
18.1333,3204.81,203.9,6582.54,1.1937,7.4224,0,0.458093
18.15,3204.77,203.892,6583.43,1.19369,7.42293,0,0.458093
18.1667,3204.73,203.883,6584.32,1.19367,7.42346,0,0.458093
18.1833,3204.69,203.875,6585.21,1.19366,7.42398,0,0.458093
18.2,3204.65,203.866,6586.1,1.19364,7.42451,0,0.458093
18.2167,3204.62,203.857,6586.99,1.19363,7.42504,0,0.458093
18.2333,3204.58,203.849,6587.88,1.19361,7.42556,0,0.458093
18.25,3204.54,203.84,6588.77,1.1936,7.42609,0,0.458093
18.2667,3204.5,203.831,6589.66,1.19358,7.42662,0,0.458093
18.2833,3204.46,203.823,6590.55,1.19357,7.42715,0,0.458093
18.3,3204.43,203.814,6591.44,1.19355,7.42767,0,0.458093
18.3167,3204.39,203.805,6592.33,1.19354,7.4282,0,0.458093
18.3333,3204.35,203.797,6593.22,1.19353,7.42873,0,0.458093
18.35,3204.31,203.788,6594.11,1.19351,7.42926,0,0.458093
18.3667,3204.27,203.779,6595,1.1935,7.42979,0,0.458093
18.3833,3204.23,203.771,6595.89,1.19348,7.43032,0,0.458093
18.4,3204.2,203.762,6596.78,1.19347,7.43084,0,0.458093
18.4167,3204.16,203.753,6597.67,1.19345,7.43137,0,0.458093
18.4333,3204.12,203.744,6598.56,1.19344,7.4319,0,0.458093
18.45,3204.08,203.736,6599.45,1.19342,7.43243,0,0.458093
18.4667,3204.04,203.727,6600.34,1.19341,7.43296,0,0.458093
18.4833,3204,203.718,6601.23,1.19339,7.43349,0,0.458093
18.5,3203.97,203.71,6602.12,1.19338,7.43402,0,0.458093
18.5167,3203.93,203.701,6603.01,1.19336,7.43455,0,0.458093
18.5333,3203.89,203.692,6603.9,1.19335,7.43508,0,0.458093
18.55,3203.85,203.684,6604.79,1.19333,7.43561,0,0.458093
18.5667,3203.81,203.675,6605.68,1.19332,7.43614,0,0.458093
18.5833,3203.77,203.666,6606.57,1.1933,7.43667,0,0.458093
18.6,3203.74,203.658,6607.46,1.19329,7.4372,0,0.458093
18.6167,3203.7,203.649,6608.35,1.19327,7.43773,0,0.458093
18.6333,3203.66,203.64,6609.24,1.19326,7.43826,0,0.458093
18.65,3203.62,203.632,6610.13,1.19324,7.43879,0,0.458093
18.6667,3203.58,203.623,6611.02,1.19323,7.43932,0,0.458093
18.6833,3203.54,203.614,6611.91,1.19321,7.43986,0,0.458093
18.7,3203.5,203.605,6612.8,1.1932,7.44039,0,0.458093
18.7167,3203.47,203.597,6613.69,1.19318,7.44092,0,0.458093
18.7333,3203.43,203.588,6614.58,1.19317,7.44145,0,0.458093
18.75,3203.39,203.579,6615.47,1.19315,7.44198,0,0.458093
18.7667,3203.35,203.571,6616.36,1.19314,7.44251,0,0.458093
18.7833,3203.31,203.562,6617.25,1.19312,7.44305,0,0.458093
18.8,3203.27,203.553,6618.14,1.19311,7.44358,0,0.458093
18.8167,3203.23,203.544,6619.03,1.19309,7.44411,0,0.458093
18.8333,3203.19,203.536,6619.92,1.19308,7.44464,0,0.458093
18.85,3203.16,203.527,6620.81,1.19306,7.44518,0,0.458093
18.8667,3203.12,203.518,6621.7,1.19305,7.44571,0,0.458093
18.8833,3203.08,203.51,6622.59,1.19303,7.44624,0,0.458093
18.9,3203.04,203.501,6623.48,1.19302,7.44678,0,0.458093
18.9167,3203,203.492,6624.37,1.193,7.44731,0,0.458093
18.9333,3202.96,203.483,6625.26,1.19299,7.44784,0,0.458093
18.95,3202.92,203.475,6626.15,1.19297,7.44838,0,0.458093
18.9667,3202.88,203.466,6627.04,1.19296,7.44891,0,0.458093
18.9833,3202.85,203.457,6627.93,1.19294,7.44944,0,0.458093
19,3202.81,203.449,6628.82,1.19293,7.44998,0,0.458093
19.0167,3202.77,203.44,6629.71,1.19291,7.45051,0,0.458093
19.0333,3202.73,203.431,6630.6,1.1929,7.45105,0,0.458093
19.05,3202.69,203.422,6631.48,1.19288,7.45158,0,0.458093
19.0667,3202.65,203.414,6632.37,1.19287,7.45212,0,0.458093
19.0833,3202.61,203.405,6633.26,1.19285,7.45265,0,0.458093
19.1,3202.57,203.396,6634.15,1.19284,7.45319,0,0.458093
19.1167,3202.53,203.387,6635.04,1.19282,7.45372,0,0.458093
19.1333,3202.49,203.379,6635.93,1.19281,7.45426,0,0.458093
19.15,3202.46,203.37,6636.82,1.19279,7.45479,0,0.458093
19.1667,3202.42,203.361,6637.71,1.19278,7.45533,0,0.458093
19.1833,3202.38,203.352,6638.6,1.19276,7.45587,0,0.458093
19.2,3202.34,203.344,6639.49,1.19275,7.4564,0,0.458093
19.2167,3202.3,203.335,6640.38,1.19273,7.45694,0,0.458093
19.2333,3202.26,203.326,6641.27,1.19272,7.45747,0,0.458093
19.25,3202.22,203.317,6642.16,1.1927,7.45801,0,0.458093
19.2667,3202.18,203.309,6643.05,1.19269,7.45855,0,0.458093
19.2833,3202.14,203.3,6643.94,1.19267,7.45908,0,0.458093
19.3,3202.1,203.291,6644.83,1.19266,7.45962,0,0.458093
19.3167,3202.06,203.282,6645.72,1.19264,7.46016,0,0.458093
19.3333,3202.03,203.274,6646.61,1.19263,7.4607,0,0.458093
19.35,3201.99,203.265,6647.5,1.19261,7.46123,0,0.458093
19.3667,3201.95,203.256,6648.39,1.1926,7.46177,0,0.458093
19.3833,3201.91,203.247,6649.28,1.19258,7.46231,0,0.458093
19.4,3201.87,203.239,6650.16,1.19257,7.46285,0,0.458093
19.4167,3201.83,203.23,6651.05,1.19256,7.46338,0,0.458093
19.4333,3201.79,203.221,6651.94,1.19254,7.46392,0,0.458093
19.45,3201.75,203.212,6652.83,1.19253,7.46446,0,0.458093
19.4667,3201.71,203.204,6653.72,1.19251,7.465,0,0.458093
19.4833,3201.67,203.195,6654.61,1.1925,7.46554,0,0.458093
19.5,3201.63,203.186,6655.5,1.19248,7.46608,0,0.458093
19.5167,3201.59,203.177,6656.39,1.19247,7.46662,0,0.458093
19.5333,3201.55,203.169,6657.28,1.19245,7.46716,0,0.458093
19.55,3201.51,203.16,6658.17,1.19244,7.46769,0,0.458093
19.5667,3201.47,203.151,6659.06,1.19242,7.46823,0,0.458093
19.5833,3201.43,203.142,6659.95,1.19241,7.46877,0,0.458093
19.6,3201.39,203.133,6660.84,1.19239,7.46931,0,0.458093
19.6167,3201.36,203.125,6661.73,1.19238,7.46985,0,0.458093
19.6333,3201.32,203.116,6662.62,1.19236,7.47039,0,0.458093
19.65,3201.28,203.107,6663.5,1.19235,7.47093,0,0.458093
19.6667,3201.24,203.098,6664.39,1.19233,7.47147,0,0.458093
19.6833,3201.2,203.09,6665.28,1.19232,7.47201,0,0.458093
19.7,3201.16,203.081,6666.17,1.1923,7.47256,0,0.458093
19.7167,3201.12,203.072,6667.06,1.19229,7.4731,0,0.458093
19.7333,3201.08,203.063,6667.95,1.19227,7.47364,0,0.458093
19.75,3201.04,203.054,6668.84,1.19226,7.47418,0,0.458093
19.7667,3201,203.046,6669.73,1.19224,7.47472,0,0.458093
19.7833,3200.96,203.037,6670.62,1.19223,7.47526,0,0.458093
19.8,3200.92,203.028,6671.51,1.19221,7.4758,0,0.458093
19.8167,3200.88,203.019,6672.4,1.1922,7.47635,0,0.458093
19.8333,3200.84,203.01,6673.29,1.19218,7.47689,0,0.458093
19.85,3200.8,203.002,6674.17,1.19217,7.47743,0,0.458093
19.8667,3200.76,202.993,6675.06,1.19215,7.47797,0,0.458093
19.8833,3200.72,202.984,6675.95,1.19214,7.47851,0,0.458093
19.9,3200.68,202.975,6676.84,1.19212,7.47906,0,0.458093
19.9167,3200.64,202.966,6677.73,1.19211,7.4796,0,0.458093
19.9333,3200.6,202.958,6678.62,1.19209,7.48014,0,0.458093
19.95,3200.56,202.949,6679.51,1.19208,7.48069,0,0.458093
19.9667,3200.52,202.94,6680.4,1.19206,7.48123,0,0.458093
19.9833,3200.48,202.931,6681.29,1.19205,7.48177,0,0.458093
20,3200.44,202.922,6682.18,1.19203,7.48232,0,0.458093
20.0167,3200.4,202.914,6683.07,1.19202,7.48286,0,0.458093
20.0333,3200.36,202.905,6683.95,1.192,7.4834,0,0.458093
20.05,3200.32,202.896,6684.84,1.19199,7.48395,0,0.458093
20.0667,3200.28,202.887,6685.73,1.19197,7.48449,0,0.458093
20.0833,3200.24,202.878,6686.62,1.19196,7.48504,0,0.458093
20.1,3200.2,202.869,6687.51,1.19194,7.48558,0,0.458093
20.1167,3200.16,202.861,6688.4,1.19193,7.48612,0,0.458093
20.1333,3200.12,202.852,6689.29,1.19191,7.48667,0,0.458093
20.15,3200.08,202.843,6690.18,1.1919,7.48721,0,0.458093
20.1667,3200.04,202.834,6691.07,1.19188,7.48776,0,0.458093
20.1833,3200,202.825,6691.95,1.19187,7.4883,0,0.458093
20.2,3199.96,202.816,6692.84,1.19185,7.48885,0,0.458093
20.2167,3199.92,202.808,6693.73,1.19184,7.4894,0,0.458093
20.2333,3199.88,202.799,6694.62,1.19182,7.48994,0,0.458093
20.25,3199.84,202.79,6695.51,1.19181,7.49049,0,0.458093
20.2667,3199.8,202.781,6696.4,1.19179,7.49103,0,0.458093
20.2833,3199.76,202.772,6697.29,1.19178,7.49158,0,0.458093
20.3,3199.72,202.763,6698.18,1.19176,7.49213,0,0.458093
20.3167,3199.68,202.755,6699.07,1.19175,7.49267,0,0.458093
20.3333,3199.64,202.746,6699.95,1.19173,7.49322,0,0.458093
20.35,3199.6,202.737,6700.84,1.19172,7.49377,0,0.458093
20.3667,3199.56,202.728,6701.73,1.1917,7.49431,0,0.458093
20.3833,3199.52,202.719,6702.62,1.19169,7.49486,0,0.458093
20.4,3199.48,202.71,6703.51,1.19167,7.49541,0,0.458093
20.4167,3199.44,202.702,6704.4,1.19166,7.49595,0,0.458093
20.4333,3199.4,202.693,6705.29,1.19164,7.4965,0,0.458093
20.45,3199.36,202.684,6706.18,1.19163,7.49705,0,0.458093
20.4667,3199.32,202.675,6707.06,1.19161,7.4976,0,0.458093
20.4833,3199.28,202.666,6707.95,1.1916,7.49815,0,0.458093
20.5,3199.24,202.657,6708.84,1.19158,7.49869,0,0.458093
20.5167,3199.2,202.648,6709.73,1.19157,7.49924,0,0.458093
20.5333,3199.16,202.64,6710.62,1.19155,7.49979,0,0.458093
20.55,3199.12,202.631,6711.51,1.19154,7.50034,0,0.458093
20.5667,3199.07,202.622,6712.4,1.19152,7.50089,0,0.458093
20.5833,3199.03,202.613,6713.28,1.19151,7.50144,0,0.458093
20.6,3198.99,202.604,6714.17,1.19149,7.50199,0,0.458093
20.6167,3198.95,202.595,6715.06,1.19147,7.50254,0,0.458093
20.6333,3198.91,202.586,6715.95,1.19146,7.50309,0,0.458093
20.65,3198.87,202.578,6716.84,1.19144,7.50363,0,0.458093
20.6667,3198.83,202.569,6717.73,1.19143,7.50418,0,0.458093
20.6833,3198.79,202.56,6718.62,1.19141,7.50473,0,0.458093
20.7,3198.75,202.551,6719.5,1.1914,7.50528,0,0.458093
20.7167,3198.71,202.542,6720.39,1.19138,7.50584,0,0.458093
20.7333,3198.67,202.533,6721.28,1.19137,7.50639,0,0.458093
20.75,3198.63,202.524,6722.17,1.19135,7.50694,0,0.458093
20.7667,3198.59,202.515,6723.06,1.19134,7.50749,0,0.458093
20.7833,3198.55,202.507,6723.95,1.19132,7.50804,0,0.458093
20.8,3198.51,202.498,6724.84,1.19131,7.50859,0,0.458093
20.8167,3198.47,202.489,6725.72,1.19129,7.50914,0,0.458093
20.8333,3198.43,202.48,6726.61,1.19128,7.50969,0,0.458093
20.85,3198.38,202.471,6727.5,1.19126,7.51024,0,0.458093
20.8667,3198.34,202.462,6728.39,1.19125,7.51079,0,0.458093
20.8833,3198.3,202.453,6729.28,1.19123,7.51135,0,0.458093
20.9,3198.26,202.444,6730.17,1.19122,7.5119,0,0.458093
20.9167,3198.22,202.436,6731.05,1.1912,7.51245,0,0.458093
20.9333,3198.18,202.427,6731.94,1.19119,7.513,0,0.458093
20.95,3198.14,202.418,6732.83,1.19117,7.51356,0,0.458093
20.9667,3198.1,202.409,6733.72,1.19116,7.51411,0,0.458093
20.9833,3198.06,202.4,6734.61,1.19114,7.51466,0,0.458093
21,3198.02,202.391,6735.5,1.19113,7.51521,0,0.458093
21.0167,3197.98,202.382,6736.38,1.19111,7.51577,0,0.458093
21.0333,3197.94,202.373,6737.27,1.1911,7.51632,0,0.458093
21.05,3197.89,202.364,6738.16,1.19108,7.51687,0,0.458093
21.0667,3197.85,202.355,6739.05,1.19107,7.51743,0,0.458093
21.0833,3197.81,202.347,6739.94,1.19105,7.51798,0,0.458093
21.1,3197.77,202.338,6740.83,1.19104,7.51854,0,0.458093
21.1167,3197.73,202.329,6741.71,1.19102,7.51909,0,0.458093
21.1333,3197.69,202.32,6742.6,1.19101,7.51964,0,0.458093
21.15,3197.65,202.311,6743.49,1.19099,7.5202,0,0.458093
21.1667,3197.61,202.302,6744.38,1.19098,7.52075,0,0.458093
21.1833,3197.57,202.293,6745.27,1.19096,7.52131,0,0.458093
21.2,3197.53,202.284,6746.16,1.19095,7.52186,0,0.458093
21.2167,3197.48,202.275,6747.04,1.19093,7.52242,0,0.458093
21.2333,3197.44,202.266,6747.93,1.19092,7.52297,0,0.458093
21.25,3197.4,202.257,6748.82,1.1909,7.52353,0,0.458093
21.2667,3197.36,202.249,6749.71,1.19089,7.52408,0,0.458093
21.2833,3197.32,202.24,6750.6,1.19087,7.52464,0,0.458093
21.3,3197.28,202.231,6751.48,1.19086,7.52519,0,0.458093
21.3167,3197.24,202.222,6752.37,1.19084,7.52575,0,0.458093
21.3333,3197.2,202.213,6753.26,1.19083,7.52631,0,0.458093
21.35,3197.16,202.204,6754.15,1.19081,7.52686,0,0.458093
21.3667,3197.11,202.195,6755.04,1.1908,7.52742,0,0.458093
21.3833,3197.07,202.186,6755.93,1.19078,7.52798,0,0.458093
21.4,3197.03,202.177,6756.81,1.19077,7.52853,0,0.458093
21.4167,3196.99,202.168,6757.7,1.19075,7.52909,0,0.458093
21.4333,3196.95,202.159,6758.59,1.19074,7.52965,0,0.458093
21.45,3196.91,202.15,6759.48,1.19072,7.5302,0,0.458093
21.4667,3196.87,202.141,6760.37,1.19071,7.53076,0,0.458093
21.4833,3196.83,202.133,6761.25,1.19069,7.53132,0,0.458093
21.5,3196.78,202.124,6762.14,1.19068,7.53188,0,0.458093
21.5167,3196.74,202.115,6763.03,1.19066,7.53243,0,0.458093
21.5333,3196.7,202.106,6763.92,1.19065,7.53299,0,0.458093
21.55,3196.66,202.097,6764.81,1.19063,7.53355,0,0.458093
21.5667,3196.62,202.088,6765.69,1.19062,7.53411,0,0.458093
21.5833,3196.58,202.079,6766.58,1.1906,7.53467,0,0.458093
21.6,3196.54,202.07,6767.47,1.19059,7.53523,0,0.458093
21.6167,3196.49,202.061,6768.36,1.19057,7.53579,0,0.458093
21.6333,3196.45,202.052,6769.25,1.19056,7.53634,0,0.458093
21.65,3196.41,202.043,6770.13,1.19054,7.5369,0,0.458093
21.6667,3196.37,202.034,6771.02,1.19053,7.53746,0,0.458093
21.6833,3196.33,202.025,6771.91,1.19051,7.53802,0,0.458093
21.7,3196.29,202.016,6772.8,1.1905,7.53858,0,0.458093
21.7167,3196.25,202.007,6773.68,1.19048,7.53914,0,0.458093
21.7333,3196.2,201.998,6774.57,1.19046,7.5397,0,0.458093
21.75,3196.16,201.989,6775.46,1.19045,7.54026,0,0.458093
21.7667,3196.12,201.98,6776.35,1.19043,7.54082,0,0.458093
21.7833,3196.08,201.971,6777.24,1.19042,7.54138,0,0.458093
21.8,3196.04,201.962,6778.12,1.1904,7.54194,0,0.458093
21.8167,3196,201.953,6779.01,1.19039,7.5425,0,0.458093
21.8333,3195.96,201.945,6779.9,1.19037,7.54306,0,0.458093
21.85,3195.91,201.936,6780.79,1.19036,7.54363,0,0.458093
21.8667,3195.87,201.927,6781.67,1.19034,7.54419,0,0.458093
21.8833,3195.83,201.918,6782.56,1.19033,7.54475,0,0.458093
21.9,3195.79,201.909,6783.45,1.19031,7.54531,0,0.458093
21.9167,3195.75,201.9,6784.34,1.1903,7.54587,0,0.458093
21.9333,3195.71,201.891,6785.23,1.19028,7.54643,0,0.458093
21.95,3195.66,201.882,6786.11,1.19027,7.547,0,0.458093
21.9667,3195.62,201.873,6787,1.19025,7.54756,0,0.458093
21.9833,3195.58,201.864,6787.89,1.19024,7.54812,0,0.458093
22,3195.54,201.855,6788.78,1.19022,7.54868,0,0.458093
22.0167,3195.5,201.846,6789.66,1.19021,7.54925,0,0.458093
22.0333,3195.45,201.837,6790.55,1.19019,7.54981,0,0.458093
22.05,3195.41,201.828,6791.44,1.19018,7.55037,0,0.458093
22.0667,3195.37,201.819,6792.33,1.19016,7.55093,0,0.458093
22.0833,3195.33,201.81,6793.21,1.19015,7.5515,0,0.458093
22.1,3195.29,201.801,6794.1,1.19013,7.55206,0,0.458093
22.1167,3195.25,201.792,6794.99,1.19012,7.55263,0,0.458093
22.1333,3195.2,201.783,6795.88,1.1901,7.55319,0,0.458093
22.15,3195.16,201.774,6796.76,1.19009,7.55375,0,0.458093
22.1667,3195.12,201.765,6797.65,1.19007,7.55432,0,0.458093
22.1833,3195.08,201.756,6798.54,1.19006,7.55488,0,0.458093
22.2,3195.04,201.747,6799.43,1.19004,7.55545,0,0.458093
22.2167,3194.99,201.738,6800.31,1.19003,7.55601,0,0.458093
22.2333,3194.95,201.729,6801.2,1.19001,7.55658,0,0.458093
22.25,3194.91,201.72,6802.09,1.19,7.55714,0,0.458093
22.2667,3194.87,201.711,6802.98,1.18998,7.55771,0,0.458093
22.2833,3194.83,201.702,6803.86,1.18997,7.55827,0,0.458093
22.3,3194.78,201.693,6804.75,1.18995,7.55884,0,0.458093
22.3167,3194.74,201.684,6805.64,1.18994,7.5594,0,0.458093
22.3333,3194.7,201.675,6806.53,1.18992,7.55997,0,0.458093
22.35,3194.66,201.666,6807.41,1.1899,7.56053,0,0.458093
22.3667,3194.62,201.657,6808.3,1.18989,7.5611,0,0.458093
22.3833,3194.57,201.648,6809.19,1.18987,7.56167,0,0.458093
22.4,3194.53,201.639,6810.08,1.18986,7.56223,0,0.458093
22.4167,3194.49,201.63,6810.96,1.18984,7.5628,0,0.458093
22.4333,3194.45,201.621,6811.85,1.18983,7.56337,0,0.458093
22.45,3194.41,201.612,6812.74,1.18981,7.56393,0,0.458093
22.4667,3194.36,201.603,6813.63,1.1898,7.5645,0,0.458093
22.4833,3194.32,201.594,6814.51,1.18978,7.56507,0,0.458093
22.5,3194.28,201.585,6815.4,1.18977,7.56563,0,0.458093
22.5167,3194.24,201.576,6816.29,1.18975,7.5662,0,0.458093
22.5333,3194.19,201.567,6817.18,1.18974,7.56677,0,0.458093
22.55,3194.15,201.558,6818.06,1.18972,7.56734,0,0.458093
22.5667,3194.11,201.549,6818.95,1.18971,7.56791,0,0.458093
22.5833,3194.07,201.54,6819.84,1.18969,7.56847,0,0.458093
22.6,3194.03,201.531,6820.72,1.18968,7.56904,0,0.458093
22.6167,3193.98,201.522,6821.61,1.18966,7.56961,0,0.458093
22.6333,3193.94,201.513,6822.5,1.18965,7.57018,0,0.458093
22.65,3193.9,201.504,6823.39,1.18963,7.57075,0,0.458093
22.6667,3193.86,201.495,6824.27,1.18962,7.57132,0,0.458093
22.6833,3193.81,201.485,6825.16,1.1896,7.57189,0,0.458093
22.7,3193.77,201.476,6826.05,1.18959,7.57246,0,0.458093
22.7167,3193.73,201.467,6826.93,1.18957,7.57302,0,0.458093
22.7333,3193.69,201.458,6827.82,1.18956,7.57359,0,0.458093
22.75,3193.64,201.449,6828.71,1.18954,7.57416,0,0.458093
22.7667,3193.6,201.44,6829.6,1.18953,7.57473,0,0.458093
22.7833,3193.56,201.431,6830.48,1.18951,7.5753,0,0.458093
22.8,3193.52,201.422,6831.37,1.1895,7.57587,0,0.458093
22.8167,3193.48,201.413,6832.26,1.18948,7.57645,0,0.458093
22.8333,3193.43,201.404,6833.14,1.18947,7.57702,0,0.458093
22.85,3193.39,201.395,6834.03,1.18945,7.57759,0,0.458093
22.8667,3193.35,201.386,6834.92,1.18943,7.57816,0,0.458093
22.8833,3193.31,201.377,6835.81,1.18942,7.57873,0,0.458093
22.9,3193.26,201.368,6836.69,1.1894,7.5793,0,0.458093
22.9167,3193.22,201.359,6837.58,1.18939,7.57987,0,0.458093
22.9333,3193.18,201.35,6838.47,1.18937,7.58044,0,0.458093
22.95,3193.14,201.341,6839.35,1.18936,7.58101,0,0.458093
22.9667,3193.09,201.332,6840.24,1.18934,7.58159,0,0.458093
22.9833,3193.05,201.323,6841.13,1.18933,7.58216,0,0.458093
23,3193.01,201.314,6842.01,1.18931,7.58273,0,0.458093
23.0167,3192.97,201.304,6842.9,1.1893,7.5833,0,0.458093
23.0333,3192.92,201.295,6843.79,1.18928,7.58388,0,0.458093
23.05,3192.88,201.286,6844.67,1.18927,7.58445,0,0.458093
23.0667,3192.84,201.277,6845.56,1.18925,7.58502,0,0.458093
23.0833,3192.79,201.268,6846.45,1.18924,7.58559,0,0.458093
23.1,3192.75,201.259,6847.34,1.18922,7.58617,0,0.458093
23.1167,3192.71,201.25,6848.22,1.18921,7.58674,0,0.458093
23.1333,3192.67,201.241,6849.11,1.18919,7.58731,0,0.458093
23.15,3192.62,201.232,6850,1.18918,7.58789,0,0.458093
23.1667,3192.58,201.223,6850.88,1.18916,7.58846,0,0.458093
23.1833,3192.54,201.214,6851.77,1.18915,7.58904,0,0.458093
23.2,3192.5,201.205,6852.66,1.18913,7.58961,0,0.458093
23.2167,3192.45,201.196,6853.54,1.18912,7.59018,0,0.458093
23.2333,3192.41,201.187,6854.43,1.1891,7.59076,0,0.458093
23.25,3192.37,201.177,6855.32,1.18909,7.59133,0,0.458093
23.2667,3192.32,201.168,6856.2,1.18907,7.59191,0,0.458093
23.2833,3192.28,201.159,6857.09,1.18905,7.59248,0,0.458093
23.3,3192.24,201.15,6857.98,1.18904,7.59306,0,0.458093
23.3167,3192.2,201.141,6858.86,1.18902,7.59363,0,0.458093
23.3333,3192.15,201.132,6859.75,1.18901,7.59421,0,0.458093
23.35,3192.11,201.123,6860.64,1.18899,7.59479,0,0.458093
23.3667,3192.07,201.114,6861.52,1.18898,7.59536,0,0.458093
23.3833,3192.02,201.105,6862.41,1.18896,7.59594,0,0.458093
23.4,3191.98,201.096,6863.3,1.18895,7.59651,0,0.458093
23.4167,3191.94,201.087,6864.18,1.18893,7.59709,0,0.458093
23.4333,3191.9,201.077,6865.07,1.18892,7.59767,0,0.458093
23.45,3191.85,201.068,6865.96,1.1889,7.59824,0,0.458093
23.4667,3191.81,201.059,6866.84,1.18889,7.59882,0,0.458093
23.4833,3191.77,201.05,6867.73,1.18887,7.5994,0,0.458093
23.5,3191.72,201.041,6868.62,1.18886,7.59997,0,0.458093
23.5167,3191.68,201.032,6869.5,1.18884,7.60055,0,0.458093
23.5333,3191.64,201.023,6870.39,1.18883,7.60113,0,0.458093
23.55,3191.6,201.014,6871.28,1.18881,7.60171,0,0.458093
23.5667,3191.55,201.005,6872.16,1.1888,7.60228,0,0.458093
23.5833,3191.51,200.996,6873.05,1.18878,7.60286,0,0.458093
23.6,3191.47,200.986,6873.94,1.18877,7.60344,0,0.458093
23.6167,3191.42,200.977,6874.82,1.18875,7.60402,0,0.458093
23.6333,3191.38,200.968,6875.71,1.18874,7.6046,0,0.458093
23.65,3191.34,200.959,6876.6,1.18872,7.60518,0,0.458093
23.6667,3191.29,200.95,6877.48,1.1887,7.60576,0,0.458093
23.6833,3191.25,200.941,6878.37,1.18869,7.60633,0,0.458093
23.7,3191.21,200.932,6879.26,1.18867,7.60691,0,0.458093
23.7167,3191.16,200.923,6880.14,1.18866,7.60749,0,0.458093
23.7333,3191.12,200.913,6881.03,1.18864,7.60807,0,0.458093
23.75,3191.08,200.904,6881.91,1.18863,7.60865,0,0.458093
23.7667,3191.04,200.895,6882.8,1.18861,7.60923,0,0.458093
23.7833,3190.99,200.886,6883.69,1.1886,7.60981,0,0.458093
23.8,3190.95,200.877,6884.57,1.18858,7.61039,0,0.458093
23.8167,3190.91,200.868,6885.46,1.18857,7.61097,0,0.458093
23.8333,3190.86,200.859,6886.35,1.18855,7.61155,0,0.458093
23.85,3190.82,200.85,6887.23,1.18854,7.61213,0,0.458093
23.8667,3190.78,200.84,6888.12,1.18852,7.61271,0,0.458093
23.8833,3190.73,200.831,6889.01,1.18851,7.61329,0,0.458093
23.9,3190.69,200.822,6889.89,1.18849,7.61388,0,0.458093
23.9167,3190.65,200.813,6890.78,1.18848,7.61446,0,0.458093
23.9333,3190.6,200.804,6891.66,1.18846,7.61504,0,0.458093
23.95,3190.56,200.795,6892.55,1.18845,7.61562,0,0.458093
23.9667,3190.52,200.786,6893.44,1.18843,7.6162,0,0.458093
23.9833,3190.47,200.776,6894.32,1.18842,7.61678,0,0.458093
24,3190.43,200.767,6895.21,1.1884,7.61737,0,0.458093
24.0167,3190.39,200.758,6896.1,1.18838,7.61795,0,0.458093
24.0333,3190.34,200.749,6896.98,1.18837,7.61853,0,0.458093
24.05,3190.3,200.74,6897.87,1.18835,7.61911,0,0.458093
24.0667,3190.26,200.731,6898.75,1.18834,7.6197,0,0.458093
24.0833,3190.21,200.722,6899.64,1.18832,7.62028,0,0.458093
24.1,3190.17,200.712,6900.53,1.18831,7.62086,0,0.458093
24.1167,3190.13,200.703,6901.41,1.18829,7.62145,0,0.458093
24.1333,3190.08,200.694,6902.3,1.18828,7.62203,0,0.458093
24.15,3190.04,200.685,6903.19,1.18826,7.62261,0,0.458093
24.1667,3190,200.676,6904.07,1.18825,7.6232,0,0.458093
24.1833,3189.95,200.667,6904.96,1.18823,7.62378,0,0.458093
24.2,3189.91,200.657,6905.84,1.18822,7.62436,0,0.458093
24.2167,3189.87,200.648,6906.73,1.1882,7.62495,0,0.458093
24.2333,3189.82,200.639,6907.62,1.18819,7.62553,0,0.458093
24.25,3189.78,200.63,6908.5,1.18817,7.62612,0,0.458093
24.2667,3189.73,200.621,6909.39,1.18816,7.6267,0,0.458093
24.2833,3189.69,200.612,6910.27,1.18814,7.62729,0,0.458093
24.3,3189.65,200.602,6911.16,1.18813,7.62787,0,0.458093
24.3167,3189.6,200.593,6912.05,1.18811,7.62846,0,0.458093
24.3333,3189.56,200.584,6912.93,1.18809,7.62904,0,0.458093
24.35,3189.52,200.575,6913.82,1.18808,7.62963,0,0.458093
24.3667,3189.47,200.566,6914.7,1.18806,7.63021,0,0.458093
24.3833,3189.43,200.557,6915.59,1.18805,7.6308,0,0.458093
24.4,3189.39,200.547,6916.48,1.18803,7.63139,0,0.458093
24.4167,3189.34,200.538,6917.36,1.18802,7.63197,0,0.458093
24.4333,3189.3,200.529,6918.25,1.188,7.63256,0,0.458093
24.45,3189.25,200.52,6919.13,1.18799,7.63315,0,0.458093
24.4667,3189.21,200.511,6920.02,1.18797,7.63373,0,0.458093
24.4833,3189.17,200.502,6920.91,1.18796,7.63432,0,0.458093
24.5,3189.12,200.492,6921.79,1.18794,7.63491,0,0.458093
24.5167,3189.08,200.483,6922.68,1.18793,7.63549,0,0.458093
24.5333,3189.04,200.474,6923.56,1.18791,7.63608,0,0.458093
24.55,3188.99,200.465,6924.45,1.1879,7.63667,0,0.458093
24.5667,3188.95,200.456,6925.33,1.18788,7.63726,0,0.458093
24.5833,3188.91,200.446,6926.22,1.18787,7.63784,0,0.458093
24.6,3188.86,200.437,6927.11,1.18785,7.63843,0,0.458093
24.6167,3188.82,200.428,6927.99,1.18784,7.63902,0,0.458093
24.6333,3188.77,200.419,6928.88,1.18782,7.63961,0,0.458093
24.65,3188.73,200.41,6929.76,1.1878,7.6402,0,0.458093
24.6667,3188.69,200.4,6930.65,1.18779,7.64079,0,0.458093
24.6833,3188.64,200.391,6931.53,1.18777,7.64138,0,0.458093
24.7,3188.6,200.382,6932.42,1.18776,7.64197,0,0.458093
24.7167,3188.55,200.373,6933.31,1.18774,7.64255,0,0.458093
24.7333,3188.51,200.364,6934.19,1.18773,7.64314,0,0.458093
24.75,3188.47,200.354,6935.08,1.18771,7.64373,0,0.458093
24.7667,3188.42,200.345,6935.96,1.1877,7.64432,0,0.458093
24.7833,3188.38,200.336,6936.85,1.18768,7.64491,0,0.458093
24.8,3188.34,200.327,6937.73,1.18767,7.6455,0,0.458093
24.8167,3188.29,200.318,6938.62,1.18765,7.64609,0,0.458093
24.8333,3188.25,200.308,6939.51,1.18764,7.64668,0,0.458093
24.85,3188.2,200.299,6940.39,1.18762,7.64727,0,0.458093
24.8667,3188.16,200.29,6941.28,1.18761,7.64787,0,0.458093
24.8833,3188.12,200.281,6942.16,1.18759,7.64846,0,0.458093
24.9,3188.07,200.271,6943.05,1.18758,7.64905,0,0.458093
24.9167,3188.03,200.262,6943.93,1.18756,7.64964,0,0.458093
24.9333,3187.98,200.253,6944.82,1.18754,7.65023,0,0.458093
24.95,3187.94,200.244,6945.7,1.18753,7.65082,0,0.458093
24.9667,3187.9,200.235,6946.59,1.18751,7.65141,0,0.458093
24.9833,3187.85,200.225,6947.48,1.1875,7.65201,0,0.458093
25,3187.81,200.216,6948.36,1.18748,7.6526,0,0.458093
25.0167,3187.76,200.207,6949.25,1.18747,7.65319,0,0.458093
25.0333,3187.72,200.198,6950.13,1.18745,7.65378,0,0.458093
25.05,3187.68,200.188,6951.02,1.18744,7.65438,0,0.458093
25.0667,3187.63,200.179,6951.9,1.18742,7.65497,0,0.458093
25.0833,3187.59,200.17,6952.79,1.18741,7.65556,0,0.458093
25.1,3187.54,200.161,6953.67,1.18739,7.65615,0,0.458093
25.1167,3187.5,200.152,6954.56,1.18738,7.65675,0,0.458093
25.1333,3187.45,200.142,6955.45,1.18736,7.65734,0,0.458093
25.15,3187.41,200.133,6956.33,1.18735,7.65793,0,0.458093
25.1667,3187.37,200.124,6957.22,1.18733,7.65853,0,0.458093
25.1833,3187.32,200.115,6958.1,1.18731,7.65912,0,0.458093
25.2,3187.28,200.105,6958.99,1.1873,7.65972,0,0.458093
25.2167,3187.23,200.096,6959.87,1.18728,7.66031,0,0.458093
25.2333,3187.19,200.087,6960.76,1.18727,7.66091,0,0.458093
25.25,3187.15,200.078,6961.64,1.18725,7.6615,0,0.458093
25.2667,3187.1,200.068,6962.53,1.18724,7.6621,0,0.458093
25.2833,3187.06,200.059,6963.41,1.18722,7.66269,0,0.458093
25.3,3187.01,200.05,6964.3,1.18721,7.66329,0,0.458093
25.3167,3186.97,200.041,6965.18,1.18719,7.66388,0,0.458093
25.3333,3186.92,200.031,6966.07,1.18718,7.66448,0,0.458093
25.35,3186.88,200.022,6966.95,1.18716,7.66507,0,0.458093
25.3667,3186.84,200.013,6967.84,1.18715,7.66567,0,0.458093
25.3833,3186.79,200.004,6968.72,1.18713,7.66626,0,0.458093
25.4,3186.75,199.994,6969.61,1.18712,7.66686,0,0.458093
25.4167,3186.7,199.985,6970.5,1.1871,7.66746,0,0.458093
25.4333,3186.66,199.976,6971.38,1.18709,7.66805,0,0.458093
25.45,3186.61,199.967,6972.27,1.18707,7.66865,0,0.458093
25.4667,3186.57,199.957,6973.15,1.18705,7.66925,0,0.458093
25.4833,3186.53,199.948,6974.04,1.18704,7.66984,0,0.458093
25.5,3186.48,199.939,6974.92,1.18702,7.67044,0,0.458093
25.5167,3186.44,199.929,6975.81,1.18701,7.67104,0,0.458093
25.5333,3186.39,199.92,6976.69,1.18699,7.67164,0,0.458093
25.55,3186.35,199.911,6977.58,1.18698,7.67223,0,0.458093
25.5667,3186.3,199.902,6978.46,1.18696,7.67283,0,0.458093
25.5833,3186.26,199.892,6979.35,1.18695,7.67343,0,0.458093
25.6,3186.21,199.883,6980.23,1.18693,7.67403,0,0.458093
25.6167,3186.17,199.874,6981.12,1.18692,7.67463,0,0.458093
25.6333,3186.13,199.865,6982,1.1869,7.67522,0,0.458093
25.65,3186.08,199.855,6982.89,1.18689,7.67582,0,0.458093
25.6667,3186.04,199.846,6983.77,1.18687,7.67642,0,0.458093
25.6833,3185.99,199.837,6984.66,1.18686,7.67702,0,0.458093
25.7,3185.95,199.827,6985.54,1.18684,7.67762,0,0.458093
25.7167,3185.9,199.818,6986.43,1.18682,7.67822,0,0.458093
25.7333,3185.86,199.809,6987.31,1.18681,7.67882,0,0.458093
25.75,3185.81,199.8,6988.2,1.18679,7.67942,0,0.458093
25.7667,3185.77,199.79,6989.08,1.18678,7.68002,0,0.458093
25.7833,3185.72,199.781,6989.97,1.18676,7.68062,0,0.458093
25.8,3185.68,199.772,6990.85,1.18675,7.68122,0,0.458093
25.8167,3185.64,199.762,6991.74,1.18673,7.68182,0,0.458093
25.8333,3185.59,199.753,6992.62,1.18672,7.68242,0,0.458093
25.85,3185.55,199.744,6993.51,1.1867,7.68302,0,0.458093
25.8667,3185.5,199.734,6994.39,1.18669,7.68362,0,0.458093
25.8833,3185.46,199.725,6995.28,1.18667,7.68422,0,0.458093
25.9,3185.41,199.716,6996.16,1.18666,7.68483,0,0.458093
25.9167,3185.37,199.707,6997.05,1.18664,7.68543,0,0.458093
25.9333,3185.32,199.697,6997.93,1.18662,7.68603,0,0.458093
25.95,3185.28,199.688,6998.82,1.18661,7.68663,0,0.458093
25.9667,3185.23,199.679,6999.7,1.18659,7.68723,0,0.458093
25.9833,3185.19,199.669,7000.58,1.18658,7.68783,0,0.458093
26,3185.14,199.66,7001.47,1.18656,7.68844,0,0.458093
26.0167,3185.1,199.651,7002.35,1.18655,7.68904,0,0.458093
26.0333,3185.06,199.641,7003.24,1.18653,7.68964,0,0.458093
26.05,3185.01,199.632,7004.12,1.18652,7.69024,0,0.458093
26.0667,3184.97,199.623,7005.01,1.1865,7.69085,0,0.458093
26.0833,3184.92,199.613,7005.89,1.18649,7.69145,0,0.458093
26.1,3184.88,199.604,7006.78,1.18647,7.69205,0,0.458093
26.1167,3184.83,199.595,7007.66,1.18646,7.69266,0,0.458093
26.1333,3184.79,199.586,7008.55,1.18644,7.69326,0,0.458093
26.15,3184.74,199.576,7009.43,1.18643,7.69387,0,0.458093
26.1667,3184.7,199.567,7010.32,1.18641,7.69447,0,0.458093
26.1833,3184.65,199.558,7011.2,1.18639,7.69507,0,0.458093
26.2,3184.61,199.548,7012.09,1.18638,7.69568,0,0.458093
26.2167,3184.56,199.539,7012.97,1.18636,7.69628,0,0.458093
26.2333,3184.52,199.53,7013.85,1.18635,7.69689,0,0.458093
26.25,3184.47,199.52,7014.74,1.18633,7.69749,0,0.458093
26.2667,3184.43,199.511,7015.62,1.18632,7.6981,0,0.458093
26.2833,3184.38,199.502,7016.51,1.1863,7.6987,0,0.458093
26.3,3184.34,199.492,7017.39,1.18629,7.69931,0,0.458093
26.3167,3184.29,199.483,7018.28,1.18627,7.69991,0,0.458093
26.3333,3184.25,199.474,7019.16,1.18626,7.70052,0,0.458093
26.35,3184.2,199.464,7020.05,1.18624,7.70113,0,0.458093
26.3667,3184.16,199.455,7020.93,1.18623,7.70173,0,0.458093
26.3833,3184.11,199.446,7021.82,1.18621,7.70234,0,0.458093
26.4,3184.07,199.436,7022.7,1.18619,7.70294,0,0.458093
26.4167,3184.02,199.427,7023.58,1.18618,7.70355,0,0.458093
26.4333,3183.98,199.418,7024.47,1.18616,7.70416,0,0.458093
26.45,3183.93,199.408,7025.35,1.18615,7.70476,0,0.458093
26.4667,3183.89,199.399,7026.24,1.18613,7.70537,0,0.458093
26.4833,3183.84,199.389,7027.12,1.18612,7.70598,0,0.458093
26.5,3183.8,199.38,7028.01,1.1861,7.70659,0,0.458093
26.5167,3183.75,199.371,7028.89,1.18609,7.70719,0,0.458093
26.5333,3183.71,199.361,7029.78,1.18607,7.7078,0,0.458093
26.55,3183.66,199.352,7030.66,1.18606,7.70841,0,0.458093
26.5667,3183.62,199.343,7031.54,1.18604,7.70902,0,0.458093
26.5833,3183.57,199.333,7032.43,1.18603,7.70963,0,0.458093
26.6,3183.53,199.324,7033.31,1.18601,7.71024,0,0.458093
26.6167,3183.48,199.315,7034.2,1.18599,7.71084,0,0.458093
26.6333,3183.44,199.305,7035.08,1.18598,7.71145,0,0.458093
26.65,3183.39,199.296,7035.97,1.18596,7.71206,0,0.458093
26.6667,3183.35,199.287,7036.85,1.18595,7.71267,0,0.458093
26.6833,3183.3,199.277,7037.73,1.18593,7.71328,0,0.458093
26.7,3183.26,199.268,7038.62,1.18592,7.71389,0,0.458093
26.7167,3183.21,199.258,7039.5,1.1859,7.7145,0,0.458093
26.7333,3183.17,199.249,7040.39,1.18589,7.71511,0,0.458093
26.75,3183.12,199.24,7041.27,1.18587,7.71572,0,0.458093
26.7667,3183.08,199.23,7042.16,1.18586,7.71633,0,0.458093
26.7833,3183.03,199.221,7043.04,1.18584,7.71694,0,0.458093
26.8,3182.99,199.212,7043.92,1.18583,7.71755,0,0.458093
26.8167,3182.94,199.202,7044.81,1.18581,7.71816,0,0.458093
26.8333,3182.9,199.193,7045.69,1.18579,7.71877,0,0.458093
26.85,3182.85,199.183,7046.58,1.18578,7.71938,0,0.458093
26.8667,3182.81,199.174,7047.46,1.18576,7.72,0,0.458093
26.8833,3182.76,199.165,7048.34,1.18575,7.72061,0,0.458093
26.9,3182.72,199.155,7049.23,1.18573,7.72122,0,0.458093
26.9167,3182.67,199.146,7050.11,1.18572,7.72183,0,0.458093
26.9333,3182.63,199.137,7051,1.1857,7.72244,0,0.458093
26.95,3182.58,199.127,7051.88,1.18569,7.72305,0,0.458093
26.9667,3182.53,199.118,7052.76,1.18567,7.72367,0,0.458093
26.9833,3182.49,199.108,7053.65,1.18566,7.72428,0,0.458093
27,3182.44,199.099,7054.53,1.18564,7.72489,0,0.458093
27.0167,3182.4,199.09,7055.42,1.18562,7.72551,0,0.458093
27.0333,3182.35,199.08,7056.3,1.18561,7.72612,0,0.458093
27.05,3182.31,199.071,7057.18,1.18559,7.72673,0,0.458093
27.0667,3182.26,199.061,7058.07,1.18558,7.72734,0,0.458093
27.0833,3182.22,199.052,7058.95,1.18556,7.72796,0,0.458093
27.1,3182.17,199.043,7059.84,1.18555,7.72857,0,0.458093
27.1167,3182.13,199.033,7060.72,1.18553,7.72919,0,0.458093
27.1333,3182.08,199.024,7061.6,1.18552,7.7298,0,0.458093
27.15,3182.04,199.014,7062.49,1.1855,7.73041,0,0.458093
27.1667,3181.99,199.005,7063.37,1.18549,7.73103,0,0.458093
27.1833,3181.95,198.996,7064.26,1.18547,7.73164,0,0.458093
27.2,3181.9,198.986,7065.14,1.18546,7.73226,0,0.458093
27.2167,3181.85,198.977,7066.02,1.18544,7.73287,0,0.458093
27.2333,3181.81,198.967,7066.91,1.18542,7.73349,0,0.458093
27.25,3181.76,198.958,7067.79,1.18541,7.7341,0,0.458093
27.2667,3181.72,198.949,7068.68,1.18539,7.73472,0,0.458093
27.2833,3181.67,198.939,7069.56,1.18538,7.73533,0,0.458093
27.3,3181.63,198.93,7070.44,1.18536,7.73595,0,0.458093
27.3167,3181.58,198.92,7071.33,1.18535,7.73657,0,0.458093
27.3333,3181.54,198.911,7072.21,1.18533,7.73718,0,0.458093
27.35,3181.49,198.901,7073.09,1.18532,7.7378,0,0.458093
27.3667,3181.45,198.892,7073.98,1.1853,7.73842,0,0.458093
27.3833,3181.4,198.883,7074.86,1.18529,7.73903,0,0.458093
27.4,3181.35,198.873,7075.75,1.18527,7.73965,0,0.458093
27.4167,3181.31,198.864,7076.63,1.18525,7.74027,0,0.458093
27.4333,3181.26,198.854,7077.51,1.18524,7.74088,0,0.458093
27.45,3181.22,198.845,7078.4,1.18522,7.7415,0,0.458093
27.4667,3181.17,198.836,7079.28,1.18521,7.74212,0,0.458093
27.4833,3181.13,198.826,7080.16,1.18519,7.74274,0,0.458093
27.5,3181.08,198.817,7081.05,1.18518,7.74335,0,0.458093
27.5167,3181.04,198.807,7081.93,1.18516,7.74397,0,0.458093
27.5333,3180.99,198.798,7082.81,1.18515,7.74459,0,0.458093
27.55,3180.94,198.788,7083.7,1.18513,7.74521,0,0.458093
27.5667,3180.9,198.779,7084.58,1.18512,7.74583,0,0.458093
27.5833,3180.85,198.769,7085.47,1.1851,7.74645,0,0.458093
27.6,3180.81,198.76,7086.35,1.18509,7.74707,0,0.458093
27.6167,3180.76,198.751,7087.23,1.18507,7.74769,0,0.458093
27.6333,3180.72,198.741,7088.12,1.18505,7.7483,0,0.458093
27.65,3180.67,198.732,7089,1.18504,7.74892,0,0.458093
27.6667,3180.62,198.722,7089.88,1.18502,7.74954,0,0.458093
27.6833,3180.58,198.713,7090.77,1.18501,7.75016,0,0.458093
27.7,3180.53,198.703,7091.65,1.18499,7.75078,0,0.458093
27.7167,3180.49,198.694,7092.53,1.18498,7.7514,0,0.458093
27.7333,3180.44,198.684,7093.42,1.18496,7.75202,0,0.458093
27.75,3180.4,198.675,7094.3,1.18495,7.75265,0,0.458093
27.7667,3180.35,198.666,7095.18,1.18493,7.75327,0,0.458093
27.7833,3180.3,198.656,7096.07,1.18492,7.75389,0,0.458093
27.8,3180.26,198.647,7096.95,1.1849,7.75451,0,0.458093
27.8167,3180.21,198.637,7097.83,1.18488,7.75513,0,0.458093
27.8333,3180.17,198.628,7098.72,1.18487,7.75575,0,0.458093
27.85,3180.12,198.618,7099.6,1.18485,7.75637,0,0.458093
27.8667,3180.08,198.609,7100.48,1.18484,7.75699,0,0.458093
27.8833,3180.03,198.599,7101.37,1.18482,7.75762,0,0.458093
27.9,3179.98,198.59,7102.25,1.18481,7.75824,0,0.458093
27.9167,3179.94,198.58,7103.13,1.18479,7.75886,0,0.458093
27.9333,3179.89,198.571,7104.02,1.18478,7.75948,0,0.458093
27.95,3179.85,198.561,7104.9,1.18476,7.76011,0,0.458093
27.9667,3179.8,198.552,7105.78,1.18475,7.76073,0,0.458093
27.9833,3179.76,198.543,7106.67,1.18473,7.76135,0,0.458093
28,3179.71,198.533,7107.55,1.18471,7.76198,0,0.458093
28.0167,3179.66,198.524,7108.43,1.1847,7.7626,0,0.458093
28.0333,3179.62,198.514,7109.32,1.18468,7.76322,0,0.458093
28.05,3179.57,198.505,7110.2,1.18467,7.76385,0,0.458093
28.0667,3179.53,198.495,7111.08,1.18465,7.76447,0,0.458093
28.0833,3179.48,198.486,7111.97,1.18464,7.76509,0,0.458093
28.1,3179.43,198.476,7112.85,1.18462,7.76572,0,0.458093
28.1167,3179.39,198.467,7113.73,1.18461,7.76634,0,0.458093
28.1333,3179.34,198.457,7114.62,1.18459,7.76697,0,0.458093
28.15,3179.3,198.448,7115.5,1.18458,7.76759,0,0.458093
28.1667,3179.25,198.438,7116.38,1.18456,7.76822,0,0.458093
28.1833,3179.2,198.429,7117.27,1.18454,7.76884,0,0.458093
28.2,3179.16,198.419,7118.15,1.18453,7.76947,0,0.458093
28.2167,3179.11,198.41,7119.03,1.18451,7.77009,0,0.458093
28.2333,3179.07,198.4,7119.91,1.1845,7.77072,0,0.458093
28.25,3179.02,198.391,7120.8,1.18448,7.77135,0,0.458093
28.2667,3178.98,198.381,7121.68,1.18447,7.77197,0,0.458093
28.2833,3178.93,198.372,7122.56,1.18445,7.7726,0,0.458093
28.3,3178.88,198.362,7123.45,1.18444,7.77323,0,0.458093
28.3167,3178.84,198.353,7124.33,1.18442,7.77385,0,0.458093
28.3333,3178.79,198.343,7125.21,1.1844,7.77448,0,0.458093
28.35,3178.74,198.334,7126.1,1.18439,7.77511,0,0.458093
28.3667,3178.7,198.324,7126.98,1.18437,7.77573,0,0.458093
28.3833,3178.65,198.315,7127.86,1.18436,7.77636,0,0.458093
28.4,3178.61,198.305,7128.74,1.18434,7.77699,0,0.458093
28.4167,3178.56,198.296,7129.63,1.18433,7.77762,0,0.458093
28.4333,3178.51,198.286,7130.51,1.18431,7.77824,0,0.458093
28.45,3178.47,198.277,7131.39,1.1843,7.77887,0,0.458093
28.4667,3178.42,198.267,7132.28,1.18428,7.7795,0,0.458093
28.4833,3178.38,198.258,7133.16,1.18427,7.78013,0,0.458093
28.5,3178.33,198.248,7134.04,1.18425,7.78076,0,0.458093
28.5167,3178.28,198.239,7134.93,1.18423,7.78139,0,0.458093
28.5333,3178.24,198.229,7135.81,1.18422,7.78201,0,0.458093
28.55,3178.19,198.22,7136.69,1.1842,7.78264,0,0.458093
28.5667,3178.15,198.21,7137.57,1.18419,7.78327,0,0.458093
28.5833,3178.1,198.201,7138.46,1.18417,7.7839,0,0.458093
28.6,3178.05,198.191,7139.34,1.18416,7.78453,0,0.458093
28.6167,3178.01,198.182,7140.22,1.18414,7.78516,0,0.458093
28.6333,3177.96,198.172,7141.1,1.18413,7.78579,0,0.458093
28.65,3177.92,198.163,7141.99,1.18411,7.78642,0,0.458093
28.6667,3177.87,198.153,7142.87,1.1841,7.78705,0,0.458093
28.6833,3177.82,198.143,7143.75,1.18408,7.78768,0,0.458093
28.7,3177.78,198.134,7144.64,1.18406,7.78831,0,0.458093
28.7167,3177.73,198.124,7145.52,1.18405,7.78895,0,0.458093
28.7333,3177.68,198.115,7146.4,1.18403,7.78958,0,0.458093
28.75,3177.64,198.105,7147.28,1.18402,7.79021,0,0.458093
28.7667,3177.59,198.096,7148.17,1.184,7.79084,0,0.458093
28.7833,3177.55,198.086,7149.05,1.18399,7.79147,0,0.458093
28.8,3177.5,198.077,7149.93,1.18397,7.7921,0,0.458093
28.8167,3177.45,198.067,7150.81,1.18396,7.79273,0,0.458093
28.8333,3177.41,198.058,7151.7,1.18394,7.79337,0,0.458093
28.85,3177.36,198.048,7152.58,1.18392,7.794,0,0.458093
28.8667,3177.31,198.039,7153.46,1.18391,7.79463,0,0.458093
28.8833,3177.27,198.029,7154.34,1.18389,7.79526,0,0.458093
28.9,3177.22,198.019,7155.23,1.18388,7.7959,0,0.458093
28.9167,3177.18,198.01,7156.11,1.18386,7.79653,0,0.458093
28.9333,3177.13,198,7156.99,1.18385,7.79716,0,0.458093
28.95,3177.08,197.991,7157.88,1.18383,7.7978,0,0.458093
28.9667,3177.04,197.981,7158.76,1.18382,7.79843,0,0.458093
28.9833,3176.99,197.972,7159.64,1.1838,7.79906,0,0.458093
29,3176.94,197.962,7160.52,1.18379,7.7997,0,0.458093
29.0167,3176.9,197.953,7161.41,1.18377,7.80033,0,0.458093
29.0333,3176.85,197.943,7162.29,1.18375,7.80097,0,0.458093
29.05,3176.8,197.934,7163.17,1.18374,7.8016,0,0.458093
29.0667,3176.76,197.924,7164.05,1.18372,7.80224,0,0.458093
29.0833,3176.71,197.914,7164.93,1.18371,7.80287,0,0.458093
29.1,3176.67,197.905,7165.82,1.18369,7.80351,0,0.458093
29.1167,3176.62,197.895,7166.7,1.18368,7.80414,0,0.458093
29.1333,3176.57,197.886,7167.58,1.18366,7.80478,0,0.458093
29.15,3176.53,197.876,7168.46,1.18365,7.80541,0,0.458093
29.1667,3176.48,197.867,7169.35,1.18363,7.80605,0,0.458093
29.1833,3176.43,197.857,7170.23,1.18361,7.80669,0,0.458093
29.2,3176.39,197.847,7171.11,1.1836,7.80732,0,0.458093
29.2167,3176.34,197.838,7171.99,1.18358,7.80796,0,0.458093
29.2333,3176.29,197.828,7172.88,1.18357,7.80859,0,0.458093
29.25,3176.25,197.819,7173.76,1.18355,7.80923,0,0.458093
29.2667,3176.2,197.809,7174.64,1.18354,7.80987,0,0.458093
29.2833,3176.15,197.8,7175.52,1.18352,7.81051,0,0.458093
29.3,3176.11,197.79,7176.41,1.18351,7.81114,0,0.458093
29.3167,3176.06,197.78,7177.29,1.18349,7.81178,0,0.458093
29.3333,3176.02,197.771,7178.17,1.18347,7.81242,0,0.458093
29.35,3175.97,197.761,7179.05,1.18346,7.81306,0,0.458093
29.3667,3175.92,197.752,7179.93,1.18344,7.81369,0,0.458093
29.3833,3175.88,197.742,7180.82,1.18343,7.81433,0,0.458093
29.4,3175.83,197.732,7181.7,1.18341,7.81497,0,0.458093
29.4167,3175.78,197.723,7182.58,1.1834,7.81561,0,0.458093
29.4333,3175.74,197.713,7183.46,1.18338,7.81625,0,0.458093
29.45,3175.69,197.704,7184.34,1.18337,7.81689,0,0.458093
29.4667,3175.64,197.694,7185.23,1.18335,7.81753,0,0.458093
29.4833,3175.6,197.684,7186.11,1.18334,7.81816,0,0.458093
29.5,3175.55,197.675,7186.99,1.18332,7.8188,0,0.458093
29.5167,3175.5,197.665,7187.87,1.1833,7.81944,0,0.458093
29.5333,3175.46,197.656,7188.76,1.18329,7.82008,0,0.458093
29.55,3175.41,197.646,7189.64,1.18327,7.82072,0,0.458093
29.5667,3175.36,197.637,7190.52,1.18326,7.82136,0,0.458093
29.5833,3175.32,197.627,7191.4,1.18324,7.822,0,0.458093
29.6,3175.27,197.617,7192.28,1.18323,7.82264,0,0.458093
29.6167,3175.22,197.608,7193.17,1.18321,7.82329,0,0.458093
29.6333,3175.18,197.598,7194.05,1.1832,7.82393,0,0.458093
29.65,3175.13,197.588,7194.93,1.18318,7.82457,0,0.458093
29.6667,3175.08,197.579,7195.81,1.18316,7.82521,0,0.458093
29.6833,3175.04,197.569,7196.69,1.18315,7.82585,0,0.458093
29.7,3174.99,197.56,7197.58,1.18313,7.82649,0,0.458093
29.7167,3174.94,197.55,7198.46,1.18312,7.82713,0,0.458093
29.7333,3174.9,197.54,7199.34,1.1831,7.82778,0,0.458093
29.75,3174.85,197.531,7200.22,1.18309,7.82842,0,0.458093
29.7667,3174.8,197.521,7201.1,1.18307,7.82906,0,0.458093
29.7833,3174.76,197.512,7201.99,1.18306,7.8297,0,0.458093
29.8,3174.71,197.502,7202.87,1.18304,7.83035,0,0.458093
29.8167,3174.66,197.492,7203.75,1.18302,7.83099,0,0.458093
29.8333,3174.62,197.483,7204.63,1.18301,7.83163,0,0.458093
29.85,3174.57,197.473,7205.51,1.18299,7.83228,0,0.458093
29.8667,3174.52,197.463,7206.39,1.18298,7.83292,0,0.458093
29.8833,3174.48,197.454,7207.28,1.18296,7.83356,0,0.458093
29.9,3174.43,197.444,7208.16,1.18295,7.83421,0,0.458093
29.9167,3174.38,197.435,7209.04,1.18293,7.83485,0,0.458093
29.9333,3174.34,197.425,7209.92,1.18292,7.83549,0,0.458093
29.95,3174.29,197.415,7210.8,1.1829,7.83614,0,0.458093
29.9667,3174.24,197.406,7211.68,1.18288,7.83678,0,0.458093
29.9833,3174.2,197.396,7212.57,1.18287,7.83743,0,0.458093
30,3174.15,197.386,7213.45,1.18285,7.83807,0,0.458093
30.0167,3174.1,197.377,7214.33,1.18284,7.83872,0,0.458093
30.0333,3174.06,197.367,7215.21,1.18282,7.83936,0,0.458093
30.05,3174.01,197.357,7216.09,1.18281,7.84001,0,0.458093
30.0667,3173.96,197.348,7216.98,1.18279,7.84066,0,0.458093
30.0833,3173.92,197.338,7217.86,1.18278,7.8413,0,0.458093
30.1,3173.87,197.329,7218.74,1.18276,7.84195,0,0.458093
30.1167,3173.82,197.319,7219.62,1.18274,7.84259,0,0.458093
30.1333,3173.77,197.309,7220.5,1.18273,7.84324,0,0.458093
30.15,3173.73,197.3,7221.38,1.18271,7.84389,0,0.458093
30.1667,3173.68,197.29,7222.26,1.1827,7.84453,0,0.458093
30.1833,3173.63,197.28,7223.15,1.18268,7.84518,0,0.458093
30.2,3173.59,197.271,7224.03,1.18267,7.84583,0,0.458093
30.2167,3173.54,197.261,7224.91,1.18265,7.84648,0,0.458093
30.2333,3173.49,197.251,7225.79,1.18264,7.84712,0,0.458093
30.25,3173.45,197.242,7226.67,1.18262,7.84777,0,0.458093
30.2667,3173.4,197.232,7227.55,1.1826,7.84842,0,0.458093
30.2833,3173.35,197.222,7228.44,1.18259,7.84907,0,0.458093
30.3,3173.31,197.213,7229.32,1.18257,7.84972,0,0.458093
30.3167,3173.26,197.203,7230.2,1.18256,7.85036,0,0.458093
30.3333,3173.21,197.193,7231.08,1.18254,7.85101,0,0.458093
30.35,3173.16,197.184,7231.96,1.18253,7.85166,0,0.458093
30.3667,3173.12,197.174,7232.84,1.18251,7.85231,0,0.458093
30.3833,3173.07,197.164,7233.72,1.1825,7.85296,0,0.458093
30.4,3173.02,197.155,7234.61,1.18248,7.85361,0,0.458093
30.4167,3172.98,197.145,7235.49,1.18246,7.85426,0,0.458093
30.4333,3172.93,197.135,7236.37,1.18245,7.85491,0,0.458093
30.45,3172.88,197.126,7237.25,1.18243,7.85556,0,0.458093
30.4667,3172.84,197.116,7238.13,1.18242,7.85621,0,0.458093
30.4833,3172.79,197.106,7239.01,1.1824,7.85686,0,0.458093
30.5,3172.74,197.097,7239.89,1.18239,7.85751,0,0.458093
30.5167,3172.7,197.087,7240.78,1.18237,7.85816,0,0.458093
30.5333,3172.65,197.077,7241.66,1.18236,7.85881,0,0.458093
30.55,3172.6,197.068,7242.54,1.18234,7.85946,0,0.458093
30.5667,3172.55,197.058,7243.42,1.18232,7.86011,0,0.458093
30.5833,3172.51,197.048,7244.3,1.18231,7.86077,0,0.458093
30.6,3172.46,197.039,7245.18,1.18229,7.86142,0,0.458093
30.6167,3172.41,197.029,7246.06,1.18228,7.86207,0,0.458093
30.6333,3172.37,197.019,7246.94,1.18226,7.86272,0,0.458093
30.65,3172.32,197.009,7247.83,1.18225,7.86337,0,0.458093
30.6667,3172.27,197,7248.71,1.18223,7.86403,0,0.458093
30.6833,3172.22,196.99,7249.59,1.18221,7.86468,0,0.458093
30.7,3172.18,196.98,7250.47,1.1822,7.86533,0,0.458093
30.7167,3172.13,196.971,7251.35,1.18218,7.86598,0,0.458093
30.7333,3172.08,196.961,7252.23,1.18217,7.86664,0,0.458093
30.75,3172.04,196.951,7253.11,1.18215,7.86729,0,0.458093
30.7667,3171.99,196.942,7253.99,1.18214,7.86794,0,0.458093
30.7833,3171.94,196.932,7254.87,1.18212,7.8686,0,0.458093
30.8,3171.89,196.922,7255.76,1.18211,7.86925,0,0.458093
30.8167,3171.85,196.913,7256.64,1.18209,7.86991,0,0.458093
30.8333,3171.8,196.903,7257.52,1.18207,7.87056,0,0.458093
30.85,3171.75,196.893,7258.4,1.18206,7.87121,0,0.458093
30.8667,3171.71,196.883,7259.28,1.18204,7.87187,0,0.458093
30.8833,3171.66,196.874,7260.16,1.18203,7.87252,0,0.458093
30.9,3171.61,196.864,7261.04,1.18201,7.87318,0,0.458093
30.9167,3171.56,196.854,7261.92,1.182,7.87383,0,0.458093
30.9333,3171.52,196.845,7262.8,1.18198,7.87449,0,0.458093
30.95,3171.47,196.835,7263.68,1.18197,7.87515,0,0.458093
30.9667,3171.42,196.825,7264.57,1.18195,7.8758,0,0.458093
30.9833,3171.38,196.815,7265.45,1.18193,7.87646,0,0.458093
31,3171.33,196.806,7266.33,1.18192,7.87711,0,0.458093
31.0167,3171.28,196.796,7267.21,1.1819,7.87777,0,0.458093
31.0333,3171.23,196.786,7268.09,1.18189,7.87843,0,0.458093
31.05,3171.19,196.777,7268.97,1.18187,7.87908,0,0.458093
31.0667,3171.14,196.767,7269.85,1.18186,7.87974,0,0.458093
31.0833,3171.09,196.757,7270.73,1.18184,7.8804,0,0.458093
31.1,3171.05,196.747,7271.61,1.18183,7.88105,0,0.458093
31.1167,3171,196.738,7272.49,1.18181,7.88171,0,0.458093
31.1333,3170.95,196.728,7273.37,1.18179,7.88237,0,0.458093
31.15,3170.9,196.718,7274.26,1.18178,7.88303,0,0.458093
31.1667,3170.86,196.708,7275.14,1.18176,7.88369,0,0.458093
31.1833,3170.81,196.699,7276.02,1.18175,7.88434,0,0.458093
31.2,3170.76,196.689,7276.9,1.18173,7.885,0,0.458093
31.2167,3170.71,196.679,7277.78,1.18172,7.88566,0,0.458093
31.2333,3170.67,196.669,7278.66,1.1817,7.88632,0,0.458093
31.25,3170.62,196.66,7279.54,1.18168,7.88698,0,0.458093
31.2667,3170.57,196.65,7280.42,1.18167,7.88764,0,0.458093
31.2833,3170.53,196.64,7281.3,1.18165,7.8883,0,0.458093
31.3,3170.48,196.63,7282.18,1.18164,7.88896,0,0.458093
31.3167,3170.43,196.621,7283.06,1.18162,7.88962,0,0.458093
31.3333,3170.38,196.611,7283.94,1.18161,7.89028,0,0.458093
31.35,3170.34,196.601,7284.82,1.18159,7.89094,0,0.458093
31.3667,3170.29,196.592,7285.7,1.18158,7.8916,0,0.458093
31.3833,3170.24,196.582,7286.59,1.18156,7.89226,0,0.458093
31.4,3170.19,196.572,7287.47,1.18154,7.89292,0,0.458093
31.4167,3170.15,196.562,7288.35,1.18153,7.89358,0,0.458093
31.4333,3170.1,196.552,7289.23,1.18151,7.89424,0,0.458093
31.45,3170.05,196.543,7290.11,1.1815,7.8949,0,0.458093
31.4667,3170,196.533,7290.99,1.18148,7.89556,0,0.458093
31.4833,3169.96,196.523,7291.87,1.18147,7.89622,0,0.458093
31.5,3169.91,196.513,7292.75,1.18145,7.89689,0,0.458093
31.5167,3169.86,196.504,7293.63,1.18143,7.89755,0,0.458093
31.5333,3169.82,196.494,7294.51,1.18142,7.89821,0,0.458093
31.55,3169.77,196.484,7295.39,1.1814,7.89887,0,0.458093
31.5667,3169.72,196.474,7296.27,1.18139,7.89954,0,0.458093
31.5833,3169.67,196.465,7297.15,1.18137,7.9002,0,0.458093
31.6,3169.63,196.455,7298.03,1.18136,7.90086,0,0.458093
31.6167,3169.58,196.445,7298.91,1.18134,7.90152,0,0.458093
31.6333,3169.53,196.435,7299.79,1.18133,7.90219,0,0.458093
31.65,3169.48,196.426,7300.67,1.18131,7.90285,0,0.458093
31.6667,3169.44,196.416,7301.55,1.18129,7.90351,0,0.458093
31.6833,3169.39,196.406,7302.43,1.18128,7.90418,0,0.458093
31.7,3169.34,196.396,7303.31,1.18126,7.90484,0,0.458093
31.7167,3169.29,196.386,7304.19,1.18125,7.90551,0,0.458093
31.7333,3169.25,196.377,7305.08,1.18123,7.90617,0,0.458093
31.75,3169.2,196.367,7305.96,1.18122,7.90684,0,0.458093
31.7667,3169.15,196.357,7306.84,1.1812,7.9075,0,0.458093
31.7833,3169.1,196.347,7307.72,1.18118,7.90817,0,0.458093
31.8,3169.06,196.338,7308.6,1.18117,7.90883,0,0.458093
31.8167,3169.01,196.328,7309.48,1.18115,7.9095,0,0.458093
31.8333,3168.96,196.318,7310.36,1.18114,7.91016,0,0.458093
31.85,3168.91,196.308,7311.24,1.18112,7.91083,0,0.458093
31.8667,3168.87,196.298,7312.12,1.18111,7.91149,0,0.458093
31.8833,3168.82,196.289,7313,1.18109,7.91216,0,0.458093
31.9,3168.77,196.279,7313.88,1.18108,7.91283,0,0.458093
31.9167,3168.72,196.269,7314.76,1.18106,7.91349,0,0.458093
31.9333,3168.68,196.259,7315.64,1.18104,7.91416,0,0.458093
31.95,3168.63,196.249,7316.52,1.18103,7.91483,0,0.458093
31.9667,3168.58,196.24,7317.4,1.18101,7.9155,0,0.458093
31.9833,3168.53,196.23,7318.28,1.181,7.91616,0,0.458093
32,3168.49,196.22,7319.16,1.18098,7.91683,0,0.458093
32.0167,3168.44,196.21,7320.04,1.18097,7.9175,0,0.458093
32.0333,3168.39,196.2,7320.92,1.18095,7.91817,0,0.458093
32.05,3168.34,196.191,7321.8,1.18093,7.91883,0,0.458093
32.0667,3168.3,196.181,7322.68,1.18092,7.9195,0,0.458093
32.0833,3168.25,196.171,7323.56,1.1809,7.92017,0,0.458093
32.1,3168.2,196.161,7324.44,1.18089,7.92084,0,0.458093
32.1167,3168.15,196.151,7325.32,1.18087,7.92151,0,0.458093
32.1333,3168.11,196.142,7326.2,1.18086,7.92218,0,0.458093
32.15,3168.06,196.132,7327.08,1.18084,7.92285,0,0.458093
32.1667,3168.01,196.122,7327.96,1.18083,7.92352,0,0.458093
32.1833,3167.96,196.112,7328.84,1.18081,7.92419,0,0.458093
32.2,3167.91,196.102,7329.72,1.18079,7.92486,0,0.458093
32.2167,3167.87,196.092,7330.6,1.18078,7.92553,0,0.458093
32.2333,3167.82,196.083,7331.48,1.18076,7.9262,0,0.458093
32.25,3167.77,196.073,7332.36,1.18075,7.92687,0,0.458093
32.2667,3167.72,196.063,7333.24,1.18073,7.92754,0,0.458093
32.2833,3167.68,196.053,7334.12,1.18072,7.92821,0,0.458093
32.3,3167.63,196.043,7335,1.1807,7.92888,0,0.458093
32.3167,3167.58,196.034,7335.88,1.18068,7.92955,0,0.458093
32.3333,3167.53,196.024,7336.76,1.18067,7.93022,0,0.458093
32.35,3167.49,196.014,7337.64,1.18065,7.93089,0,0.458093
32.3667,3167.44,196.004,7338.52,1.18064,7.93157,0,0.458093
32.3833,3167.39,195.994,7339.4,1.18062,7.93224,0,0.458093
32.4,3167.34,195.984,7340.28,1.18061,7.93291,0,0.458093
32.4167,3167.29,195.975,7341.16,1.18059,7.93358,0,0.458093
32.4333,3167.25,195.965,7342.04,1.18057,7.93425,0,0.458093
32.45,3167.2,195.955,7342.92,1.18056,7.93493,0,0.458093
32.4667,3167.15,195.945,7343.8,1.18054,7.9356,0,0.458093
32.4833,3167.1,195.935,7344.68,1.18053,7.93627,0,0.458093
32.5,3167.06,195.925,7345.56,1.18051,7.93695,0,0.458093
32.5167,3167.01,195.915,7346.44,1.1805,7.93762,0,0.458093
32.5333,3166.96,195.906,7347.32,1.18048,7.93829,0,0.458093
32.55,3166.91,195.896,7348.2,1.18047,7.93897,0,0.458093
32.5667,3166.87,195.886,7349.08,1.18045,7.93964,0,0.458093
32.5833,3166.82,195.876,7349.96,1.18043,7.94032,0,0.458093
32.6,3166.77,195.866,7350.84,1.18042,7.94099,0,0.458093
32.6167,3166.72,195.856,7351.71,1.1804,7.94167,0,0.458093
32.6333,3166.67,195.847,7352.59,1.18039,7.94234,0,0.458093
32.65,3166.63,195.837,7353.47,1.18037,7.94302,0,0.458093
32.6667,3166.58,195.827,7354.35,1.18036,7.94369,0,0.458093
32.6833,3166.53,195.817,7355.23,1.18034,7.94437,0,0.458093
32.7,3166.48,195.807,7356.11,1.18032,7.94504,0,0.458093
32.7167,3166.44,195.797,7356.99,1.18031,7.94572,0,0.458093
32.7333,3166.39,195.787,7357.87,1.18029,7.94639,0,0.458093
32.75,3166.34,195.778,7358.75,1.18028,7.94707,0,0.458093
32.7667,3166.29,195.768,7359.63,1.18026,7.94775,0,0.458093
32.7833,3166.24,195.758,7360.51,1.18025,7.94842,0,0.458093
32.8,3166.2,195.748,7361.39,1.18023,7.9491,0,0.458093
32.8167,3166.15,195.738,7362.27,1.18021,7.94978,0,0.458093
32.8333,3166.1,195.728,7363.15,1.1802,7.95046,0,0.458093
32.85,3166.05,195.718,7364.03,1.18018,7.95113,0,0.458093
32.8667,3166,195.708,7364.91,1.18017,7.95181,0,0.458093
32.8833,3165.96,195.699,7365.79,1.18015,7.95249,0,0.458093
32.9,3165.91,195.689,7366.67,1.18014,7.95317,0,0.458093
32.9167,3165.86,195.679,7367.55,1.18012,7.95384,0,0.458093
32.9333,3165.81,195.669,7368.43,1.1801,7.95452,0,0.458093
32.95,3165.77,195.659,7369.31,1.18009,7.9552,0,0.458093
32.9667,3165.72,195.649,7370.18,1.18007,7.95588,0,0.458093
32.9833,3165.67,195.639,7371.06,1.18006,7.95656,0,0.458093
33,3165.62,195.629,7371.94,1.18004,7.95724,0,0.458093
33.0167,3165.57,195.62,7372.82,1.18003,7.95792,0,0.458093
33.0333,3165.53,195.61,7373.7,1.18001,7.9586,0,0.458093
33.05,3165.48,195.6,7374.58,1.17999,7.95928,0,0.458093
33.0667,3165.43,195.59,7375.46,1.17998,7.95996,0,0.458093
33.0833,3165.38,195.58,7376.34,1.17996,7.96064,0,0.458093
33.1,3165.33,195.57,7377.22,1.17995,7.96132,0,0.458093
33.1167,3165.29,195.56,7378.1,1.17993,7.962,0,0.458093
33.1333,3165.24,195.55,7378.98,1.17992,7.96268,0,0.458093
33.15,3165.19,195.54,7379.86,1.1799,7.96336,0,0.458093
33.1667,3165.14,195.53,7380.74,1.17989,7.96404,0,0.458093
33.1833,3165.09,195.521,7381.62,1.17987,7.96472,0,0.458093
33.2,3165.05,195.511,7382.49,1.17985,7.9654,0,0.458093
33.2167,3165,195.501,7383.37,1.17984,7.96609,0,0.458093
33.2333,3164.95,195.491,7384.25,1.17982,7.96677,0,0.458093
33.25,3164.9,195.481,7385.13,1.17981,7.96745,0,0.458093
33.2667,3164.86,195.471,7386.01,1.17979,7.96813,0,0.458093
33.2833,3164.81,195.461,7386.89,1.17978,7.96882,0,0.458093
33.3,3164.76,195.451,7387.77,1.17976,7.9695,0,0.458093
33.3167,3164.71,195.441,7388.65,1.17974,7.97018,0,0.458093
33.3333,3164.66,195.431,7389.53,1.17973,7.97086,0,0.458093
33.35,3164.62,195.422,7390.41,1.17971,7.97155,0,0.458093
33.3667,3164.57,195.412,7391.29,1.1797,7.97223,0,0.458093
33.3833,3164.52,195.402,7392.16,1.17968,7.97292,0,0.458093
33.4,3164.47,195.392,7393.04,1.17967,7.9736,0,0.458093
33.4167,3164.42,195.382,7393.92,1.17965,7.97428,0,0.458093
33.4333,3164.38,195.372,7394.8,1.17963,7.97497,0,0.458093
33.45,3164.33,195.362,7395.68,1.17962,7.97565,0,0.458093
33.4667,3164.28,195.352,7396.56,1.1796,7.97634,0,0.458093
33.4833,3164.23,195.342,7397.44,1.17959,7.97702,0,0.458093
33.5,3164.18,195.332,7398.32,1.17957,7.97771,0,0.458093
33.5167,3164.14,195.322,7399.2,1.17956,7.97839,0,0.458093
33.5333,3164.09,195.312,7400.08,1.17954,7.97908,0,0.458093
33.55,3164.04,195.302,7400.95,1.17952,7.97976,0,0.458093
33.5667,3163.99,195.293,7401.83,1.17951,7.98045,0,0.458093
33.5833,3163.94,195.283,7402.71,1.17949,7.98114,0,0.458093
33.6,3163.89,195.273,7403.59,1.17948,7.98182,0,0.458093
33.6167,3163.85,195.263,7404.47,1.17946,7.98251,0,0.458093
33.6333,3163.8,195.253,7405.35,1.17945,7.9832,0,0.458093
33.65,3163.75,195.243,7406.23,1.17943,7.98388,0,0.458093
33.6667,3163.7,195.233,7407.11,1.17941,7.98457,0,0.458093
33.6833,3163.65,195.223,7407.98,1.1794,7.98526,0,0.458093
33.7,3163.61,195.213,7408.86,1.17938,7.98594,0,0.458093
33.7167,3163.56,195.203,7409.74,1.17937,7.98663,0,0.458093
33.7333,3163.51,195.193,7410.62,1.17935,7.98732,0,0.458093
33.75,3163.46,195.183,7411.5,1.17934,7.98801,0,0.458093
33.7667,3163.41,195.173,7412.38,1.17932,7.9887,0,0.458093
33.7833,3163.37,195.163,7413.26,1.1793,7.98938,0,0.458093
33.8,3163.32,195.153,7414.14,1.17929,7.99007,0,0.458093
33.8167,3163.27,195.143,7415.01,1.17927,7.99076,0,0.458093
33.8333,3163.22,195.133,7415.89,1.17926,7.99145,0,0.458093
33.85,3163.17,195.123,7416.77,1.17924,7.99214,0,0.458093
33.8667,3163.13,195.114,7417.65,1.17923,7.99283,0,0.458093
33.8833,3163.08,195.104,7418.53,1.17921,7.99352,0,0.458093
33.9,3163.03,195.094,7419.41,1.17919,7.99421,0,0.458093
33.9167,3162.98,195.084,7420.29,1.17918,7.9949,0,0.458093
33.9333,3162.93,195.074,7421.17,1.17916,7.99559,0,0.458093
33.95,3162.88,195.064,7422.04,1.17915,7.99628,0,0.458093
33.9667,3162.84,195.054,7422.92,1.17913,7.99697,0,0.458093
33.9833,3162.79,195.044,7423.8,1.17912,7.99766,0,0.458093
34,3162.74,195.034,7424.68,1.1791,7.99835,0,0.458093
34.0167,3162.69,195.024,7425.56,1.17908,7.99905,0,0.458093
34.0333,3162.64,195.014,7426.44,1.17907,7.99974,0,0.458093
34.05,3162.6,195.004,7427.32,1.17905,8.00043,0,0.458093
34.0667,3162.55,194.994,7428.19,1.17904,8.00112,0,0.458093
34.0833,3162.5,194.984,7429.07,1.17902,8.00181,0,0.458093
34.1,3162.45,194.974,7429.95,1.17901,8.0025,0,0.458093
34.1167,3162.4,194.964,7430.83,1.17899,8.0032,0,0.458093
34.1333,3162.35,194.954,7431.71,1.17897,8.00389,0,0.458093
34.15,3162.31,194.944,7432.59,1.17896,8.00458,0,0.458093
34.1667,3162.26,194.934,7433.46,1.17894,8.00528,0,0.458093
34.1833,3162.21,194.924,7434.34,1.17893,8.00597,0,0.458093
34.2,3162.16,194.914,7435.22,1.17891,8.00666,0,0.458093
34.2167,3162.11,194.904,7436.1,1.1789,8.00736,0,0.458093
34.2333,3162.07,194.894,7436.98,1.17888,8.00805,0,0.458093
34.25,3162.02,194.884,7437.86,1.17886,8.00874,0,0.458093
34.2667,3161.97,194.874,7438.73,1.17885,8.00944,0,0.458093
34.2833,3161.92,194.864,7439.61,1.17883,8.01013,0,0.458093
34.3,3161.87,194.854,7440.49,1.17882,8.01083,0,0.458093
34.3167,3161.82,194.844,7441.37,1.1788,8.01152,0,0.458093
34.3333,3161.78,194.834,7442.25,1.17879,8.01222,0,0.458093
34.35,3161.73,194.824,7443.13,1.17877,8.01291,0,0.458093
34.3667,3161.68,194.814,7444,1.17875,8.01361,0,0.458093
34.3833,3161.63,194.804,7444.88,1.17874,8.01431,0,0.458093
34.4,3161.58,194.794,7445.76,1.17872,8.015,0,0.458093
34.4167,3161.53,194.784,7446.64,1.17871,8.0157,0,0.458093
34.4333,3161.49,194.774,7447.52,1.17869,8.01639,0,0.458093
34.45,3161.44,194.764,7448.4,1.17868,8.01709,0,0.458093
34.4667,3161.39,194.754,7449.27,1.17866,8.01779,0,0.458093
34.4833,3161.34,194.744,7450.15,1.17864,8.01848,0,0.458093
34.5,3161.29,194.734,7451.03,1.17863,8.01918,0,0.458093
34.5167,3161.24,194.724,7451.91,1.17861,8.01988,0,0.458093
34.5333,3161.2,194.714,7452.79,1.1786,8.02058,0,0.458093
34.55,3161.15,194.704,7453.66,1.17858,8.02127,0,0.458093
34.5667,3161.1,194.694,7454.54,1.17857,8.02197,0,0.458093
34.5833,3161.05,194.684,7455.42,1.17855,8.02267,0,0.458093
34.6,3161,194.674,7456.3,1.17853,8.02337,0,0.458093
34.6167,3160.95,194.664,7457.18,1.17852,8.02407,0,0.458093
34.6333,3160.91,194.654,7458.05,1.1785,8.02477,0,0.458093
34.65,3160.86,194.644,7458.93,1.17849,8.02546,0,0.458093
34.6667,3160.81,194.634,7459.81,1.17847,8.02616,0,0.458093
34.6833,3160.76,194.624,7460.69,1.17845,8.02686,0,0.458093
34.7,3160.71,194.614,7461.57,1.17844,8.02756,0,0.458093
34.7167,3160.66,194.604,7462.44,1.17842,8.02826,0,0.458093
34.7333,3160.62,194.594,7463.32,1.17841,8.02896,0,0.458093
34.75,3160.57,194.584,7464.2,1.17839,8.02966,0,0.458093
34.7667,3160.52,194.574,7465.08,1.17838,8.03036,0,0.458093
34.7833,3160.47,194.564,7465.96,1.17836,8.03106,0,0.458093
34.8,3160.42,194.554,7466.83,1.17834,8.03176,0,0.458093
34.8167,3160.37,194.544,7467.71,1.17833,8.03247,0,0.458093
34.8333,3160.33,194.534,7468.59,1.17831,8.03317,0,0.458093
34.85,3160.28,194.524,7469.47,1.1783,8.03387,0,0.458093
34.8667,3160.23,194.514,7470.35,1.17828,8.03457,0,0.458093
34.8833,3160.18,194.504,7471.22,1.17827,8.03527,0,0.458093
34.9,3160.13,194.494,7472.1,1.17825,8.03597,0,0.458093
34.9167,3160.08,194.483,7472.98,1.17823,8.03668,0,0.458093
34.9333,3160.04,194.473,7473.86,1.17822,8.03738,0,0.458093
34.95,3159.99,194.463,7474.73,1.1782,8.03808,0,0.458093
34.9667,3159.94,194.453,7475.61,1.17819,8.03878,0,0.458093
34.9833,3159.89,194.443,7476.49,1.17817,8.03949,0,0.458093
35,3159.84,194.433,7477.37,1.17816,8.04019,0,0.458093
35.0167,3159.79,194.423,7478.25,1.17814,8.04089,0,0.458093
35.0333,3159.75,194.413,7479.12,1.17812,8.0416,0,0.458093
35.05,3159.7,194.403,7480,1.17811,8.0423,0,0.458093
35.0667,3159.65,194.393,7480.88,1.17809,8.04301,0,0.458093
35.0833,3159.6,194.383,7481.76,1.17808,8.04371,0,0.458093
35.1,3159.55,194.373,7482.63,1.17806,8.04441,0,0.458093
35.1167,3159.5,194.363,7483.51,1.17805,8.04512,0,0.458093
35.1333,3159.45,194.353,7484.39,1.17803,8.04582,0,0.458093
35.15,3159.41,194.343,7485.27,1.17801,8.04653,0,0.458093
35.1667,3159.36,194.333,7486.14,1.178,8.04723,0,0.458093
35.1833,3159.31,194.323,7487.02,1.17798,8.04794,0,0.458093
35.2,3159.26,194.313,7487.9,1.17797,8.04865,0,0.458093
35.2167,3159.21,194.302,7488.78,1.17795,8.04935,0,0.458093
35.2333,3159.16,194.292,7489.65,1.17793,8.05006,0,0.458093
35.25,3159.12,194.282,7490.53,1.17792,8.05076,0,0.458093
35.2667,3159.07,194.272,7491.41,1.1779,8.05147,0,0.458093
35.2833,3159.02,194.262,7492.29,1.17789,8.05218,0,0.458093
35.3,3158.97,194.252,7493.16,1.17787,8.05288,0,0.458093
35.3167,3158.92,194.242,7494.04,1.17786,8.05359,0,0.458093
35.3333,3158.87,194.232,7494.92,1.17784,8.0543,0,0.458093
35.35,3158.82,194.222,7495.8,1.17782,8.05501,0,0.458093
35.3667,3158.78,194.212,7496.67,1.17781,8.05571,0,0.458093
35.3833,3158.73,194.202,7497.55,1.17779,8.05642,0,0.458093
35.4,3158.68,194.192,7498.43,1.17778,8.05713,0,0.458093
35.4167,3158.63,194.182,7499.31,1.17776,8.05784,0,0.458093
35.4333,3158.58,194.171,7500.18,1.17775,8.05855,0,0.458093
35.45,3158.53,194.161,7501.06,1.17773,8.05926,0,0.458093
35.4667,3158.48,194.151,7501.94,1.17771,8.05997,0,0.458093
35.4833,3158.44,194.141,7502.82,1.1777,8.06068,0,0.458093
35.5,3158.39,194.131,7503.69,1.17768,8.06138,0,0.458093
35.5167,3158.34,194.121,7504.57,1.17767,8.06209,0,0.458093
35.5333,3158.29,194.111,7505.45,1.17765,8.0628,0,0.458093
35.55,3158.24,194.101,7506.33,1.17764,8.06351,0,0.458093
35.5667,3158.19,194.091,7507.2,1.17762,8.06422,0,0.458093
35.5833,3158.15,194.081,7508.08,1.1776,8.06494,0,0.458093
35.6,3158.1,194.07,7508.96,1.17759,8.06565,0,0.458093
35.6167,3158.05,194.06,7509.83,1.17757,8.06636,0,0.458093
35.6333,3158,194.05,7510.71,1.17756,8.06707,0,0.458093
35.65,3157.95,194.04,7511.59,1.17754,8.06778,0,0.458093
35.6667,3157.9,194.03,7512.47,1.17752,8.06849,0,0.458093
35.6833,3157.85,194.02,7513.34,1.17751,8.0692,0,0.458093
35.7,3157.81,194.01,7514.22,1.17749,8.06991,0,0.458093
35.7167,3157.76,194,7515.1,1.17748,8.07063,0,0.458093
35.7333,3157.71,193.99,7515.97,1.17746,8.07134,0,0.458093
35.75,3157.66,193.979,7516.85,1.17745,8.07205,0,0.458093
35.7667,3157.61,193.969,7517.73,1.17743,8.07276,0,0.458093
35.7833,3157.56,193.959,7518.61,1.17741,8.07348,0,0.458093
35.8,3157.51,193.949,7519.48,1.1774,8.07419,0,0.458093
35.8167,3157.47,193.939,7520.36,1.17738,8.0749,0,0.458093
35.8333,3157.42,193.929,7521.24,1.17737,8.07562,0,0.458093
35.85,3157.37,193.919,7522.11,1.17735,8.07633,0,0.458093
35.8667,3157.32,193.909,7522.99,1.17734,8.07705,0,0.458093
35.8833,3157.27,193.899,7523.87,1.17732,8.07776,0,0.458093
35.9,3157.22,193.888,7524.75,1.1773,8.07847,0,0.458093
35.9167,3157.17,193.878,7525.62,1.17729,8.07919,0,0.458093
35.9333,3157.13,193.868,7526.5,1.17727,8.0799,0,0.458093
35.95,3157.08,193.858,7527.38,1.17726,8.08062,0,0.458093
35.9667,3157.03,193.848,7528.25,1.17724,8.08133,0,0.458093
35.9833,3156.98,193.838,7529.13,1.17722,8.08205,0,0.458093
36,3156.93,193.828,7530.01,1.17721,8.08277,0,0.458093
36.0167,3156.88,193.817,7530.88,1.17719,8.08348,0,0.458093
36.0333,3156.83,193.807,7531.76,1.17718,8.0842,0,0.458093
36.05,3156.78,193.797,7532.64,1.17716,8.08491,0,0.458093
36.0667,3156.74,193.787,7533.52,1.17715,8.08563,0,0.458093
36.0833,3156.69,193.777,7534.39,1.17713,8.08635,0,0.458093
36.1,3156.64,193.767,7535.27,1.17711,8.08706,0,0.458093
36.1167,3156.59,193.757,7536.15,1.1771,8.08778,0,0.458093
36.1333,3156.54,193.746,7537.02,1.17708,8.0885,0,0.458093
36.15,3156.49,193.736,7537.9,1.17707,8.08922,0,0.458093
36.1667,3156.44,193.726,7538.78,1.17705,8.08993,0,0.458093
36.1833,3156.4,193.716,7539.65,1.17704,8.09065,0,0.458093
36.2,3156.35,193.706,7540.53,1.17702,8.09137,0,0.458093
36.2167,3156.3,193.696,7541.41,1.177,8.09209,0,0.458093
36.2333,3156.25,193.686,7542.28,1.17699,8.09281,0,0.458093
36.25,3156.2,193.675,7543.16,1.17697,8.09353,0,0.458093
36.2667,3156.15,193.665,7544.04,1.17696,8.09425,0,0.458093
36.2833,3156.1,193.655,7544.91,1.17694,8.09496,0,0.458093
36.3,3156.05,193.645,7545.79,1.17692,8.09568,0,0.458093
36.3167,3156.01,193.635,7546.67,1.17691,8.0964,0,0.458093
36.3333,3155.96,193.625,7547.54,1.17689,8.09712,0,0.458093
36.35,3155.91,193.614,7548.42,1.17688,8.09784,0,0.458093
36.3667,3155.86,193.604,7549.3,1.17686,8.09856,0,0.458093
36.3833,3155.81,193.594,7550.17,1.17685,8.09928,0,0.458093
36.4,3155.76,193.584,7551.05,1.17683,8.10001,0,0.458093
36.4167,3155.71,193.574,7551.93,1.17681,8.10073,0,0.458093
36.4333,3155.67,193.564,7552.8,1.1768,8.10145,0,0.458093
36.45,3155.62,193.553,7553.68,1.17678,8.10217,0,0.458093
36.4667,3155.57,193.543,7554.56,1.17677,8.10289,0,0.458093
36.4833,3155.52,193.533,7555.43,1.17675,8.10361,0,0.458093
36.5,3155.47,193.523,7556.31,1.17674,8.10433,0,0.458093
36.5167,3155.42,193.513,7557.19,1.17672,8.10506,0,0.458093
36.5333,3155.37,193.503,7558.06,1.1767,8.10578,0,0.458093
36.55,3155.32,193.492,7558.94,1.17669,8.1065,0,0.458093
36.5667,3155.28,193.482,7559.82,1.17667,8.10722,0,0.458093
36.5833,3155.23,193.472,7560.69,1.17666,8.10795,0,0.458093
36.6,3155.18,193.462,7561.57,1.17664,8.10867,0,0.458093
36.6167,3155.13,193.452,7562.44,1.17662,8.10939,0,0.458093
36.6333,3155.08,193.441,7563.32,1.17661,8.11012,0,0.458093
36.65,3155.03,193.431,7564.2,1.17659,8.11084,0,0.458093
36.6667,3154.98,193.421,7565.07,1.17658,8.11157,0,0.458093
36.6833,3154.93,193.411,7565.95,1.17656,8.11229,0,0.458093
36.7,3154.89,193.401,7566.83,1.17655,8.11302,0,0.458093
36.7167,3154.84,193.39,7567.7,1.17653,8.11374,0,0.458093
36.7333,3154.79,193.38,7568.58,1.17651,8.11447,0,0.458093
36.75,3154.74,193.37,7569.46,1.1765,8.11519,0,0.458093
36.7667,3154.69,193.36,7570.33,1.17648,8.11592,0,0.458093
36.7833,3154.64,193.35,7571.21,1.17647,8.11664,0,0.458093
36.8,3154.59,193.339,7572.08,1.17645,8.11737,0,0.458093
36.8167,3154.54,193.329,7572.96,1.17643,8.11809,0,0.458093
36.8333,3154.5,193.319,7573.84,1.17642,8.11882,0,0.458093
36.85,3154.45,193.309,7574.71,1.1764,8.11955,0,0.458093
36.8667,3154.4,193.299,7575.59,1.17639,8.12027,0,0.458093
36.8833,3154.35,193.288,7576.47,1.17637,8.121,0,0.458093
36.9,3154.3,193.278,7577.34,1.17636,8.12173,0,0.458093
36.9167,3154.25,193.268,7578.22,1.17634,8.12245,0,0.458093
36.9333,3154.2,193.258,7579.09,1.17632,8.12318,0,0.458093
36.95,3154.15,193.248,7579.97,1.17631,8.12391,0,0.458093
36.9667,3154.1,193.237,7580.85,1.17629,8.12464,0,0.458093
36.9833,3154.06,193.227,7581.72,1.17628,8.12537,0,0.458093
37,3154.01,193.217,7582.6,1.17626,8.12609,0,0.458093
37.0167,3153.96,193.207,7583.47,1.17624,8.12682,0,0.458093
37.0333,3153.91,193.197,7584.35,1.17623,8.12755,0,0.458093
37.05,3153.86,193.186,7585.23,1.17621,8.12828,0,0.458093
37.0667,3153.81,193.176,7586.1,1.1762,8.12901,0,0.458093
37.0833,3153.76,193.166,7586.98,1.17618,8.12974,0,0.458093
37.1,3153.71,193.156,7587.85,1.17617,8.13047,0,0.458093
37.1167,3153.67,193.145,7588.73,1.17615,8.1312,0,0.458093
37.1333,3153.62,193.135,7589.61,1.17613,8.13193,0,0.458093
37.15,3153.57,193.125,7590.48,1.17612,8.13266,0,0.458093
37.1667,3153.52,193.115,7591.36,1.1761,8.13339,0,0.458093
37.1833,3153.47,193.104,7592.23,1.17609,8.13412,0,0.458093
37.2,3153.42,193.094,7593.11,1.17607,8.13485,0,0.458093
37.2167,3153.37,193.084,7593.99,1.17605,8.13558,0,0.458093
37.2333,3153.32,193.074,7594.86,1.17604,8.13631,0,0.458093
37.25,3153.27,193.063,7595.74,1.17602,8.13705,0,0.458093
37.2667,3153.23,193.053,7596.61,1.17601,8.13778,0,0.458093
37.2833,3153.18,193.043,7597.49,1.17599,8.13851,0,0.458093
37.3,3153.13,193.033,7598.37,1.17598,8.13924,0,0.458093
37.3167,3153.08,193.023,7599.24,1.17596,8.13998,0,0.458093
37.3333,3153.03,193.012,7600.12,1.17594,8.14071,0,0.458093
37.35,3152.98,193.002,7600.99,1.17593,8.14144,0,0.458093
37.3667,3152.93,192.992,7601.87,1.17591,8.14217,0,0.458093
37.3833,3152.88,192.982,7602.75,1.1759,8.14291,0,0.458093
37.4,3152.84,192.971,7603.62,1.17588,8.14364,0,0.458093
37.4167,3152.79,192.961,7604.5,1.17586,8.14438,0,0.458093
37.4333,3152.74,192.951,7605.37,1.17585,8.14511,0,0.458093
37.45,3152.69,192.94,7606.25,1.17583,8.14584,0,0.458093
37.4667,3152.64,192.93,7607.12,1.17582,8.14658,0,0.458093
37.4833,3152.59,192.92,7608,1.1758,8.14731,0,0.458093
37.5,3152.54,192.91,7608.88,1.17579,8.14805,0,0.458093
37.5167,3152.49,192.899,7609.75,1.17577,8.14878,0,0.458093
37.5333,3152.44,192.889,7610.63,1.17575,8.14952,0,0.458093
37.55,3152.4,192.879,7611.5,1.17574,8.15025,0,0.458093
37.5667,3152.35,192.869,7612.38,1.17572,8.15099,0,0.458093
37.5833,3152.3,192.858,7613.25,1.17571,8.15173,0,0.458093
37.6,3152.25,192.848,7614.13,1.17569,8.15246,0,0.458093
37.6167,3152.2,192.838,7615.01,1.17567,8.1532,0,0.458093
37.6333,3152.15,192.828,7615.88,1.17566,8.15393,0,0.458093
37.65,3152.1,192.817,7616.76,1.17564,8.15467,0,0.458093
37.6667,3152.05,192.807,7617.63,1.17563,8.15541,0,0.458093
37.6833,3152,192.797,7618.51,1.17561,8.15615,0,0.458093
37.7,3151.96,192.786,7619.38,1.1756,8.15688,0,0.458093
37.7167,3151.91,192.776,7620.26,1.17558,8.15762,0,0.458093
37.7333,3151.86,192.766,7621.13,1.17556,8.15836,0,0.458093
37.75,3151.81,192.756,7622.01,1.17555,8.1591,0,0.458093
37.7667,3151.76,192.745,7622.89,1.17553,8.15984,0,0.458093
37.7833,3151.71,192.735,7623.76,1.17552,8.16057,0,0.458093
37.8,3151.66,192.725,7624.64,1.1755,8.16131,0,0.458093
37.8167,3151.61,192.714,7625.51,1.17548,8.16205,0,0.458093
37.8333,3151.56,192.704,7626.39,1.17547,8.16279,0,0.458093
37.85,3151.51,192.694,7627.26,1.17545,8.16353,0,0.458093
37.8667,3151.47,192.684,7628.14,1.17544,8.16427,0,0.458093
37.8833,3151.42,192.673,7629.01,1.17542,8.16501,0,0.458093
37.9,3151.37,192.663,7629.89,1.17541,8.16575,0,0.458093
37.9167,3151.32,192.653,7630.76,1.17539,8.16649,0,0.458093
37.9333,3151.27,192.642,7631.64,1.17537,8.16723,0,0.458093
37.95,3151.22,192.632,7632.51,1.17536,8.16797,0,0.458093
37.9667,3151.17,192.622,7633.39,1.17534,8.16871,0,0.458093
37.9833,3151.12,192.611,7634.27,1.17533,8.16945,0,0.458093
38,3151.07,192.601,7635.14,1.17531,8.1702,0,0.458093
38.0167,3151.03,192.591,7636.02,1.17529,8.17094,0,0.458093
38.0333,3150.98,192.581,7636.89,1.17528,8.17168,0,0.458093
38.05,3150.93,192.57,7637.77,1.17526,8.17242,0,0.458093
38.0667,3150.88,192.56,7638.64,1.17525,8.17316,0,0.458093
38.0833,3150.83,192.55,7639.52,1.17523,8.17391,0,0.458093
38.1,3150.78,192.539,7640.39,1.17522,8.17465,0,0.458093
38.1167,3150.73,192.529,7641.27,1.1752,8.17539,0,0.458093
38.1333,3150.68,192.519,7642.14,1.17518,8.17614,0,0.458093
38.15,3150.63,192.508,7643.02,1.17517,8.17688,0,0.458093
38.1667,3150.58,192.498,7643.89,1.17515,8.17762,0,0.458093
38.1833,3150.54,192.488,7644.77,1.17514,8.17837,0,0.458093
38.2,3150.49,192.477,7645.64,1.17512,8.17911,0,0.458093
38.2167,3150.44,192.467,7646.52,1.1751,8.17985,0,0.458093
38.2333,3150.39,192.457,7647.39,1.17509,8.1806,0,0.458093
38.25,3150.34,192.446,7648.27,1.17507,8.18134,0,0.458093
38.2667,3150.29,192.436,7649.14,1.17506,8.18209,0,0.458093
38.2833,3150.24,192.426,7650.02,1.17504,8.18283,0,0.458093
38.3,3150.19,192.415,7650.89,1.17502,8.18358,0,0.458093
38.3167,3150.14,192.405,7651.77,1.17501,8.18433,0,0.458093
38.3333,3150.1,192.395,7652.64,1.17499,8.18507,0,0.458093
38.35,3150.05,192.384,7653.52,1.17498,8.18582,0,0.458093
38.3667,3150,192.374,7654.39,1.17496,8.18656,0,0.458093
38.3833,3149.95,192.364,7655.27,1.17495,8.18731,0,0.458093
38.4,3149.9,192.353,7656.14,1.17493,8.18806,0,0.458093
38.4167,3149.85,192.343,7657.02,1.17491,8.1888,0,0.458093
38.4333,3149.8,192.333,7657.89,1.1749,8.18955,0,0.458093
38.45,3149.75,192.322,7658.77,1.17488,8.1903,0,0.458093
38.4667,3149.7,192.312,7659.64,1.17487,8.19105,0,0.458093
38.4833,3149.65,192.302,7660.52,1.17485,8.19179,0,0.458093
38.5,3149.61,192.291,7661.39,1.17483,8.19254,0,0.458093
38.5167,3149.56,192.281,7662.27,1.17482,8.19329,0,0.458093
38.5333,3149.51,192.271,7663.14,1.1748,8.19404,0,0.458093
38.55,3149.46,192.26,7664.02,1.17479,8.19479,0,0.458093
38.5667,3149.41,192.25,7664.89,1.17477,8.19554,0,0.458093
38.5833,3149.36,192.24,7665.77,1.17475,8.19629,0,0.458093
38.6,3149.31,192.229,7666.64,1.17474,8.19703,0,0.458093
38.6167,3149.26,192.219,7667.52,1.17472,8.19778,0,0.458093
38.6333,3149.21,192.209,7668.39,1.17471,8.19853,0,0.458093
38.65,3149.16,192.198,7669.27,1.17469,8.19928,0,0.458093
38.6667,3149.11,192.188,7670.14,1.17468,8.20003,0,0.458093
38.6833,3149.07,192.177,7671.02,1.17466,8.20079,0,0.458093
38.7,3149.02,192.167,7671.89,1.17464,8.20154,0,0.458093
38.7167,3148.97,192.157,7672.77,1.17463,8.20229,0,0.458093
38.7333,3148.92,192.146,7673.64,1.17461,8.20304,0,0.458093
38.75,3148.87,192.136,7674.52,1.1746,8.20379,0,0.458093
38.7667,3148.82,192.126,7675.39,1.17458,8.20454,0,0.458093
38.7833,3148.77,192.115,7676.26,1.17456,8.20529,0,0.458093
38.8,3148.72,192.105,7677.14,1.17455,8.20604,0,0.458093
38.8167,3148.67,192.095,7678.01,1.17453,8.2068,0,0.458093
38.8333,3148.62,192.084,7678.89,1.17452,8.20755,0,0.458093
38.85,3148.58,192.074,7679.76,1.1745,8.2083,0,0.458093
38.8667,3148.53,192.063,7680.64,1.17448,8.20906,0,0.458093
38.8833,3148.48,192.053,7681.51,1.17447,8.20981,0,0.458093
38.9,3148.43,192.043,7682.39,1.17445,8.21056,0,0.458093
38.9167,3148.38,192.032,7683.26,1.17444,8.21132,0,0.458093
38.9333,3148.33,192.022,7684.14,1.17442,8.21207,0,0.458093
38.95,3148.28,192.011,7685.01,1.17441,8.21282,0,0.458093
38.9667,3148.23,192.001,7685.89,1.17439,8.21358,0,0.458093
38.9833,3148.18,191.991,7686.76,1.17437,8.21433,0,0.458093
39,3148.13,191.98,7687.63,1.17436,8.21509,0,0.458093
39.0167,3148.08,191.97,7688.51,1.17434,8.21584,0,0.458093
39.0333,3148.04,191.96,7689.38,1.17433,8.2166,0,0.458093
39.05,3147.99,191.949,7690.26,1.17431,8.21735,0,0.458093
39.0667,3147.94,191.939,7691.13,1.17429,8.21811,0,0.458093
39.0833,3147.89,191.928,7692.01,1.17428,8.21886,0,0.458093
39.1,3147.84,191.918,7692.88,1.17426,8.21962,0,0.458093
39.1167,3147.79,191.908,7693.76,1.17425,8.22038,0,0.458093
39.1333,3147.74,191.897,7694.63,1.17423,8.22113,0,0.458093
39.15,3147.69,191.887,7695.5,1.17421,8.22189,0,0.458093
39.1667,3147.64,191.876,7696.38,1.1742,8.22265,0,0.458093
39.1833,3147.59,191.866,7697.25,1.17418,8.2234,0,0.458093
39.2,3147.54,191.856,7698.13,1.17417,8.22416,0,0.458093
39.2167,3147.5,191.845,7699,1.17415,8.22492,0,0.458093
39.2333,3147.45,191.835,7699.88,1.17414,8.22568,0,0.458093
39.25,3147.4,191.824,7700.75,1.17412,8.22644,0,0.458093
39.2667,3147.35,191.814,7701.62,1.1741,8.22719,0,0.458093
39.2833,3147.3,191.803,7702.5,1.17409,8.22795,0,0.458093
39.3,3147.25,191.793,7703.37,1.17407,8.22871,0,0.458093
39.3167,3147.2,191.783,7704.25,1.17406,8.22947,0,0.458093
39.3333,3147.15,191.772,7705.12,1.17404,8.23023,0,0.458093
39.35,3147.1,191.762,7706,1.17402,8.23099,0,0.458093
39.3667,3147.05,191.751,7706.87,1.17401,8.23175,0,0.458093
39.3833,3147,191.741,7707.74,1.17399,8.23251,0,0.458093
39.4,3146.96,191.731,7708.62,1.17398,8.23327,0,0.458093
39.4167,3146.91,191.72,7709.49,1.17396,8.23403,0,0.458093
39.4333,3146.86,191.71,7710.37,1.17394,8.23479,0,0.458093
39.45,3146.81,191.699,7711.24,1.17393,8.23555,0,0.458093
39.4667,3146.76,191.689,7712.11,1.17391,8.23631,0,0.458093
39.4833,3146.71,191.678,7712.99,1.1739,8.23707,0,0.458093
39.5,3146.66,191.668,7713.86,1.17388,8.23784,0,0.458093
39.5167,3146.61,191.657,7714.74,1.17387,8.2386,0,0.458093
39.5333,3146.56,191.647,7715.61,1.17385,8.23936,0,0.458093
39.55,3146.51,191.637,7716.48,1.17383,8.24012,0,0.458093
39.5667,3146.46,191.626,7717.36,1.17382,8.24088,0,0.458093
39.5833,3146.42,191.616,7718.23,1.1738,8.24165,0,0.458093
39.6,3146.37,191.605,7719.11,1.17379,8.24241,0,0.458093
39.6167,3146.32,191.595,7719.98,1.17377,8.24317,0,0.458093
39.6333,3146.27,191.584,7720.85,1.17375,8.24394,0,0.458093
39.65,3146.22,191.574,7721.73,1.17374,8.2447,0,0.458093
39.6667,3146.17,191.564,7722.6,1.17372,8.24546,0,0.458093
39.6833,3146.12,191.553,7723.48,1.17371,8.24623,0,0.458093
39.7,3146.07,191.543,7724.35,1.17369,8.24699,0,0.458093
39.7167,3146.02,191.532,7725.22,1.17367,8.24776,0,0.458093
39.7333,3145.97,191.522,7726.1,1.17366,8.24852,0,0.458093
39.75,3145.92,191.511,7726.97,1.17364,8.24929,0,0.458093
39.7667,3145.88,191.501,7727.85,1.17363,8.25005,0,0.458093
39.7833,3145.83,191.49,7728.72,1.17361,8.25082,0,0.458093
39.8,3145.78,191.48,7729.59,1.17359,8.25158,0,0.458093
39.8167,3145.73,191.469,7730.47,1.17358,8.25235,0,0.458093
39.8333,3145.68,191.459,7731.34,1.17356,8.25311,0,0.458093
39.85,3145.63,191.448,7732.21,1.17355,8.25388,0,0.458093
39.8667,3145.58,191.438,7733.09,1.17353,8.25465,0,0.458093
39.8833,3145.53,191.428,7733.96,1.17352,8.25541,0,0.458093
39.9,3145.48,191.417,7734.84,1.1735,8.25618,0,0.458093
39.9167,3145.43,191.407,7735.71,1.17348,8.25695,0,0.458093
39.9333,3145.38,191.396,7736.58,1.17347,8.25772,0,0.458093
39.95,3145.33,191.386,7737.46,1.17345,8.25848,0,0.458093
39.9667,3145.29,191.375,7738.33,1.17344,8.25925,0,0.458093
39.9833,3145.24,191.365,7739.2,1.17342,8.26002,0,0.458093
40,3145.19,191.354,7740.08,1.1734,8.26079,0,0.458093
40.0167,3145.14,191.344,7740.95,1.17339,8.26156,0,0.458093
40.0333,3145.09,191.333,7741.83,1.17337,8.26233,0,0.458093
40.05,3145.04,191.323,7742.7,1.17336,8.2631,0,0.458093
40.0667,3144.99,191.312,7743.57,1.17334,8.26386,0,0.458093
40.0833,3144.94,191.302,7744.45,1.17332,8.26463,0,0.458093
40.1,3144.89,191.291,7745.32,1.17331,8.2654,0,0.458093
40.1167,3144.84,191.281,7746.19,1.17329,8.26617,0,0.458093
40.1333,3144.79,191.27,7747.07,1.17328,8.26694,0,0.458093
40.15,3144.74,191.26,7747.94,1.17326,8.26772,0,0.458093
40.1667,3144.7,191.249,7748.81,1.17324,8.26849,0,0.458093
40.1833,3144.65,191.239,7749.69,1.17323,8.26926,0,0.458093
40.2,3144.6,191.228,7750.56,1.17321,8.27003,0,0.458093
40.2167,3144.55,191.218,7751.43,1.1732,8.2708,0,0.458093
40.2333,3144.5,191.207,7752.31,1.17318,8.27157,0,0.458093
40.25,3144.45,191.197,7753.18,1.17316,8.27234,0,0.458093
40.2667,3144.4,191.186,7754.06,1.17315,8.27312,0,0.458093
40.2833,3144.35,191.176,7754.93,1.17313,8.27389,0,0.458093
40.3,3144.3,191.165,7755.8,1.17312,8.27466,0,0.458093
40.3167,3144.25,191.155,7756.68,1.1731,8.27543,0,0.458093
40.3333,3144.2,191.144,7757.55,1.17309,8.27621,0,0.458093
40.35,3144.15,191.134,7758.42,1.17307,8.27698,0,0.458093
40.3667,3144.11,191.123,7759.3,1.17305,8.27775,0,0.458093
40.3833,3144.06,191.113,7760.17,1.17304,8.27853,0,0.458093
40.4,3144.01,191.102,7761.04,1.17302,8.2793,0,0.458093
40.4167,3143.96,191.092,7761.92,1.17301,8.28007,0,0.458093
40.4333,3143.91,191.081,7762.79,1.17299,8.28085,0,0.458093
40.45,3143.86,191.071,7763.66,1.17297,8.28162,0,0.458093
40.4667,3143.81,191.06,7764.54,1.17296,8.2824,0,0.458093
40.4833,3143.76,191.05,7765.41,1.17294,8.28317,0,0.458093
40.5,3143.71,191.039,7766.28,1.17293,8.28395,0,0.458093
40.5167,3143.66,191.029,7767.16,1.17291,8.28473,0,0.458093
40.5333,3143.61,191.018,7768.03,1.17289,8.2855,0,0.458093
40.55,3143.56,191.008,7768.9,1.17288,8.28628,0,0.458093
40.5667,3143.52,190.997,7769.78,1.17286,8.28705,0,0.458093
40.5833,3143.47,190.987,7770.65,1.17285,8.28783,0,0.458093
40.6,3143.42,190.976,7771.52,1.17283,8.28861,0,0.458093
40.6167,3143.37,190.966,7772.39,1.17281,8.28938,0,0.458093
40.6333,3143.32,190.955,7773.27,1.1728,8.29016,0,0.458093
40.65,3143.27,190.945,7774.14,1.17278,8.29094,0,0.458093
40.6667,3143.22,190.934,7775.01,1.17277,8.29172,0,0.458093
40.6833,3143.17,190.923,7775.89,1.17275,8.29249,0,0.458093
40.7,3143.12,190.913,7776.76,1.17273,8.29327,0,0.458093
40.7167,3143.07,190.902,7777.63,1.17272,8.29405,0,0.458093
40.7333,3143.02,190.892,7778.51,1.1727,8.29483,0,0.458093
40.75,3142.97,190.881,7779.38,1.17269,8.29561,0,0.458093
40.7667,3142.92,190.871,7780.25,1.17267,8.29639,0,0.458093
40.7833,3142.88,190.86,7781.13,1.17266,8.29717,0,0.458093
40.8,3142.83,190.85,7782,1.17264,8.29795,0,0.458093
40.8167,3142.78,190.839,7782.87,1.17262,8.29873,0,0.458093
40.8333,3142.73,190.829,7783.74,1.17261,8.29951,0,0.458093
40.85,3142.68,190.818,7784.62,1.17259,8.30029,0,0.458093
40.8667,3142.63,190.807,7785.49,1.17258,8.30107,0,0.458093
40.8833,3142.58,190.797,7786.36,1.17256,8.30185,0,0.458093
40.9,3142.53,190.786,7787.24,1.17254,8.30263,0,0.458093
40.9167,3142.48,190.776,7788.11,1.17253,8.30341,0,0.458093
40.9333,3142.43,190.765,7788.98,1.17251,8.30419,0,0.458093
40.95,3142.38,190.755,7789.86,1.1725,8.30497,0,0.458093
40.9667,3142.33,190.744,7790.73,1.17248,8.30576,0,0.458093
40.9833,3142.28,190.734,7791.6,1.17246,8.30654,0,0.458093
41,3142.24,190.723,7792.47,1.17245,8.30732,0,0.458093
41.0167,3142.19,190.712,7793.35,1.17243,8.3081,0,0.458093
41.0333,3142.14,190.702,7794.22,1.17242,8.30889,0,0.458093
41.05,3142.09,190.691,7795.09,1.1724,8.30967,0,0.458093
41.0667,3142.04,190.681,7795.96,1.17238,8.31045,0,0.458093
41.0833,3141.99,190.67,7796.84,1.17237,8.31124,0,0.458093
41.1,3141.94,190.66,7797.71,1.17235,8.31202,0,0.458093
41.1167,3141.89,190.649,7798.58,1.17234,8.3128,0,0.458093
41.1333,3141.84,190.638,7799.46,1.17232,8.31359,0,0.458093
41.15,3141.79,190.628,7800.33,1.1723,8.31437,0,0.458093
41.1667,3141.74,190.617,7801.2,1.17229,8.31516,0,0.458093
41.1833,3141.69,190.607,7802.07,1.17227,8.31594,0,0.458093
41.2,3141.65,190.596,7802.95,1.17226,8.31673,0,0.458093
41.2167,3141.6,190.585,7803.82,1.17224,8.31751,0,0.458093
41.2333,3141.55,190.575,7804.69,1.17222,8.3183,0,0.458093
41.25,3141.5,190.564,7805.56,1.17221,8.31908,0,0.458093
41.2667,3141.45,190.554,7806.44,1.17219,8.31987,0,0.458093
41.2833,3141.4,190.543,7807.31,1.17218,8.32066,0,0.458093
41.3,3141.35,190.533,7808.18,1.17216,8.32144,0,0.458093
41.3167,3141.3,190.522,7809.06,1.17214,8.32223,0,0.458093
41.3333,3141.25,190.511,7809.93,1.17213,8.32302,0,0.458093
41.35,3141.2,190.501,7810.8,1.17211,8.32381,0,0.458093
41.3667,3141.15,190.49,7811.67,1.1721,8.32459,0,0.458093
41.3833,3141.1,190.48,7812.55,1.17208,8.32538,0,0.458093
41.4,3141.05,190.469,7813.42,1.17206,8.32617,0,0.458093
41.4167,3141.01,190.458,7814.29,1.17205,8.32696,0,0.458093
41.4333,3140.96,190.448,7815.16,1.17203,8.32775,0,0.458093
41.45,3140.91,190.437,7816.04,1.17202,8.32854,0,0.458093
41.4667,3140.86,190.427,7816.91,1.172,8.32932,0,0.458093
41.4833,3140.81,190.416,7817.78,1.17199,8.33011,0,0.458093
41.5,3140.76,190.405,7818.65,1.17197,8.3309,0,0.458093
41.5167,3140.71,190.395,7819.53,1.17195,8.33169,0,0.458093
41.5333,3140.66,190.384,7820.4,1.17194,8.33248,0,0.458093
41.55,3140.61,190.374,7821.27,1.17192,8.33327,0,0.458093
41.5667,3140.56,190.363,7822.14,1.17191,8.33406,0,0.458093
41.5833,3140.51,190.352,7823.01,1.17189,8.33485,0,0.458093
41.6,3140.46,190.342,7823.89,1.17187,8.33565,0,0.458093
41.6167,3140.41,190.331,7824.76,1.17186,8.33644,0,0.458093
41.6333,3140.37,190.32,7825.63,1.17184,8.33723,0,0.458093
41.65,3140.32,190.31,7826.5,1.17183,8.33802,0,0.458093
41.6667,3140.27,190.299,7827.38,1.17181,8.33881,0,0.458093
41.6833,3140.22,190.289,7828.25,1.17179,8.3396,0,0.458093
41.7,3140.17,190.278,7829.12,1.17178,8.3404,0,0.458093
41.7167,3140.12,190.267,7829.99,1.17176,8.34119,0,0.458093
41.7333,3140.07,190.257,7830.87,1.17175,8.34198,0,0.458093
41.75,3140.02,190.246,7831.74,1.17173,8.34278,0,0.458093
41.7667,3139.97,190.235,7832.61,1.17171,8.34357,0,0.458093
41.7833,3139.92,190.225,7833.48,1.1717,8.34436,0,0.458093
41.8,3139.87,190.214,7834.35,1.17168,8.34516,0,0.458093
41.8167,3139.82,190.204,7835.23,1.17167,8.34595,0,0.458093
41.8333,3139.77,190.193,7836.1,1.17165,8.34674,0,0.458093
41.85,3139.72,190.182,7836.97,1.17163,8.34754,0,0.458093
41.8667,3139.68,190.172,7837.84,1.17162,8.34833,0,0.458093
41.8833,3139.63,190.161,7838.72,1.1716,8.34913,0,0.458093
41.9,3139.58,190.15,7839.59,1.17159,8.34992,0,0.458093
41.9167,3139.53,190.14,7840.46,1.17157,8.35072,0,0.458093
41.9333,3139.48,190.129,7841.33,1.17155,8.35152,0,0.458093
41.95,3139.43,190.118,7842.2,1.17154,8.35231,0,0.458093
41.9667,3139.38,190.108,7843.08,1.17152,8.35311,0,0.458093
41.9833,3139.33,190.097,7843.95,1.17151,8.3539,0,0.458093
42,3139.28,190.086,7844.82,1.17149,8.3547,0,0.458093
42.0167,3139.23,190.076,7845.69,1.17147,8.3555,0,0.458093
42.0333,3139.18,190.065,7846.56,1.17146,8.3563,0,0.458093
42.05,3139.13,190.054,7847.44,1.17144,8.35709,0,0.458093
42.0667,3139.08,190.044,7848.31,1.17143,8.35789,0,0.458093
42.0833,3139.04,190.033,7849.18,1.17141,8.35869,0,0.458093
42.1,3138.99,190.022,7850.05,1.17139,8.35949,0,0.458093
42.1167,3138.94,190.012,7850.92,1.17138,8.36029,0,0.458093
42.1333,3138.89,190.001,7851.8,1.17136,8.36108,0,0.458093
42.15,3138.84,189.99,7852.67,1.17135,8.36188,0,0.458093
42.1667,3138.79,189.98,7853.54,1.17133,8.36268,0,0.458093
42.1833,3138.74,189.969,7854.41,1.17131,8.36348,0,0.458093
42.2,3138.69,189.958,7855.28,1.1713,8.36428,0,0.458093
42.2167,3138.64,189.948,7856.15,1.17128,8.36508,0,0.458093
42.2333,3138.59,189.937,7857.03,1.17127,8.36588,0,0.458093
42.25,3138.54,189.926,7857.9,1.17125,8.36668,0,0.458093
42.2667,3138.49,189.916,7858.77,1.17123,8.36748,0,0.458093
42.2833,3138.44,189.905,7859.64,1.17122,8.36828,0,0.458093
42.3,3138.39,189.894,7860.51,1.1712,8.36909,0,0.458093
42.3167,3138.35,189.884,7861.39,1.17119,8.36989,0,0.458093
42.3333,3138.3,189.873,7862.26,1.17117,8.37069,0,0.458093
42.35,3138.25,189.862,7863.13,1.17115,8.37149,0,0.458093
42.3667,3138.2,189.852,7864,1.17114,8.37229,0,0.458093
42.3833,3138.15,189.841,7864.87,1.17112,8.37309,0,0.458093
42.4,3138.1,189.83,7865.74,1.17111,8.3739,0,0.458093
42.4167,3138.05,189.82,7866.62,1.17109,8.3747,0,0.458093
42.4333,3138,189.809,7867.49,1.17107,8.3755,0,0.458093
42.45,3137.95,189.798,7868.36,1.17106,8.37631,0,0.458093
42.4667,3137.9,189.788,7869.23,1.17104,8.37711,0,0.458093
42.4833,3137.85,189.777,7870.1,1.17103,8.37791,0,0.458093
42.5,3137.8,189.766,7870.97,1.17101,8.37872,0,0.458093
42.5167,3137.75,189.755,7871.85,1.171,8.37952,0,0.458093
42.5333,3137.71,189.745,7872.72,1.17098,8.38033,0,0.458093
42.55,3137.66,189.734,7873.59,1.17096,8.38113,0,0.458093
42.5667,3137.61,189.723,7874.46,1.17095,8.38194,0,0.458093
42.5833,3137.56,189.713,7875.33,1.17093,8.38274,0,0.458093
42.6,3137.51,189.702,7876.2,1.17092,8.38355,0,0.458093
42.6167,3137.46,189.691,7877.07,1.1709,8.38435,0,0.458093
42.6333,3137.41,189.681,7877.95,1.17088,8.38516,0,0.458093
42.65,3137.36,189.67,7878.82,1.17087,8.38597,0,0.458093
42.6667,3137.31,189.659,7879.69,1.17085,8.38677,0,0.458093
42.6833,3137.26,189.648,7880.56,1.17084,8.38758,0,0.458093
42.7,3137.21,189.638,7881.43,1.17082,8.38839,0,0.458093
42.7167,3137.16,189.627,7882.3,1.1708,8.38919,0,0.458093
42.7333,3137.11,189.616,7883.18,1.17079,8.39,0,0.458093
42.75,3137.06,189.606,7884.05,1.17077,8.39081,0,0.458093
42.7667,3137.02,189.595,7884.92,1.17076,8.39162,0,0.458093
42.7833,3136.97,189.584,7885.79,1.17074,8.39243,0,0.458093
42.8,3136.92,189.573,7886.66,1.17072,8.39323,0,0.458093
42.8167,3136.87,189.563,7887.53,1.17071,8.39404,0,0.458093
42.8333,3136.82,189.552,7888.4,1.17069,8.39485,0,0.458093
42.85,3136.77,189.541,7889.27,1.17068,8.39566,0,0.458093
42.8667,3136.72,189.53,7890.15,1.17066,8.39647,0,0.458093
42.8833,3136.67,189.52,7891.02,1.17064,8.39728,0,0.458093
42.9,3136.62,189.509,7891.89,1.17063,8.39809,0,0.458093
42.9167,3136.57,189.498,7892.76,1.17061,8.3989,0,0.458093
42.9333,3136.52,189.488,7893.63,1.1706,8.39971,0,0.458093
42.95,3136.47,189.477,7894.5,1.17058,8.40052,0,0.458093
42.9667,3136.42,189.466,7895.37,1.17056,8.40133,0,0.458093
42.9833,3136.38,189.455,7896.24,1.17055,8.40214,0,0.458093
43,3136.33,189.445,7897.12,1.17053,8.40296,0,0.458093
43.0167,3136.28,189.434,7897.99,1.17052,8.40377,0,0.458093
43.0333,3136.23,189.423,7898.86,1.1705,8.40458,0,0.458093
43.05,3136.18,189.412,7899.73,1.17048,8.40539,0,0.458093
43.0667,3136.13,189.402,7900.6,1.17047,8.4062,0,0.458093
43.0833,3136.08,189.391,7901.47,1.17045,8.40702,0,0.458093
43.1,3136.03,189.38,7902.34,1.17044,8.40783,0,0.458093
43.1167,3135.98,189.369,7903.21,1.17042,8.40864,0,0.458093
43.1333,3135.93,189.359,7904.09,1.1704,8.40946,0,0.458093
43.15,3135.88,189.348,7904.96,1.17039,8.41027,0,0.458093
43.1667,3135.83,189.337,7905.83,1.17037,8.41108,0,0.458093
43.1833,3135.78,189.326,7906.7,1.17036,8.4119,0,0.458093
43.2,3135.73,189.316,7907.57,1.17034,8.41271,0,0.458093
43.2167,3135.69,189.305,7908.44,1.17032,8.41353,0,0.458093
43.2333,3135.64,189.294,7909.31,1.17031,8.41434,0,0.458093
43.25,3135.59,189.283,7910.18,1.17029,8.41516,0,0.458093
43.2667,3135.54,189.272,7911.05,1.17028,8.41597,0,0.458093
43.2833,3135.49,189.262,7911.92,1.17026,8.41679,0,0.458093
43.3,3135.44,189.251,7912.8,1.17024,8.41761,0,0.458093
43.3167,3135.39,189.24,7913.67,1.17023,8.41842,0,0.458093
43.3333,3135.34,189.229,7914.54,1.17021,8.41924,0,0.458093
43.35,3135.29,189.219,7915.41,1.1702,8.42005,0,0.458093
43.3667,3135.24,189.208,7916.28,1.17018,8.42087,0,0.458093
43.3833,3135.19,189.197,7917.15,1.17016,8.42169,0,0.458093
43.4,3135.14,189.186,7918.02,1.17015,8.42251,0,0.458093
43.4167,3135.09,189.176,7918.89,1.17013,8.42332,0,0.458093
43.4333,3135.04,189.165,7919.76,1.17012,8.42414,0,0.458093
43.45,3135,189.154,7920.63,1.1701,8.42496,0,0.458093
43.4667,3134.95,189.143,7921.5,1.17008,8.42578,0,0.458093
43.4833,3134.9,189.132,7922.38,1.17007,8.4266,0,0.458093
43.5,3134.85,189.122,7923.25,1.17005,8.42742,0,0.458093
43.5167,3134.8,189.111,7924.12,1.17004,8.42824,0,0.458093
43.5333,3134.75,189.1,7924.99,1.17002,8.42906,0,0.458093
43.55,3134.7,189.089,7925.86,1.17,8.42988,0,0.458093
43.5667,3134.65,189.078,7926.73,1.16999,8.4307,0,0.458093
43.5833,3134.6,189.068,7927.6,1.16997,8.43152,0,0.458093
43.6,3134.55,189.057,7928.47,1.16996,8.43234,0,0.458093
43.6167,3134.5,189.046,7929.34,1.16994,8.43316,0,0.458093
43.6333,3134.45,189.035,7930.21,1.16992,8.43398,0,0.458093
43.65,3134.4,189.024,7931.08,1.16991,8.4348,0,0.458093
43.6667,3134.36,189.014,7931.95,1.16989,8.43562,0,0.458093
43.6833,3134.31,189.003,7932.82,1.16988,8.43644,0,0.458093
43.7,3134.26,188.992,7933.69,1.16986,8.43726,0,0.458093
43.7167,3134.21,188.981,7934.57,1.16984,8.43809,0,0.458093
43.7333,3134.16,188.97,7935.44,1.16983,8.43891,0,0.458093
43.75,3134.11,188.96,7936.31,1.16981,8.43973,0,0.458093
43.7667,3134.06,188.949,7937.18,1.1698,8.44056,0,0.458093
43.7833,3134.01,188.938,7938.05,1.16978,8.44138,0,0.458093
43.8,3133.96,188.927,7938.92,1.16976,8.4422,0,0.458093
43.8167,3133.91,188.916,7939.79,1.16975,8.44303,0,0.458093
43.8333,3133.86,188.906,7940.66,1.16973,8.44385,0,0.458093
43.85,3133.81,188.895,7941.53,1.16972,8.44467,0,0.458093
43.8667,3133.76,188.884,7942.4,1.1697,8.4455,0,0.458093
43.8833,3133.71,188.873,7943.27,1.16968,8.44632,0,0.458093
43.9,3133.67,188.862,7944.14,1.16967,8.44715,0,0.458093
43.9167,3133.62,188.851,7945.01,1.16965,8.44797,0,0.458093
43.9333,3133.57,188.841,7945.88,1.16963,8.4488,0,0.458093
43.95,3133.52,188.83,7946.75,1.16962,8.44963,0,0.458093
43.9667,3133.47,188.819,7947.62,1.1696,8.45045,0,0.458093
43.9833,3133.42,188.808,7948.49,1.16959,8.45128,0,0.458093
44,3133.37,188.797,7949.36,1.16957,8.4521,0,0.458093
44.0167,3133.32,188.786,7950.23,1.16955,8.45293,0,0.458093
44.0333,3133.27,188.776,7951.1,1.16954,8.45376,0,0.458093
44.05,3133.22,188.765,7951.97,1.16952,8.45459,0,0.458093
44.0667,3133.17,188.754,7952.84,1.16951,8.45541,0,0.458093
44.0833,3133.12,188.743,7953.72,1.16949,8.45624,0,0.458093
44.1,3133.07,188.732,7954.59,1.16947,8.45707,0,0.458093
44.1167,3133.02,188.721,7955.46,1.16946,8.4579,0,0.458093
44.1333,3132.98,188.711,7956.33,1.16944,8.45873,0,0.458093
44.15,3132.93,188.7,7957.2,1.16943,8.45956,0,0.458093
44.1667,3132.88,188.689,7958.07,1.16941,8.46038,0,0.458093
44.1833,3132.83,188.678,7958.94,1.16939,8.46121,0,0.458093
44.2,3132.78,188.667,7959.81,1.16938,8.46204,0,0.458093
44.2167,3132.73,188.656,7960.68,1.16936,8.46287,0,0.458093
44.2333,3132.68,188.645,7961.55,1.16935,8.4637,0,0.458093
44.25,3132.63,188.635,7962.42,1.16933,8.46453,0,0.458093
44.2667,3132.58,188.624,7963.29,1.16931,8.46537,0,0.458093
44.2833,3132.53,188.613,7964.16,1.1693,8.4662,0,0.458093
44.3,3132.48,188.602,7965.03,1.16928,8.46703,0,0.458093
44.3167,3132.43,188.591,7965.9,1.16927,8.46786,0,0.458093
44.3333,3132.38,188.58,7966.77,1.16925,8.46869,0,0.458093
44.35,3132.34,188.569,7967.64,1.16923,8.46952,0,0.458093
44.3667,3132.29,188.559,7968.51,1.16922,8.47035,0,0.458093
44.3833,3132.24,188.548,7969.38,1.1692,8.47119,0,0.458093
44.4,3132.19,188.537,7970.25,1.16919,8.47202,0,0.458093
44.4167,3132.14,188.526,7971.12,1.16917,8.47285,0,0.458093
44.4333,3132.09,188.515,7971.99,1.16915,8.47369,0,0.458093
44.45,3132.04,188.504,7972.86,1.16914,8.47452,0,0.458093
44.4667,3131.99,188.493,7973.73,1.16912,8.47535,0,0.458093
44.4833,3131.94,188.483,7974.6,1.16911,8.47619,0,0.458093
44.5,3131.89,188.472,7975.47,1.16909,8.47702,0,0.458093
44.5167,3131.84,188.461,7976.34,1.16907,8.47786,0,0.458093
44.5333,3131.79,188.45,7977.21,1.16906,8.47869,0,0.458093
44.55,3131.74,188.439,7978.08,1.16904,8.47953,0,0.458093
44.5667,3131.69,188.428,7978.95,1.16903,8.48036,0,0.458093
44.5833,3131.65,188.417,7979.82,1.16901,8.4812,0,0.458093
44.6,3131.6,188.406,7980.69,1.16899,8.48203,0,0.458093
44.6167,3131.55,188.395,7981.56,1.16898,8.48287,0,0.458093
44.6333,3131.5,188.385,7982.43,1.16896,8.48371,0,0.458093
44.65,3131.45,188.374,7983.3,1.16895,8.48454,0,0.458093
44.6667,3131.4,188.363,7984.17,1.16893,8.48538,0,0.458093
44.6833,3131.35,188.352,7985.04,1.16891,8.48622,0,0.458093
44.7,3131.3,188.341,7985.91,1.1689,8.48705,0,0.458093
44.7167,3131.25,188.33,7986.78,1.16888,8.48789,0,0.458093
44.7333,3131.2,188.319,7987.65,1.16887,8.48873,0,0.458093
44.75,3131.15,188.308,7988.52,1.16885,8.48957,0,0.458093
44.7667,3131.1,188.297,7989.39,1.16883,8.49041,0,0.458093
44.7833,3131.05,188.286,7990.26,1.16882,8.49125,0,0.458093
44.8,3131.01,188.276,7991.13,1.1688,8.49208,0,0.458093
44.8167,3130.96,188.265,7992,1.16879,8.49292,0,0.458093
44.8333,3130.91,188.254,7992.87,1.16877,8.49376,0,0.458093
44.85,3130.86,188.243,7993.74,1.16875,8.4946,0,0.458093
44.8667,3130.81,188.232,7994.6,1.16874,8.49544,0,0.458093
44.8833,3130.76,188.221,7995.47,1.16872,8.49628,0,0.458093
44.9,3130.71,188.21,7996.34,1.16871,8.49712,0,0.458093
44.9167,3130.66,188.199,7997.21,1.16869,8.49796,0,0.458093
44.9333,3130.61,188.188,7998.08,1.16867,8.49881,0,0.458093
44.95,3130.56,188.177,7998.95,1.16866,8.49965,0,0.458093
44.9667,3130.51,188.166,7999.82,1.16864,8.50049,0,0.458093
44.9833,3130.46,188.156,8000.69,1.16863,8.50133,0,0.458093
45,3130.41,188.145,8001.56,1.16861,8.50217,0,0.458093
45.0167,3130.37,188.134,8002.43,1.16859,8.50301,0,0.458093
45.0333,3130.32,188.123,8003.3,1.16858,8.50386,0,0.458093
45.05,3130.27,188.112,8004.17,1.16856,8.5047,0,0.458093
45.0667,3130.22,188.101,8005.04,1.16855,8.50554,0,0.458093
45.0833,3130.17,188.09,8005.91,1.16853,8.50639,0,0.458093
45.1,3130.12,188.079,8006.78,1.16851,8.50723,0,0.458093
45.1167,3130.07,188.068,8007.65,1.1685,8.50807,0,0.458093
45.1333,3130.02,188.057,8008.52,1.16848,8.50892,0,0.458093
45.15,3129.97,188.046,8009.39,1.16846,8.50976,0,0.458093
45.1667,3129.92,188.035,8010.26,1.16845,8.51061,0,0.458093
45.1833,3129.87,188.024,8011.13,1.16843,8.51145,0,0.458093
45.2,3129.82,188.013,8012,1.16842,8.5123,0,0.458093
45.2167,3129.77,188.002,8012.86,1.1684,8.51314,0,0.458093
45.2333,3129.73,187.992,8013.73,1.16838,8.51399,0,0.458093
45.25,3129.68,187.981,8014.6,1.16837,8.51484,0,0.458093
45.2667,3129.63,187.97,8015.47,1.16835,8.51568,0,0.458093
45.2833,3129.58,187.959,8016.34,1.16834,8.51653,0,0.458093
45.3,3129.53,187.948,8017.21,1.16832,8.51738,0,0.458093
45.3167,3129.48,187.937,8018.08,1.1683,8.51822,0,0.458093
45.3333,3129.43,187.926,8018.95,1.16829,8.51907,0,0.458093
45.35,3129.38,187.915,8019.82,1.16827,8.51992,0,0.458093
45.3667,3129.33,187.904,8020.69,1.16826,8.52077,0,0.458093
45.3833,3129.28,187.893,8021.56,1.16824,8.52161,0,0.458093
45.4,3129.23,187.882,8022.43,1.16822,8.52246,0,0.458093
45.4167,3129.18,187.871,8023.3,1.16821,8.52331,0,0.458093
45.4333,3129.13,187.86,8024.17,1.16819,8.52416,0,0.458093
45.45,3129.09,187.849,8025.03,1.16818,8.52501,0,0.458093
45.4667,3129.04,187.838,8025.9,1.16816,8.52586,0,0.458093
45.4833,3128.99,187.827,8026.77,1.16814,8.52671,0,0.458093
45.5,3128.94,187.816,8027.64,1.16813,8.52756,0,0.458093
45.5167,3128.89,187.805,8028.51,1.16811,8.52841,0,0.458093
45.5333,3128.84,187.794,8029.38,1.1681,8.52926,0,0.458093
45.55,3128.79,187.783,8030.25,1.16808,8.53011,0,0.458093
45.5667,3128.74,187.772,8031.12,1.16806,8.53096,0,0.458093
45.5833,3128.69,187.761,8031.99,1.16805,8.53181,0,0.458093
45.6,3128.64,187.75,8032.86,1.16803,8.53266,0,0.458093
45.6167,3128.59,187.739,8033.73,1.16802,8.53352,0,0.458093
45.6333,3128.54,187.728,8034.6,1.168,8.53437,0,0.458093
45.65,3128.49,187.717,8035.46,1.16798,8.53522,0,0.458093
45.6667,3128.45,187.706,8036.33,1.16797,8.53607,0,0.458093
45.6833,3128.4,187.695,8037.2,1.16795,8.53693,0,0.458093
45.7,3128.35,187.684,8038.07,1.16794,8.53778,0,0.458093
45.7167,3128.3,187.673,8038.94,1.16792,8.53863,0,0.458093
45.7333,3128.25,187.662,8039.81,1.1679,8.53949,0,0.458093
45.75,3128.2,187.651,8040.68,1.16789,8.54034,0,0.458093
45.7667,3128.15,187.64,8041.55,1.16787,8.5412,0,0.458093
45.7833,3128.1,187.629,8042.42,1.16785,8.54205,0,0.458093
45.8,3128.05,187.619,8043.28,1.16784,8.54291,0,0.458093
45.8167,3128,187.608,8044.15,1.16782,8.54376,0,0.458093
45.8333,3127.95,187.597,8045.02,1.16781,8.54462,0,0.458093
45.85,3127.9,187.586,8045.89,1.16779,8.54547,0,0.458093
45.8667,3127.85,187.574,8046.76,1.16777,8.54633,0,0.458093
45.8833,3127.81,187.563,8047.63,1.16776,8.54718,0,0.458093
45.9,3127.76,187.552,8048.5,1.16774,8.54804,0,0.458093
45.9167,3127.71,187.541,8049.37,1.16773,8.5489,0,0.458093
45.9333,3127.66,187.53,8050.24,1.16771,8.54975,0,0.458093
45.95,3127.61,187.519,8051.1,1.16769,8.55061,0,0.458093
45.9667,3127.56,187.508,8051.97,1.16768,8.55147,0,0.458093
45.9833,3127.51,187.497,8052.84,1.16766,8.55233,0,0.458093
46,3127.46,187.486,8053.71,1.16765,8.55318,0,0.458093
46.0167,3127.41,187.475,8054.58,1.16763,8.55404,0,0.458093
46.0333,3127.36,187.464,8055.45,1.16761,8.5549,0,0.458093
46.05,3127.31,187.453,8056.32,1.1676,8.55576,0,0.458093
46.0667,3127.26,187.442,8057.19,1.16758,8.55662,0,0.458093
46.0833,3127.22,187.431,8058.05,1.16757,8.55748,0,0.458093
46.1,3127.17,187.42,8058.92,1.16755,8.55834,0,0.458093
46.1167,3127.12,187.409,8059.79,1.16753,8.5592,0,0.458093
46.1333,3127.07,187.398,8060.66,1.16752,8.56006,0,0.458093
46.15,3127.02,187.387,8061.53,1.1675,8.56092,0,0.458093
46.1667,3126.97,187.376,8062.4,1.16749,8.56178,0,0.458093
46.1833,3126.92,187.365,8063.27,1.16747,8.56264,0,0.458093
46.2,3126.87,187.354,8064.13,1.16745,8.5635,0,0.458093
46.2167,3126.82,187.343,8065,1.16744,8.56436,0,0.458093
46.2333,3126.77,187.332,8065.87,1.16742,8.56523,0,0.458093
46.25,3126.72,187.321,8066.74,1.16741,8.56609,0,0.458093
46.2667,3126.67,187.31,8067.61,1.16739,8.56695,0,0.458093
46.2833,3126.63,187.299,8068.48,1.16737,8.56781,0,0.458093
46.3,3126.58,187.288,8069.35,1.16736,8.56868,0,0.458093
46.3167,3126.53,187.277,8070.21,1.16734,8.56954,0,0.458093
46.3333,3126.48,187.266,8071.08,1.16732,8.5704,0,0.458093
46.35,3126.43,187.255,8071.95,1.16731,8.57127,0,0.458093
46.3667,3126.38,187.244,8072.82,1.16729,8.57213,0,0.458093
46.3833,3126.33,187.233,8073.69,1.16728,8.57299,0,0.458093
46.4,3126.28,187.222,8074.56,1.16726,8.57386,0,0.458093
46.4167,3126.23,187.211,8075.42,1.16724,8.57472,0,0.458093
46.4333,3126.18,187.199,8076.29,1.16723,8.57559,0,0.458093
46.45,3126.13,187.188,8077.16,1.16721,8.57645,0,0.458093
46.4667,3126.08,187.177,8078.03,1.1672,8.57732,0,0.458093
46.4833,3126.03,187.166,8078.9,1.16718,8.57819,0,0.458093
46.5,3125.99,187.155,8079.77,1.16716,8.57905,0,0.458093
46.5167,3125.94,187.144,8080.63,1.16715,8.57992,0,0.458093
46.5333,3125.89,187.133,8081.5,1.16713,8.58079,0,0.458093
46.55,3125.84,187.122,8082.37,1.16712,8.58165,0,0.458093
46.5667,3125.79,187.111,8083.24,1.1671,8.58252,0,0.458093
46.5833,3125.74,187.1,8084.11,1.16708,8.58339,0,0.458093
46.6,3125.69,187.089,8084.98,1.16707,8.58425,0,0.458093
46.6167,3125.64,187.078,8085.84,1.16705,8.58512,0,0.458093
46.6333,3125.59,187.067,8086.71,1.16704,8.58599,0,0.458093
46.65,3125.54,187.056,8087.58,1.16702,8.58686,0,0.458093
46.6667,3125.49,187.045,8088.45,1.167,8.58773,0,0.458093
46.6833,3125.44,187.033,8089.32,1.16699,8.5886,0,0.458093
46.7,3125.4,187.022,8090.19,1.16697,8.58947,0,0.458093
46.7167,3125.35,187.011,8091.05,1.16696,8.59034,0,0.458093
46.7333,3125.3,187,8091.92,1.16694,8.59121,0,0.458093
46.75,3125.25,186.989,8092.79,1.16692,8.59208,0,0.458093
46.7667,3125.2,186.978,8093.66,1.16691,8.59295,0,0.458093
46.7833,3125.15,186.967,8094.53,1.16689,8.59382,0,0.458093
46.8,3125.1,186.956,8095.39,1.16687,8.59469,0,0.458093
46.8167,3125.05,186.945,8096.26,1.16686,8.59556,0,0.458093
46.8333,3125,186.934,8097.13,1.16684,8.59643,0,0.458093
46.85,3124.95,186.923,8098,1.16683,8.59731,0,0.458093
46.8667,3124.9,186.911,8098.87,1.16681,8.59818,0,0.458093
46.8833,3124.86,186.9,8099.73,1.16679,8.59905,0,0.458093
46.9,3124.81,186.889,8100.6,1.16678,8.59992,0,0.458093
46.9167,3124.76,186.878,8101.47,1.16676,8.6008,0,0.458093
46.9333,3124.71,186.867,8102.34,1.16675,8.60167,0,0.458093
46.95,3124.66,186.856,8103.21,1.16673,8.60254,0,0.458093
46.9667,3124.61,186.845,8104.07,1.16671,8.60342,0,0.458093
46.9833,3124.56,186.834,8104.94,1.1667,8.60429,0,0.458093
47,3124.51,186.823,8105.81,1.16668,8.60517,0,0.458093
47.0167,3124.46,186.812,8106.68,1.16667,8.60604,0,0.458093
47.0333,3124.41,186.8,8107.55,1.16665,8.60692,0,0.458093
47.05,3124.36,186.789,8108.41,1.16663,8.60779,0,0.458093
47.0667,3124.31,186.778,8109.28,1.16662,8.60867,0,0.458093
47.0833,3124.27,186.767,8110.15,1.1666,8.60954,0,0.458093
47.1,3124.22,186.756,8111.02,1.16659,8.61042,0,0.458093
47.1167,3124.17,186.745,8111.89,1.16657,8.61129,0,0.458093
47.1333,3124.12,186.734,8112.75,1.16655,8.61217,0,0.458093
47.15,3124.07,186.723,8113.62,1.16654,8.61305,0,0.458093
47.1667,3124.02,186.711,8114.49,1.16652,8.61393,0,0.458093
47.1833,3123.97,186.7,8115.36,1.16651,8.6148,0,0.458093
47.2,3123.92,186.689,8116.22,1.16649,8.61568,0,0.458093
47.2167,3123.87,186.678,8117.09,1.16647,8.61656,0,0.458093
47.2333,3123.82,186.667,8117.96,1.16646,8.61744,0,0.458093
47.25,3123.77,186.656,8118.83,1.16644,8.61832,0,0.458093
47.2667,3123.72,186.645,8119.7,1.16642,8.61919,0,0.458093
47.2833,3123.68,186.634,8120.56,1.16641,8.62007,0,0.458093
47.3,3123.63,186.622,8121.43,1.16639,8.62095,0,0.458093
47.3167,3123.58,186.611,8122.3,1.16638,8.62183,0,0.458093
47.3333,3123.53,186.6,8123.17,1.16636,8.62271,0,0.458093
47.35,3123.48,186.589,8124.03,1.16634,8.62359,0,0.458093
47.3667,3123.43,186.578,8124.9,1.16633,8.62447,0,0.458093
47.3833,3123.38,186.567,8125.77,1.16631,8.62535,0,0.458093
47.4,3123.33,186.556,8126.64,1.1663,8.62624,0,0.458093
47.4167,3123.28,186.544,8127.5,1.16628,8.62712,0,0.458093
47.4333,3123.23,186.533,8128.37,1.16626,8.628,0,0.458093
47.45,3123.18,186.522,8129.24,1.16625,8.62888,0,0.458093
47.4667,3123.14,186.511,8130.11,1.16623,8.62976,0,0.458093
47.4833,3123.09,186.5,8130.97,1.16622,8.63065,0,0.458093
47.5,3123.04,186.489,8131.84,1.1662,8.63153,0,0.458093
47.5167,3122.99,186.478,8132.71,1.16618,8.63241,0,0.458093
47.5333,3122.94,186.466,8133.58,1.16617,8.63329,0,0.458093
47.55,3122.89,186.455,8134.44,1.16615,8.63418,0,0.458093
47.5667,3122.84,186.444,8135.31,1.16614,8.63506,0,0.458093
47.5833,3122.79,186.433,8136.18,1.16612,8.63595,0,0.458093
47.6,3122.74,186.422,8137.05,1.1661,8.63683,0,0.458093
47.6167,3122.69,186.411,8137.91,1.16609,8.63772,0,0.458093
47.6333,3122.64,186.399,8138.78,1.16607,8.6386,0,0.458093
47.65,3122.6,186.388,8139.65,1.16605,8.63949,0,0.458093
47.6667,3122.55,186.377,8140.52,1.16604,8.64037,0,0.458093
47.6833,3122.5,186.366,8141.38,1.16602,8.64126,0,0.458093
47.7,3122.45,186.355,8142.25,1.16601,8.64214,0,0.458093
47.7167,3122.4,186.343,8143.12,1.16599,8.64303,0,0.458093
47.7333,3122.35,186.332,8143.99,1.16597,8.64392,0,0.458093
47.75,3122.3,186.321,8144.85,1.16596,8.6448,0,0.458093
47.7667,3122.25,186.31,8145.72,1.16594,8.64569,0,0.458093
47.7833,3122.2,186.299,8146.59,1.16593,8.64658,0,0.458093
47.8,3122.15,186.288,8147.45,1.16591,8.64747,0,0.458093
47.8167,3122.1,186.276,8148.32,1.16589,8.64836,0,0.458093
47.8333,3122.06,186.265,8149.19,1.16588,8.64924,0,0.458093
47.85,3122.01,186.254,8150.06,1.16586,8.65013,0,0.458093
47.8667,3121.96,186.243,8150.92,1.16585,8.65102,0,0.458093
47.8833,3121.91,186.232,8151.79,1.16583,8.65191,0,0.458093
47.9,3121.86,186.22,8152.66,1.16581,8.6528,0,0.458093
47.9167,3121.81,186.209,8153.53,1.1658,8.65369,0,0.458093
47.9333,3121.76,186.198,8154.39,1.16578,8.65458,0,0.458093
47.95,3121.71,186.187,8155.26,1.16577,8.65547,0,0.458093
47.9667,3121.66,186.176,8156.13,1.16575,8.65636,0,0.458093
47.9833,3121.61,186.164,8156.99,1.16573,8.65725,0,0.458093
48,3121.56,186.153,8157.86,1.16572,8.65814,0,0.458093
48.0167,3121.52,186.142,8158.73,1.1657,8.65904,0,0.458093
48.0333,3121.47,186.131,8159.6,1.16568,8.65993,0,0.458093
48.05,3121.42,186.12,8160.46,1.16567,8.66082,0,0.458093
48.0667,3121.37,186.108,8161.33,1.16565,8.66171,0,0.458093
48.0833,3121.32,186.097,8162.2,1.16564,8.6626,0,0.458093
48.1,3121.27,186.086,8163.06,1.16562,8.6635,0,0.458093
48.1167,3121.22,186.075,8163.93,1.1656,8.66439,0,0.458093
48.1333,3121.17,186.064,8164.8,1.16559,8.66528,0,0.458093
48.15,3121.12,186.052,8165.66,1.16557,8.66618,0,0.458093
48.1667,3121.07,186.041,8166.53,1.16556,8.66707,0,0.458093
48.1833,3121.02,186.03,8167.4,1.16554,8.66797,0,0.458093
48.2,3120.98,186.019,8168.27,1.16552,8.66886,0,0.458093
48.2167,3120.93,186.007,8169.13,1.16551,8.66976,0,0.458093
48.2333,3120.88,185.996,8170,1.16549,8.67065,0,0.458093
48.25,3120.83,185.985,8170.87,1.16548,8.67155,0,0.458093
48.2667,3120.78,185.974,8171.73,1.16546,8.67244,0,0.458093
48.2833,3120.73,185.963,8172.6,1.16544,8.67334,0,0.458093
48.3,3120.68,185.951,8173.47,1.16543,8.67424,0,0.458093
48.3167,3120.63,185.94,8174.33,1.16541,8.67513,0,0.458093
48.3333,3120.58,185.929,8175.2,1.16539,8.67603,0,0.458093
48.35,3120.53,185.918,8176.07,1.16538,8.67693,0,0.458093
48.3667,3120.49,185.906,8176.93,1.16536,8.67782,0,0.458093
48.3833,3120.44,185.895,8177.8,1.16535,8.67872,0,0.458093
48.4,3120.39,185.884,8178.67,1.16533,8.67962,0,0.458093
48.4167,3120.34,185.873,8179.53,1.16531,8.68052,0,0.458093
48.4333,3120.29,185.861,8180.4,1.1653,8.68142,0,0.458093
48.45,3120.24,185.85,8181.27,1.16528,8.68232,0,0.458093
48.4667,3120.19,185.839,8182.13,1.16527,8.68322,0,0.458093
48.4833,3120.14,185.828,8183,1.16525,8.68412,0,0.458093
48.5,3120.09,185.816,8183.87,1.16523,8.68502,0,0.458093
48.5167,3120.04,185.805,8184.73,1.16522,8.68592,0,0.458093
48.5333,3119.99,185.794,8185.6,1.1652,8.68682,0,0.458093
48.55,3119.95,185.783,8186.47,1.16519,8.68772,0,0.458093
48.5667,3119.9,185.771,8187.33,1.16517,8.68862,0,0.458093
48.5833,3119.85,185.76,8188.2,1.16515,8.68952,0,0.458093
48.6,3119.8,185.749,8189.07,1.16514,8.69042,0,0.458093
48.6167,3119.75,185.738,8189.93,1.16512,8.69132,0,0.458093
48.6333,3119.7,185.726,8190.8,1.16511,8.69222,0,0.458093
48.65,3119.65,185.715,8191.67,1.16509,8.69313,0,0.458093
48.6667,3119.6,185.704,8192.53,1.16507,8.69403,0,0.458093
48.6833,3119.55,185.693,8193.4,1.16506,8.69493,0,0.458093
48.7,3119.5,185.681,8194.27,1.16504,8.69584,0,0.458093
48.7167,3119.46,185.67,8195.13,1.16502,8.69674,0,0.458093
48.7333,3119.41,185.659,8196,1.16501,8.69764,0,0.458093
48.75,3119.36,185.647,8196.87,1.16499,8.69855,0,0.458093
48.7667,3119.31,185.636,8197.73,1.16498,8.69945,0,0.458093
48.7833,3119.26,185.625,8198.6,1.16496,8.70036,0,0.458093
48.8,3119.21,185.614,8199.47,1.16494,8.70126,0,0.458093
48.8167,3119.16,185.602,8200.33,1.16493,8.70217,0,0.458093
48.8333,3119.11,185.591,8201.2,1.16491,8.70307,0,0.458093
48.85,3119.06,185.58,8202.07,1.1649,8.70398,0,0.458093
48.8667,3119.01,185.568,8202.93,1.16488,8.70489,0,0.458093
48.8833,3118.97,185.557,8203.8,1.16486,8.70579,0,0.458093
48.9,3118.92,185.546,8204.66,1.16485,8.7067,0,0.458093
48.9167,3118.87,185.535,8205.53,1.16483,8.70761,0,0.458093
48.9333,3118.82,185.523,8206.4,1.16482,8.70851,0,0.458093
48.95,3118.77,185.512,8207.26,1.1648,8.70942,0,0.458093
48.9667,3118.72,185.501,8208.13,1.16478,8.71033,0,0.458093
48.9833,3118.67,185.489,8209,1.16477,8.71124,0,0.458093
49,3118.62,185.478,8209.86,1.16475,8.71215,0,0.458093
49.0167,3118.57,185.467,8210.73,1.16473,8.71306,0,0.458093
49.0333,3118.52,185.456,8211.59,1.16472,8.71396,0,0.458093
49.05,3118.48,185.444,8212.46,1.1647,8.71487,0,0.458093
49.0667,3118.43,185.433,8213.33,1.16469,8.71578,0,0.458093
49.0833,3118.38,185.422,8214.19,1.16467,8.71669,0,0.458093
49.1,3118.33,185.41,8215.06,1.16465,8.7176,0,0.458093
49.1167,3118.28,185.399,8215.93,1.16464,8.71852,0,0.458093
49.1333,3118.23,185.388,8216.79,1.16462,8.71943,0,0.458093
49.15,3118.18,185.376,8217.66,1.16461,8.72034,0,0.458093
49.1667,3118.13,185.365,8218.52,1.16459,8.72125,0,0.458093
49.1833,3118.08,185.354,8219.39,1.16457,8.72216,0,0.458093
49.2,3118.03,185.342,8220.26,1.16456,8.72307,0,0.458093
49.2167,3117.99,185.331,8221.12,1.16454,8.72399,0,0.458093
49.2333,3117.94,185.32,8221.99,1.16453,8.7249,0,0.458093
49.25,3117.89,185.308,8222.86,1.16451,8.72581,0,0.458093
49.2667,3117.84,185.297,8223.72,1.16449,8.72672,0,0.458093
49.2833,3117.79,185.286,8224.59,1.16448,8.72764,0,0.458093
49.3,3117.74,185.274,8225.45,1.16446,8.72855,0,0.458093
49.3167,3117.69,185.263,8226.32,1.16444,8.72947,0,0.458093
49.3333,3117.64,185.252,8227.19,1.16443,8.73038,0,0.458093
49.35,3117.59,185.24,8228.05,1.16441,8.7313,0,0.458093
49.3667,3117.54,185.229,8228.92,1.1644,8.73221,0,0.458093
49.3833,3117.5,185.218,8229.78,1.16438,8.73313,0,0.458093
49.4,3117.45,185.206,8230.65,1.16436,8.73404,0,0.458093
49.4167,3117.4,185.195,8231.52,1.16435,8.73496,0,0.458093
49.4333,3117.35,185.184,8232.38,1.16433,8.73587,0,0.458093
49.45,3117.3,185.172,8233.25,1.16432,8.73679,0,0.458093
49.4667,3117.25,185.161,8234.11,1.1643,8.73771,0,0.458093
49.4833,3117.2,185.15,8234.98,1.16428,8.73862,0,0.458093
49.5,3117.15,185.138,8235.84,1.16427,8.73954,0,0.458093
49.5167,3117.1,185.127,8236.71,1.16425,8.74046,0,0.458093
49.5333,3117.06,185.116,8237.58,1.16424,8.74138,0,0.458093
49.55,3117.01,185.104,8238.44,1.16422,8.7423,0,0.458093
49.5667,3116.96,185.093,8239.31,1.1642,8.74321,0,0.458093
49.5833,3116.91,185.082,8240.17,1.16419,8.74413,0,0.458093
49.6,3116.86,185.07,8241.04,1.16417,8.74505,0,0.458093
49.6167,3116.81,185.059,8241.91,1.16415,8.74597,0,0.458093
49.6333,3116.76,185.048,8242.77,1.16414,8.74689,0,0.458093
49.65,3116.71,185.036,8243.64,1.16412,8.74781,0,0.458093
49.6667,3116.66,185.025,8244.5,1.16411,8.74873,0,0.458093
49.6833,3116.61,185.013,8245.37,1.16409,8.74965,0,0.458093
49.7,3116.57,185.002,8246.23,1.16407,8.75057,0,0.458093
49.7167,3116.52,184.991,8247.1,1.16406,8.7515,0,0.458093
49.7333,3116.47,184.979,8247.97,1.16404,8.75242,0,0.458093
49.75,3116.42,184.968,8248.83,1.16403,8.75334,0,0.458093
49.7667,3116.37,184.957,8249.7,1.16401,8.75426,0,0.458093
49.7833,3116.32,184.945,8250.56,1.16399,8.75518,0,0.458093
49.8,3116.27,184.934,8251.43,1.16398,8.75611,0,0.458093
49.8167,3116.22,184.922,8252.29,1.16396,8.75703,0,0.458093
49.8333,3116.17,184.911,8253.16,1.16394,8.75795,0,0.458093
49.85,3116.13,184.9,8254.03,1.16393,8.75888,0,0.458093
49.8667,3116.08,184.888,8254.89,1.16391,8.7598,0,0.458093
49.8833,3116.03,184.877,8255.76,1.1639,8.76073,0,0.458093
49.9,3115.98,184.866,8256.62,1.16388,8.76165,0,0.458093
49.9167,3115.93,184.854,8257.49,1.16386,8.76257,0,0.458093
49.9333,3115.88,184.843,8258.35,1.16385,8.7635,0,0.458093
49.95,3115.83,184.831,8259.22,1.16383,8.76443,0,0.458093
49.9667,3115.78,184.82,8260.08,1.16382,8.76535,0,0.458093
49.9833,3115.73,184.809,8260.95,1.1638,8.76628,0,0.458093
50,3115.69,184.797,8261.81,1.16378,8.7672,0,0.458093
50.0167,3115.64,184.786,8262.68,1.16377,8.76813,0,0.458093
50.0333,3115.59,184.774,8263.55,1.16375,8.76906,0,0.458093
50.05,3115.54,184.763,8264.41,1.16374,8.76999,0,0.458093
50.0667,3115.49,184.752,8265.28,1.16372,8.77091,0,0.458093
50.0833,3115.44,184.74,8266.14,1.1637,8.77184,0,0.458093
50.1,3115.39,184.729,8267.01,1.16369,8.77277,0,0.458093
50.1167,3115.34,184.717,8267.87,1.16367,8.7737,0,0.458093
50.1333,3115.29,184.706,8268.74,1.16365,8.77463,0,0.458093
50.15,3115.25,184.695,8269.6,1.16364,8.77556,0,0.458093
50.1667,3115.2,184.683,8270.47,1.16362,8.77648,0,0.458093
50.1833,3115.15,184.672,8271.33,1.16361,8.77741,0,0.458093
50.2,3115.1,184.66,8272.2,1.16359,8.77834,0,0.458093
50.2167,3115.05,184.649,8273.06,1.16357,8.77928,0,0.458093
50.2333,3115,184.637,8273.93,1.16356,8.78021,0,0.458093
50.25,3114.95,184.626,8274.8,1.16354,8.78114,0,0.458093
50.2667,3114.9,184.615,8275.66,1.16353,8.78207,0,0.458093
50.2833,3114.85,184.603,8276.53,1.16351,8.783,0,0.458093
50.3,3114.81,184.592,8277.39,1.16349,8.78393,0,0.458093
50.3167,3114.76,184.58,8278.26,1.16348,8.78486,0,0.458093
50.3333,3114.71,184.569,8279.12,1.16346,8.7858,0,0.458093
50.35,3114.66,184.558,8279.99,1.16345,8.78673,0,0.458093
50.3667,3114.61,184.546,8280.85,1.16343,8.78766,0,0.458093
50.3833,3114.56,184.535,8281.72,1.16341,8.7886,0,0.458093
50.4,3114.51,184.523,8282.58,1.1634,8.78953,0,0.458093
50.4167,3114.46,184.512,8283.45,1.16338,8.79046,0,0.458093
50.4333,3114.41,184.5,8284.31,1.16336,8.7914,0,0.458093
50.45,3114.37,184.489,8285.18,1.16335,8.79233,0,0.458093
50.4667,3114.32,184.477,8286.04,1.16333,8.79327,0,0.458093
50.4833,3114.27,184.466,8286.91,1.16332,8.7942,0,0.458093
50.5,3114.22,184.455,8287.77,1.1633,8.79514,0,0.458093
50.5167,3114.17,184.443,8288.64,1.16328,8.79607,0,0.458093
50.5333,3114.12,184.432,8289.5,1.16327,8.79701,0,0.458093
50.55,3114.07,184.42,8290.37,1.16325,8.79795,0,0.458093
50.5667,3114.02,184.409,8291.23,1.16324,8.79888,0,0.458093
50.5833,3113.97,184.397,8292.1,1.16322,8.79982,0,0.458093
50.6,3113.93,184.386,8292.96,1.1632,8.80076,0,0.458093
50.6167,3113.88,184.374,8293.83,1.16319,8.8017,0,0.458093
50.6333,3113.83,184.363,8294.69,1.16317,8.80263,0,0.458093
50.65,3113.78,184.351,8295.56,1.16315,8.80357,0,0.458093
50.6667,3113.73,184.34,8296.42,1.16314,8.80451,0,0.458093
50.6833,3113.68,184.329,8297.29,1.16312,8.80545,0,0.458093
50.7,3113.63,184.317,8298.15,1.16311,8.80639,0,0.458093
50.7167,3113.58,184.306,8299.02,1.16309,8.80733,0,0.458093
50.7333,3113.54,184.294,8299.88,1.16307,8.80827,0,0.458093
50.75,3113.49,184.283,8300.75,1.16306,8.80921,0,0.458093
50.7667,3113.44,184.271,8301.61,1.16304,8.81015,0,0.458093
50.7833,3113.39,184.26,8302.48,1.16303,8.81109,0,0.458093
50.8,3113.34,184.248,8303.34,1.16301,8.81203,0,0.458093
50.8167,3113.29,184.237,8304.21,1.16299,8.81297,0,0.458093
50.8333,3113.24,184.225,8305.07,1.16298,8.81391,0,0.458093
50.85,3113.19,184.214,8305.94,1.16296,8.81485,0,0.458093
50.8667,3113.14,184.202,8306.8,1.16295,8.8158,0,0.458093
50.8833,3113.1,184.191,8307.67,1.16293,8.81674,0,0.458093
50.9,3113.05,184.179,8308.53,1.16291,8.81768,0,0.458093
50.9167,3113,184.168,8309.39,1.1629,8.81863,0,0.458093
50.9333,3112.95,184.156,8310.26,1.16288,8.81957,0,0.458093
50.95,3112.9,184.145,8311.12,1.16286,8.82051,0,0.458093
50.9667,3112.85,184.133,8311.99,1.16285,8.82146,0,0.458093
50.9833,3112.8,184.122,8312.85,1.16283,8.8224,0,0.458093
51,3112.75,184.11,8313.72,1.16282,8.82335,0,0.458093
51.0167,3112.71,184.099,8314.58,1.1628,8.82429,0,0.458093
51.0333,3112.66,184.087,8315.45,1.16278,8.82524,0,0.458093
51.05,3112.61,184.076,8316.31,1.16277,8.82618,0,0.458093
51.0667,3112.56,184.064,8317.18,1.16275,8.82713,0,0.458093
51.0833,3112.51,184.053,8318.04,1.16274,8.82808,0,0.458093
51.1,3112.46,184.041,8318.91,1.16272,8.82902,0,0.458093
51.1167,3112.41,184.03,8319.77,1.1627,8.82997,0,0.458093
51.1333,3112.36,184.018,8320.64,1.16269,8.83092,0,0.458093
51.15,3112.31,184.007,8321.5,1.16267,8.83186,0,0.458093
51.1667,3112.27,183.995,8322.36,1.16265,8.83281,0,0.458093
51.1833,3112.22,183.984,8323.23,1.16264,8.83376,0,0.458093
51.2,3112.17,183.972,8324.09,1.16262,8.83471,0,0.458093
51.2167,3112.12,183.961,8324.96,1.16261,8.83566,0,0.458093
51.2333,3112.07,183.949,8325.82,1.16259,8.83661,0,0.458093
51.25,3112.02,183.938,8326.69,1.16257,8.83756,0,0.458093
51.2667,3111.97,183.926,8327.55,1.16256,8.83851,0,0.458093
51.2833,3111.92,183.915,8328.42,1.16254,8.83946,0,0.458093
51.3,3111.88,183.903,8329.28,1.16253,8.84041,0,0.458093
51.3167,3111.83,183.892,8330.14,1.16251,8.84136,0,0.458093
51.3333,3111.78,183.88,8331.01,1.16249,8.84231,0,0.458093
51.35,3111.73,183.869,8331.87,1.16248,8.84326,0,0.458093
51.3667,3111.68,183.857,8332.74,1.16246,8.84421,0,0.458093
51.3833,3111.63,183.846,8333.6,1.16244,8.84516,0,0.458093
51.4,3111.58,183.834,8334.47,1.16243,8.84611,0,0.458093
51.4167,3111.53,183.823,8335.33,1.16241,8.84707,0,0.458093
51.4333,3111.49,183.811,8336.19,1.1624,8.84802,0,0.458093
51.45,3111.44,183.799,8337.06,1.16238,8.84897,0,0.458093
51.4667,3111.39,183.788,8337.92,1.16236,8.84993,0,0.458093
51.4833,3111.34,183.776,8338.79,1.16235,8.85088,0,0.458093
51.5,3111.29,183.765,8339.65,1.16233,8.85184,0,0.458093
51.5167,3111.24,183.753,8340.52,1.16232,8.85279,0,0.458093
51.5333,3111.19,183.742,8341.38,1.1623,8.85374,0,0.458093
51.55,3111.14,183.73,8342.24,1.16228,8.8547,0,0.458093
51.5667,3111.1,183.719,8343.11,1.16227,8.85565,0,0.458093
51.5833,3111.05,183.707,8343.97,1.16225,8.85661,0,0.458093
51.6,3111,183.695,8344.84,1.16224,8.85757,0,0.458093
51.6167,3110.95,183.684,8345.7,1.16222,8.85852,0,0.458093
51.6333,3110.9,183.672,8346.57,1.1622,8.85948,0,0.458093
51.65,3110.85,183.661,8347.43,1.16219,8.86044,0,0.458093
51.6667,3110.8,183.649,8348.29,1.16217,8.86139,0,0.458093
51.6833,3110.75,183.638,8349.16,1.16215,8.86235,0,0.458093
51.7,3110.71,183.626,8350.02,1.16214,8.86331,0,0.458093
51.7167,3110.66,183.615,8350.89,1.16212,8.86427,0,0.458093
51.7333,3110.61,183.603,8351.75,1.16211,8.86523,0,0.458093
51.75,3110.56,183.591,8352.61,1.16209,8.86619,0,0.458093
51.7667,3110.51,183.58,8353.48,1.16207,8.86714,0,0.458093
51.7833,3110.46,183.568,8354.34,1.16206,8.8681,0,0.458093
51.8,3110.41,183.557,8355.21,1.16204,8.86906,0,0.458093
51.8167,3110.36,183.545,8356.07,1.16203,8.87002,0,0.458093
51.8333,3110.32,183.534,8356.93,1.16201,8.87098,0,0.458093
51.85,3110.27,183.522,8357.8,1.16199,8.87195,0,0.458093
51.8667,3110.22,183.51,8358.66,1.16198,8.87291,0,0.458093
51.8833,3110.17,183.499,8359.53,1.16196,8.87387,0,0.458093
51.9,3110.12,183.487,8360.39,1.16194,8.87483,0,0.458093
51.9167,3110.07,183.476,8361.25,1.16193,8.87579,0,0.458093
51.9333,3110.02,183.464,8362.12,1.16191,8.87675,0,0.458093
51.95,3109.97,183.452,8362.98,1.1619,8.87772,0,0.458093
51.9667,3109.93,183.441,8363.85,1.16188,8.87868,0,0.458093
51.9833,3109.88,183.429,8364.71,1.16186,8.87964,0,0.458093
52,3109.83,183.418,8365.57,1.16185,8.88061,0,0.458093
52.0167,3109.78,183.406,8366.44,1.16183,8.88157,0,0.458093
52.0333,3109.73,183.394,8367.3,1.16182,8.88254,0,0.458093
52.05,3109.68,183.383,8368.16,1.1618,8.8835,0,0.458093
52.0667,3109.63,183.371,8369.03,1.16178,8.88446,0,0.458093
52.0833,3109.58,183.36,8369.89,1.16177,8.88543,0,0.458093
52.1,3109.54,183.348,8370.76,1.16175,8.8864,0,0.458093
52.1167,3109.49,183.336,8371.62,1.16173,8.88736,0,0.458093
52.1333,3109.44,183.325,8372.48,1.16172,8.88833,0,0.458093
52.15,3109.39,183.313,8373.35,1.1617,8.88929,0,0.458093
52.1667,3109.34,183.302,8374.21,1.16169,8.89026,0,0.458093
52.1833,3109.29,183.29,8375.07,1.16167,8.89123,0,0.458093
52.2,3109.24,183.278,8375.94,1.16165,8.8922,0,0.458093
52.2167,3109.2,183.267,8376.8,1.16164,8.89316,0,0.458093
52.2333,3109.15,183.255,8377.67,1.16162,8.89413,0,0.458093
52.25,3109.1,183.244,8378.53,1.16161,8.8951,0,0.458093
52.2667,3109.05,183.232,8379.39,1.16159,8.89607,0,0.458093
52.2833,3109,183.22,8380.26,1.16157,8.89704,0,0.458093
52.3,3108.95,183.209,8381.12,1.16156,8.89801,0,0.458093
52.3167,3108.9,183.197,8381.98,1.16154,8.89898,0,0.458093
52.3333,3108.85,183.185,8382.85,1.16152,8.89995,0,0.458093
52.35,3108.81,183.174,8383.71,1.16151,8.90092,0,0.458093
52.3667,3108.76,183.162,8384.57,1.16149,8.90189,0,0.458093
52.3833,3108.71,183.151,8385.44,1.16148,8.90286,0,0.458093
52.4,3108.66,183.139,8386.3,1.16146,8.90383,0,0.458093
52.4167,3108.61,183.127,8387.16,1.16144,8.9048,0,0.458093
52.4333,3108.56,183.116,8388.03,1.16143,8.90577,0,0.458093
52.45,3108.51,183.104,8388.89,1.16141,8.90675,0,0.458093
52.4667,3108.46,183.092,8389.76,1.1614,8.90772,0,0.458093
52.4833,3108.42,183.081,8390.62,1.16138,8.90869,0,0.458093
52.5,3108.37,183.069,8391.48,1.16136,8.90967,0,0.458093
52.5167,3108.32,183.057,8392.35,1.16135,8.91064,0,0.458093
52.5333,3108.27,183.046,8393.21,1.16133,8.91161,0,0.458093
52.55,3108.22,183.034,8394.07,1.16131,8.91259,0,0.458093
52.5667,3108.17,183.022,8394.94,1.1613,8.91356,0,0.458093
52.5833,3108.12,183.011,8395.8,1.16128,8.91454,0,0.458093
52.6,3108.08,182.999,8396.66,1.16127,8.91551,0,0.458093
52.6167,3108.03,182.987,8397.53,1.16125,8.91649,0,0.458093
52.6333,3107.98,182.976,8398.39,1.16123,8.91746,0,0.458093
52.65,3107.93,182.964,8399.25,1.16122,8.91844,0,0.458093
52.6667,3107.88,182.952,8400.12,1.1612,8.91942,0,0.458093
52.6833,3107.83,182.941,8400.98,1.16119,8.92039,0,0.458093
52.7,3107.78,182.929,8401.84,1.16117,8.92137,0,0.458093
52.7167,3107.74,182.917,8402.71,1.16115,8.92235,0,0.458093
52.7333,3107.69,182.906,8403.57,1.16114,8.92333,0,0.458093
52.75,3107.64,182.894,8404.43,1.16112,8.92431,0,0.458093
52.7667,3107.59,182.882,8405.3,1.1611,8.92528,0,0.458093
52.7833,3107.54,182.871,8406.16,1.16109,8.92626,0,0.458093
52.8,3107.49,182.859,8407.02,1.16107,8.92724,0,0.458093
52.8167,3107.44,182.847,8407.89,1.16106,8.92822,0,0.458093
52.8333,3107.39,182.836,8408.75,1.16104,8.9292,0,0.458093
52.85,3107.35,182.824,8409.61,1.16102,8.93018,0,0.458093
52.8667,3107.3,182.812,8410.47,1.16101,8.93116,0,0.458093
52.8833,3107.25,182.801,8411.34,1.16099,8.93214,0,0.458093
52.9,3107.2,182.789,8412.2,1.16098,8.93312,0,0.458093
52.9167,3107.15,182.777,8413.06,1.16096,8.93411,0,0.458093
52.9333,3107.1,182.766,8413.93,1.16094,8.93509,0,0.458093
52.95,3107.05,182.754,8414.79,1.16093,8.93607,0,0.458093
52.9667,3107.01,182.742,8415.65,1.16091,8.93705,0,0.458093
52.9833,3106.96,182.731,8416.52,1.16089,8.93803,0,0.458093
53,3106.91,182.719,8417.38,1.16088,8.93902,0,0.458093
53.0167,3106.86,182.707,8418.24,1.16086,8.94,0,0.458093
53.0333,3106.81,182.695,8419.11,1.16085,8.94099,0,0.458093
53.05,3106.76,182.684,8419.97,1.16083,8.94197,0,0.458093
53.0667,3106.71,182.672,8420.83,1.16081,8.94295,0,0.458093
53.0833,3106.67,182.66,8421.69,1.1608,8.94394,0,0.458093
53.1,3106.62,182.649,8422.56,1.16078,8.94492,0,0.458093
53.1167,3106.57,182.637,8423.42,1.16077,8.94591,0,0.458093
53.1333,3106.52,182.625,8424.28,1.16075,8.94689,0,0.458093
53.15,3106.47,182.613,8425.15,1.16073,8.94788,0,0.458093
53.1667,3106.42,182.602,8426.01,1.16072,8.94887,0,0.458093
53.1833,3106.37,182.59,8426.87,1.1607,8.94985,0,0.458093
53.2,3106.33,182.578,8427.73,1.16068,8.95084,0,0.458093
53.2167,3106.28,182.567,8428.6,1.16067,8.95183,0,0.458093
53.2333,3106.23,182.555,8429.46,1.16065,8.95282,0,0.458093
53.25,3106.18,182.543,8430.32,1.16064,8.9538,0,0.458093
53.2667,3106.13,182.531,8431.19,1.16062,8.95479,0,0.458093
53.2833,3106.08,182.52,8432.05,1.1606,8.95578,0,0.458093
53.3,3106.03,182.508,8432.91,1.16059,8.95677,0,0.458093
53.3167,3105.99,182.496,8433.77,1.16057,8.95776,0,0.458093
53.3333,3105.94,182.485,8434.64,1.16056,8.95875,0,0.458093
53.35,3105.89,182.473,8435.5,1.16054,8.95974,0,0.458093
53.3667,3105.84,182.461,8436.36,1.16052,8.96073,0,0.458093
53.3833,3105.79,182.449,8437.23,1.16051,8.96172,0,0.458093
53.4,3105.74,182.438,8438.09,1.16049,8.96271,0,0.458093
53.4167,3105.69,182.426,8438.95,1.16047,8.9637,0,0.458093
53.4333,3105.65,182.414,8439.81,1.16046,8.9647,0,0.458093
53.45,3105.6,182.402,8440.68,1.16044,8.96569,0,0.458093
53.4667,3105.55,182.391,8441.54,1.16043,8.96668,0,0.458093
53.4833,3105.5,182.379,8442.4,1.16041,8.96767,0,0.458093
53.5,3105.45,182.367,8443.26,1.16039,8.96867,0,0.458093
53.5167,3105.4,182.355,8444.13,1.16038,8.96966,0,0.458093
53.5333,3105.35,182.344,8444.99,1.16036,8.97065,0,0.458093
53.55,3105.31,182.332,8445.85,1.16035,8.97165,0,0.458093
53.5667,3105.26,182.32,8446.71,1.16033,8.97264,0,0.458093
53.5833,3105.21,182.308,8447.58,1.16031,8.97364,0,0.458093
53.6,3105.16,182.297,8448.44,1.1603,8.97463,0,0.458093
53.6167,3105.11,182.285,8449.3,1.16028,8.97563,0,0.458093
53.6333,3105.06,182.273,8450.16,1.16026,8.97662,0,0.458093
53.65,3105.01,182.261,8451.03,1.16025,8.97762,0,0.458093
53.6667,3104.97,182.25,8451.89,1.16023,8.97862,0,0.458093
53.6833,3104.92,182.238,8452.75,1.16022,8.97961,0,0.458093
53.7,3104.87,182.226,8453.61,1.1602,8.98061,0,0.458093
53.7167,3104.82,182.214,8454.48,1.16018,8.98161,0,0.458093
53.7333,3104.77,182.202,8455.34,1.16017,8.9826,0,0.458093
53.75,3104.72,182.191,8456.2,1.16015,8.9836,0,0.458093
53.7667,3104.67,182.179,8457.06,1.16014,8.9846,0,0.458093
53.7833,3104.63,182.167,8457.93,1.16012,8.9856,0,0.458093
53.8,3104.58,182.155,8458.79,1.1601,8.9866,0,0.458093
53.8167,3104.53,182.144,8459.65,1.16009,8.9876,0,0.458093
53.8333,3104.48,182.132,8460.51,1.16007,8.9886,0,0.458093
53.85,3104.43,182.12,8461.38,1.16005,8.9896,0,0.458093
53.8667,3104.38,182.108,8462.24,1.16004,8.9906,0,0.458093
53.8833,3104.33,182.096,8463.1,1.16002,8.9916,0,0.458093
53.9,3104.29,182.085,8463.96,1.16001,8.9926,0,0.458093
53.9167,3104.24,182.073,8464.83,1.15999,8.9936,0,0.458093
53.9333,3104.19,182.061,8465.69,1.15997,8.9946,0,0.458093
53.95,3104.14,182.049,8466.55,1.15996,8.99561,0,0.458093
53.9667,3104.09,182.037,8467.41,1.15994,8.99661,0,0.458093
53.9833,3104.04,182.026,8468.27,1.15993,8.99761,0,0.458093
54,3104,182.014,8469.14,1.15991,8.99862,0,0.458093
54.0167,3103.95,182.002,8470,1.15989,8.99962,0,0.458093
54.0333,3103.9,181.99,8470.86,1.15988,9.00062,0,0.458093
54.05,3103.85,181.978,8471.72,1.15986,9.00163,0,0.458093
54.0667,3103.8,181.967,8472.59,1.15984,9.00263,0,0.458093
54.0833,3103.75,181.955,8473.45,1.15983,9.00364,0,0.458093
54.1,3103.7,181.943,8474.31,1.15981,9.00464,0,0.458093
54.1167,3103.66,181.931,8475.17,1.1598,9.00565,0,0.458093
54.1333,3103.61,181.919,8476.03,1.15978,9.00665,0,0.458093
54.15,3103.56,181.908,8476.9,1.15976,9.00766,0,0.458093
54.1667,3103.51,181.896,8477.76,1.15975,9.00867,0,0.458093
54.1833,3103.46,181.884,8478.62,1.15973,9.00967,0,0.458093
54.2,3103.41,181.872,8479.48,1.15972,9.01068,0,0.458093
54.2167,3103.36,181.86,8480.34,1.1597,9.01169,0,0.458093
54.2333,3103.32,181.848,8481.21,1.15968,9.0127,0,0.458093
54.25,3103.27,181.837,8482.07,1.15967,9.0137,0,0.458093
54.2667,3103.22,181.825,8482.93,1.15965,9.01471,0,0.458093
54.2833,3103.17,181.813,8483.79,1.15963,9.01572,0,0.458093
54.3,3103.12,181.801,8484.65,1.15962,9.01673,0,0.458093
54.3167,3103.07,181.789,8485.52,1.1596,9.01774,0,0.458093
54.3333,3103.03,181.778,8486.38,1.15959,9.01875,0,0.458093
54.35,3102.98,181.766,8487.24,1.15957,9.01976,0,0.458093
54.3667,3102.93,181.754,8488.1,1.15955,9.02077,0,0.458093
54.3833,3102.88,181.742,8488.96,1.15954,9.02178,0,0.458093
54.4,3102.83,181.73,8489.83,1.15952,9.02279,0,0.458093
54.4167,3102.78,181.718,8490.69,1.15951,9.02381,0,0.458093
54.4333,3102.73,181.706,8491.55,1.15949,9.02482,0,0.458093
54.45,3102.69,181.695,8492.41,1.15947,9.02583,0,0.458093
54.4667,3102.64,181.683,8493.27,1.15946,9.02684,0,0.458093
54.4833,3102.59,181.671,8494.14,1.15944,9.02786,0,0.458093
54.5,3102.54,181.659,8495,1.15942,9.02887,0,0.458093
54.5167,3102.49,181.647,8495.86,1.15941,9.02988,0,0.458093
54.5333,3102.44,181.635,8496.72,1.15939,9.0309,0,0.458093
54.55,3102.4,181.623,8497.58,1.15938,9.03191,0,0.458093
54.5667,3102.35,181.612,8498.44,1.15936,9.03293,0,0.458093
54.5833,3102.3,181.6,8499.31,1.15934,9.03394,0,0.458093
54.6,3102.25,181.588,8500.17,1.15933,9.03496,0,0.458093
54.6167,3102.2,181.576,8501.03,1.15931,9.03597,0,0.458093
54.6333,3102.15,181.564,8501.89,1.1593,9.03699,0,0.458093
54.65,3102.1,181.552,8502.75,1.15928,9.03801,0,0.458093
54.6667,3102.06,181.54,8503.61,1.15926,9.03902,0,0.458093
54.6833,3102.01,181.529,8504.48,1.15925,9.04004,0,0.458093
54.7,3101.96,181.517,8505.34,1.15923,9.04106,0,0.458093
54.7167,3101.91,181.505,8506.2,1.15921,9.04208,0,0.458093
54.7333,3101.86,181.493,8507.06,1.1592,9.04309,0,0.458093
54.75,3101.81,181.481,8507.92,1.15918,9.04411,0,0.458093
54.7667,3101.77,181.469,8508.78,1.15917,9.04513,0,0.458093
54.7833,3101.72,181.457,8509.65,1.15915,9.04615,0,0.458093
54.8,3101.67,181.445,8510.51,1.15913,9.04717,0,0.458093
54.8167,3101.62,181.434,8511.37,1.15912,9.04819,0,0.458093
54.8333,3101.57,181.422,8512.23,1.1591,9.04921,0,0.458093
54.85,3101.52,181.41,8513.09,1.15909,9.05023,0,0.458093
54.8667,3101.47,181.398,8513.95,1.15907,9.05125,0,0.458093
54.8833,3101.43,181.386,8514.82,1.15905,9.05228,0,0.458093
54.9,3101.38,181.374,8515.68,1.15904,9.0533,0,0.458093
54.9167,3101.33,181.362,8516.54,1.15902,9.05432,0,0.458093
54.9333,3101.28,181.35,8517.4,1.159,9.05534,0,0.458093
54.95,3101.23,181.338,8518.26,1.15899,9.05636,0,0.458093
54.9667,3101.18,181.326,8519.12,1.15897,9.05739,0,0.458093
54.9833,3101.14,181.315,8519.98,1.15896,9.05841,0,0.458093
55,3101.09,181.303,8520.85,1.15894,9.05943,0,0.458093
55.0167,3101.04,181.291,8521.71,1.15892,9.06046,0,0.458093
55.0333,3100.99,181.279,8522.57,1.15891,9.06148,0,0.458093
55.05,3100.94,181.267,8523.43,1.15889,9.06251,0,0.458093
55.0667,3100.89,181.255,8524.29,1.15888,9.06353,0,0.458093
55.0833,3100.85,181.243,8525.15,1.15886,9.06456,0,0.458093
55.1,3100.8,181.231,8526.01,1.15884,9.06559,0,0.458093
55.1167,3100.75,181.219,8526.88,1.15883,9.06661,0,0.458093
55.1333,3100.7,181.207,8527.74,1.15881,9.06764,0,0.458093
55.15,3100.65,181.195,8528.6,1.15879,9.06867,0,0.458093
55.1667,3100.6,181.184,8529.46,1.15878,9.06969,0,0.458093
55.1833,3100.56,181.172,8530.32,1.15876,9.07072,0,0.458093
55.2,3100.51,181.16,8531.18,1.15875,9.07175,0,0.458093
55.2167,3100.46,181.148,8532.04,1.15873,9.07278,0,0.458093
55.2333,3100.41,181.136,8532.9,1.15871,9.07381,0,0.458093
55.25,3100.36,181.124,8533.77,1.1587,9.07484,0,0.458093
55.2667,3100.31,181.112,8534.63,1.15868,9.07586,0,0.458093
55.2833,3100.26,181.1,8535.49,1.15866,9.07689,0,0.458093
55.3,3100.22,181.088,8536.35,1.15865,9.07792,0,0.458093
55.3167,3100.17,181.076,8537.21,1.15863,9.07896,0,0.458093
55.3333,3100.12,181.064,8538.07,1.15862,9.07999,0,0.458093
55.35,3100.07,181.052,8538.93,1.1586,9.08102,0,0.458093
55.3667,3100.02,181.04,8539.79,1.15858,9.08205,0,0.458093
55.3833,3099.97,181.028,8540.65,1.15857,9.08308,0,0.458093
55.4,3099.93,181.016,8541.52,1.15855,9.08411,0,0.458093
55.4167,3099.88,181.004,8542.38,1.15854,9.08515,0,0.458093
55.4333,3099.83,180.993,8543.24,1.15852,9.08618,0,0.458093
55.45,3099.78,180.981,8544.1,1.1585,9.08721,0,0.458093
55.4667,3099.73,180.969,8544.96,1.15849,9.08825,0,0.458093
55.4833,3099.68,180.957,8545.82,1.15847,9.08928,0,0.458093
55.5,3099.64,180.945,8546.68,1.15845,9.09032,0,0.458093
55.5167,3099.59,180.933,8547.54,1.15844,9.09135,0,0.458093
55.5333,3099.54,180.921,8548.4,1.15842,9.09239,0,0.458093
55.55,3099.49,180.909,8549.26,1.15841,9.09342,0,0.458093
55.5667,3099.44,180.897,8550.13,1.15839,9.09446,0,0.458093
55.5833,3099.39,180.885,8550.99,1.15837,9.09549,0,0.458093
55.6,3099.35,180.873,8551.85,1.15836,9.09653,0,0.458093
55.6167,3099.3,180.861,8552.71,1.15834,9.09757,0,0.458093
55.6333,3099.25,180.849,8553.57,1.15833,9.0986,0,0.458093
55.65,3099.2,180.837,8554.43,1.15831,9.09964,0,0.458093
55.6667,3099.15,180.825,8555.29,1.15829,9.10068,0,0.458093
55.6833,3099.1,180.813,8556.15,1.15828,9.10172,0,0.458093
55.7,3099.06,180.801,8557.01,1.15826,9.10276,0,0.458093
55.7167,3099.01,180.789,8557.87,1.15824,9.1038,0,0.458093
55.7333,3098.96,180.777,8558.73,1.15823,9.10484,0,0.458093
55.75,3098.91,180.765,8559.6,1.15821,9.10588,0,0.458093
55.7667,3098.86,180.753,8560.46,1.1582,9.10692,0,0.458093
55.7833,3098.81,180.741,8561.32,1.15818,9.10796,0,0.458093
55.8,3098.77,180.729,8562.18,1.15816,9.109,0,0.458093
55.8167,3098.72,180.717,8563.04,1.15815,9.11004,0,0.458093
55.8333,3098.67,180.705,8563.9,1.15813,9.11108,0,0.458093
55.85,3098.62,180.693,8564.76,1.15812,9.11212,0,0.458093
55.8667,3098.57,180.681,8565.62,1.1581,9.11316,0,0.458093
55.8833,3098.52,180.669,8566.48,1.15808,9.11421,0,0.458093
55.9,3098.48,180.657,8567.34,1.15807,9.11525,0,0.458093
55.9167,3098.43,180.645,8568.2,1.15805,9.11629,0,0.458093
55.9333,3098.38,180.633,8569.06,1.15803,9.11734,0,0.458093
55.95,3098.33,180.621,8569.92,1.15802,9.11838,0,0.458093
55.9667,3098.28,180.609,8570.78,1.158,9.11943,0,0.458093
55.9833,3098.23,180.597,8571.65,1.15799,9.12047,0,0.458093
56,3098.19,180.585,8572.51,1.15797,9.12152,0,0.458093
56.0167,3098.14,180.573,8573.37,1.15795,9.12256,0,0.458093
56.0333,3098.09,180.561,8574.23,1.15794,9.12361,0,0.458093
56.05,3098.04,180.549,8575.09,1.15792,9.12465,0,0.458093
56.0667,3097.99,180.537,8575.95,1.15791,9.1257,0,0.458093
56.0833,3097.94,180.525,8576.81,1.15789,9.12675,0,0.458093
56.1,3097.9,180.513,8577.67,1.15787,9.12779,0,0.458093
56.1167,3097.85,180.501,8578.53,1.15786,9.12884,0,0.458093
56.1333,3097.8,180.489,8579.39,1.15784,9.12989,0,0.458093
56.15,3097.75,180.477,8580.25,1.15782,9.13094,0,0.458093
56.1667,3097.7,180.465,8581.11,1.15781,9.13199,0,0.458093
56.1833,3097.65,180.453,8581.97,1.15779,9.13304,0,0.458093
56.2,3097.61,180.441,8582.83,1.15778,9.13409,0,0.458093
56.2167,3097.56,180.429,8583.69,1.15776,9.13514,0,0.458093
56.2333,3097.51,180.417,8584.55,1.15774,9.13619,0,0.458093
56.25,3097.46,180.405,8585.41,1.15773,9.13724,0,0.458093
56.2667,3097.41,180.393,8586.27,1.15771,9.13829,0,0.458093
56.2833,3097.36,180.381,8587.13,1.1577,9.13934,0,0.458093
56.3,3097.32,180.369,8587.99,1.15768,9.14039,0,0.458093
56.3167,3097.27,180.357,8588.86,1.15766,9.14144,0,0.458093
56.3333,3097.22,180.344,8589.72,1.15765,9.1425,0,0.458093
56.35,3097.17,180.332,8590.58,1.15763,9.14355,0,0.458093
56.3667,3097.12,180.32,8591.44,1.15761,9.1446,0,0.458093
56.3833,3097.08,180.308,8592.3,1.1576,9.14566,0,0.458093
56.4,3097.03,180.296,8593.16,1.15758,9.14671,0,0.458093
56.4167,3096.98,180.284,8594.02,1.15757,9.14776,0,0.458093
56.4333,3096.93,180.272,8594.88,1.15755,9.14882,0,0.458093
56.45,3096.88,180.26,8595.74,1.15753,9.14987,0,0.458093
56.4667,3096.83,180.248,8596.6,1.15752,9.15093,0,0.458093
56.4833,3096.79,180.236,8597.46,1.1575,9.15199,0,0.458093
56.5,3096.74,180.224,8598.32,1.15748,9.15304,0,0.458093
56.5167,3096.69,180.212,8599.18,1.15747,9.1541,0,0.458093
56.5333,3096.64,180.2,8600.04,1.15745,9.15515,0,0.458093
56.55,3096.59,180.188,8600.9,1.15744,9.15621,0,0.458093
56.5667,3096.54,180.176,8601.76,1.15742,9.15727,0,0.458093
56.5833,3096.5,180.164,8602.62,1.1574,9.15833,0,0.458093
56.6,3096.45,180.151,8603.48,1.15739,9.15939,0,0.458093
56.6167,3096.4,180.139,8604.34,1.15737,9.16044,0,0.458093
56.6333,3096.35,180.127,8605.2,1.15736,9.1615,0,0.458093
56.65,3096.3,180.115,8606.06,1.15734,9.16256,0,0.458093
56.6667,3096.25,180.103,8606.92,1.15732,9.16362,0,0.458093
56.6833,3096.21,180.091,8607.78,1.15731,9.16468,0,0.458093
56.7,3096.16,180.079,8608.64,1.15729,9.16574,0,0.458093
56.7167,3096.11,180.067,8609.5,1.15727,9.16681,0,0.458093
56.7333,3096.06,180.055,8610.36,1.15726,9.16787,0,0.458093
56.75,3096.01,180.043,8611.22,1.15724,9.16893,0,0.458093
56.7667,3095.96,180.031,8612.08,1.15723,9.16999,0,0.458093
56.7833,3095.92,180.019,8612.94,1.15721,9.17105,0,0.458093
56.8,3095.87,180.006,8613.8,1.15719,9.17212,0,0.458093
56.8167,3095.82,179.994,8614.66,1.15718,9.17318,0,0.458093
56.8333,3095.77,179.982,8615.52,1.15716,9.17424,0,0.458093
56.85,3095.72,179.97,8616.38,1.15715,9.17531,0,0.458093
56.8667,3095.68,179.958,8617.24,1.15713,9.17637,0,0.458093
56.8833,3095.63,179.946,8618.1,1.15711,9.17743,0,0.458093
56.9,3095.58,179.934,8618.96,1.1571,9.1785,0,0.458093
56.9167,3095.53,179.922,8619.82,1.15708,9.17957,0,0.458093
56.9333,3095.48,179.91,8620.68,1.15706,9.18063,0,0.458093
56.95,3095.43,179.897,8621.54,1.15705,9.1817,0,0.458093
56.9667,3095.39,179.885,8622.4,1.15703,9.18276,0,0.458093
56.9833,3095.34,179.873,8623.26,1.15702,9.18383,0,0.458093
57,3095.29,179.861,8624.12,1.157,9.1849,0,0.458093
57.0167,3095.24,179.849,8624.98,1.15698,9.18597,0,0.458093
57.0333,3095.19,179.837,8625.84,1.15697,9.18703,0,0.458093
57.05,3095.14,179.825,8626.7,1.15695,9.1881,0,0.458093
57.0667,3095.1,179.813,8627.56,1.15694,9.18917,0,0.458093
57.0833,3095.05,179.8,8628.42,1.15692,9.19024,0,0.458093
57.1,3095,179.788,8629.28,1.1569,9.19131,0,0.458093
57.1167,3094.95,179.776,8630.14,1.15689,9.19238,0,0.458093
57.1333,3094.9,179.764,8631,1.15687,9.19345,0,0.458093
57.15,3094.86,179.752,8631.86,1.15685,9.19452,0,0.458093
57.1667,3094.81,179.74,8632.72,1.15684,9.19559,0,0.458093
57.1833,3094.76,179.728,8633.58,1.15682,9.19666,0,0.458093
57.2,3094.71,179.716,8634.44,1.15681,9.19773,0,0.458093
57.2167,3094.66,179.703,8635.29,1.15679,9.19881,0,0.458093
57.2333,3094.61,179.691,8636.15,1.15677,9.19988,0,0.458093
57.25,3094.57,179.679,8637.01,1.15676,9.20095,0,0.458093
57.2667,3094.52,179.667,8637.87,1.15674,9.20202,0,0.458093
57.2833,3094.47,179.655,8638.73,1.15673,9.2031,0,0.458093
57.3,3094.42,179.643,8639.59,1.15671,9.20417,0,0.458093
57.3167,3094.37,179.63,8640.45,1.15669,9.20525,0,0.458093
57.3333,3094.33,179.618,8641.31,1.15668,9.20632,0,0.458093
57.35,3094.28,179.606,8642.17,1.15666,9.2074,0,0.458093
57.3667,3094.23,179.594,8643.03,1.15664,9.20847,0,0.458093
57.3833,3094.18,179.582,8643.89,1.15663,9.20955,0,0.458093
57.4,3094.13,179.57,8644.75,1.15661,9.21062,0,0.458093
57.4167,3094.08,179.557,8645.61,1.1566,9.2117,0,0.458093
57.4333,3094.04,179.545,8646.47,1.15658,9.21278,0,0.458093
57.45,3093.99,179.533,8647.33,1.15656,9.21386,0,0.458093
57.4667,3093.94,179.521,8648.19,1.15655,9.21493,0,0.458093
57.4833,3093.89,179.509,8649.05,1.15653,9.21601,0,0.458093
57.5,3093.84,179.497,8649.91,1.15652,9.21709,0,0.458093
57.5167,3093.8,179.484,8650.77,1.1565,9.21817,0,0.458093
57.5333,3093.75,179.472,8651.63,1.15648,9.21925,0,0.458093
57.55,3093.7,179.46,8652.48,1.15647,9.22033,0,0.458093
57.5667,3093.65,179.448,8653.34,1.15645,9.22141,0,0.458093
57.5833,3093.6,179.436,8654.2,1.15643,9.22249,0,0.458093
57.6,3093.55,179.424,8655.06,1.15642,9.22357,0,0.458093
57.6167,3093.51,179.411,8655.92,1.1564,9.22465,0,0.458093
57.6333,3093.46,179.399,8656.78,1.15639,9.22573,0,0.458093
57.65,3093.41,179.387,8657.64,1.15637,9.22681,0,0.458093
57.6667,3093.36,179.375,8658.5,1.15635,9.2279,0,0.458093
57.6833,3093.31,179.363,8659.36,1.15634,9.22898,0,0.458093
57.7,3093.27,179.35,8660.22,1.15632,9.23006,0,0.458093
57.7167,3093.22,179.338,8661.08,1.1563,9.23115,0,0.458093
57.7333,3093.17,179.326,8661.94,1.15629,9.23223,0,0.458093
57.75,3093.12,179.314,8662.8,1.15627,9.23331,0,0.458093
57.7667,3093.07,179.302,8663.66,1.15626,9.2344,0,0.458093
57.7833,3093.02,179.289,8664.51,1.15624,9.23548,0,0.458093
57.8,3092.98,179.277,8665.37,1.15622,9.23657,0,0.458093
57.8167,3092.93,179.265,8666.23,1.15621,9.23765,0,0.458093
57.8333,3092.88,179.253,8667.09,1.15619,9.23874,0,0.458093
57.85,3092.83,179.241,8667.95,1.15618,9.23983,0,0.458093
57.8667,3092.78,179.228,8668.81,1.15616,9.24091,0,0.458093
57.8833,3092.74,179.216,8669.67,1.15614,9.242,0,0.458093
57.9,3092.69,179.204,8670.53,1.15613,9.24309,0,0.458093
57.9167,3092.64,179.192,8671.39,1.15611,9.24418,0,0.458093
57.9333,3092.59,179.179,8672.25,1.15609,9.24527,0,0.458093
57.95,3092.54,179.167,8673.11,1.15608,9.24635,0,0.458093
57.9667,3092.49,179.155,8673.96,1.15606,9.24744,0,0.458093
57.9833,3092.45,179.143,8674.82,1.15605,9.24853,0,0.458093
58,3092.4,179.131,8675.68,1.15603,9.24962,0,0.458093
58.0167,3092.35,179.118,8676.54,1.15601,9.25071,0,0.458093
58.0333,3092.3,179.106,8677.4,1.156,9.2518,0,0.458093
58.05,3092.25,179.094,8678.26,1.15598,9.25289,0,0.458093
58.0667,3092.21,179.082,8679.12,1.15597,9.25399,0,0.458093
58.0833,3092.16,179.069,8679.98,1.15595,9.25508,0,0.458093
58.1,3092.11,179.057,8680.84,1.15593,9.25617,0,0.458093
58.1167,3092.06,179.045,8681.7,1.15592,9.25726,0,0.458093
58.1333,3092.01,179.033,8682.55,1.1559,9.25836,0,0.458093
58.15,3091.97,179.02,8683.41,1.15588,9.25945,0,0.458093
58.1667,3091.92,179.008,8684.27,1.15587,9.26054,0,0.458093
58.1833,3091.87,178.996,8685.13,1.15585,9.26164,0,0.458093
58.2,3091.82,178.984,8685.99,1.15584,9.26273,0,0.458093
58.2167,3091.77,178.971,8686.85,1.15582,9.26383,0,0.458093
58.2333,3091.72,178.959,8687.71,1.1558,9.26492,0,0.458093
58.25,3091.68,178.947,8688.57,1.15579,9.26602,0,0.458093
58.2667,3091.63,178.935,8689.42,1.15577,9.26711,0,0.458093
58.2833,3091.58,178.922,8690.28,1.15576,9.26821,0,0.458093
58.3,3091.53,178.91,8691.14,1.15574,9.26931,0,0.458093
58.3167,3091.48,178.898,8692,1.15572,9.27041,0,0.458093
58.3333,3091.44,178.886,8692.86,1.15571,9.2715,0,0.458093
58.35,3091.39,178.873,8693.72,1.15569,9.2726,0,0.458093
58.3667,3091.34,178.861,8694.58,1.15567,9.2737,0,0.458093
58.3833,3091.29,178.849,8695.44,1.15566,9.2748,0,0.458093
58.4,3091.24,178.836,8696.29,1.15564,9.2759,0,0.458093
58.4167,3091.2,178.824,8697.15,1.15563,9.277,0,0.458093
58.4333,3091.15,178.812,8698.01,1.15561,9.2781,0,0.458093
58.45,3091.1,178.8,8698.87,1.15559,9.2792,0,0.458093
58.4667,3091.05,178.787,8699.73,1.15558,9.2803,0,0.458093
58.4833,3091,178.775,8700.59,1.15556,9.2814,0,0.458093
58.5,3090.95,178.763,8701.45,1.15555,9.2825,0,0.458093
58.5167,3090.91,178.75,8702.3,1.15553,9.2836,0,0.458093
58.5333,3090.86,178.738,8703.16,1.15551,9.28471,0,0.458093
58.55,3090.81,178.726,8704.02,1.1555,9.28581,0,0.458093
58.5667,3090.76,178.714,8704.88,1.15548,9.28691,0,0.458093
58.5833,3090.71,178.701,8705.74,1.15546,9.28802,0,0.458093
58.6,3090.67,178.689,8706.6,1.15545,9.28912,0,0.458093
58.6167,3090.62,178.677,8707.46,1.15543,9.29022,0,0.458093
58.6333,3090.57,178.664,8708.31,1.15542,9.29133,0,0.458093
58.65,3090.52,178.652,8709.17,1.1554,9.29243,0,0.458093
58.6667,3090.47,178.64,8710.03,1.15538,9.29354,0,0.458093
58.6833,3090.43,178.627,8710.89,1.15537,9.29465,0,0.458093
58.7,3090.38,178.615,8711.75,1.15535,9.29575,0,0.458093
58.7167,3090.33,178.603,8712.61,1.15534,9.29686,0,0.458093
58.7333,3090.28,178.591,8713.47,1.15532,9.29797,0,0.458093
58.75,3090.23,178.578,8714.32,1.1553,9.29907,0,0.458093
58.7667,3090.18,178.566,8715.18,1.15529,9.30018,0,0.458093
58.7833,3090.14,178.554,8716.04,1.15527,9.30129,0,0.458093
58.8,3090.09,178.541,8716.9,1.15525,9.3024,0,0.458093
58.8167,3090.04,178.529,8717.76,1.15524,9.30351,0,0.458093
58.8333,3089.99,178.517,8718.62,1.15522,9.30462,0,0.458093
58.85,3089.94,178.504,8719.47,1.15521,9.30573,0,0.458093
58.8667,3089.9,178.492,8720.33,1.15519,9.30684,0,0.458093
58.8833,3089.85,178.48,8721.19,1.15517,9.30795,0,0.458093
58.9,3089.8,178.467,8722.05,1.15516,9.30906,0,0.458093
58.9167,3089.75,178.455,8722.91,1.15514,9.31017,0,0.458093
58.9333,3089.7,178.443,8723.77,1.15513,9.31128,0,0.458093
58.95,3089.66,178.43,8724.62,1.15511,9.3124,0,0.458093
58.9667,3089.61,178.418,8725.48,1.15509,9.31351,0,0.458093
58.9833,3089.56,178.406,8726.34,1.15508,9.31462,0,0.458093
59,3089.51,178.393,8727.2,1.15506,9.31573,0,0.458093
59.0167,3089.46,178.381,8728.06,1.15504,9.31685,0,0.458093
59.0333,3089.42,178.369,8728.91,1.15503,9.31796,0,0.458093
59.05,3089.37,178.356,8729.77,1.15501,9.31908,0,0.458093
59.0667,3089.32,178.344,8730.63,1.155,9.32019,0,0.458093
59.0833,3089.27,178.332,8731.49,1.15498,9.32131,0,0.458093
59.1,3089.22,178.319,8732.35,1.15496,9.32242,0,0.458093
59.1167,3089.17,178.307,8733.21,1.15495,9.32354,0,0.458093
59.1333,3089.13,178.294,8734.06,1.15493,9.32466,0,0.458093
59.15,3089.08,178.282,8734.92,1.15492,9.32577,0,0.458093
59.1667,3089.03,178.27,8735.78,1.1549,9.32689,0,0.458093
59.1833,3088.98,178.257,8736.64,1.15488,9.32801,0,0.458093
59.2,3088.93,178.245,8737.5,1.15487,9.32913,0,0.458093
59.2167,3088.89,178.233,8738.35,1.15485,9.33025,0,0.458093
59.2333,3088.84,178.22,8739.21,1.15483,9.33136,0,0.458093
59.25,3088.79,178.208,8740.07,1.15482,9.33248,0,0.458093
59.2667,3088.74,178.196,8740.93,1.1548,9.3336,0,0.458093
59.2833,3088.69,178.183,8741.79,1.15479,9.33472,0,0.458093
59.3,3088.65,178.171,8742.64,1.15477,9.33585,0,0.458093
59.3167,3088.6,178.158,8743.5,1.15475,9.33697,0,0.458093
59.3333,3088.55,178.146,8744.36,1.15474,9.33809,0,0.458093
59.35,3088.5,178.134,8745.22,1.15472,9.33921,0,0.458093
59.3667,3088.45,178.121,8746.08,1.15471,9.34033,0,0.458093
59.3833,3088.41,178.109,8746.93,1.15469,9.34145,0,0.458093
59.4,3088.36,178.096,8747.79,1.15467,9.34258,0,0.458093
59.4167,3088.31,178.084,8748.65,1.15466,9.3437,0,0.458093
59.4333,3088.26,178.072,8749.51,1.15464,9.34482,0,0.458093
59.45,3088.21,178.059,8750.36,1.15462,9.34595,0,0.458093
59.4667,3088.17,178.047,8751.22,1.15461,9.34707,0,0.458093
59.4833,3088.12,178.035,8752.08,1.15459,9.3482,0,0.458093
59.5,3088.07,178.022,8752.94,1.15458,9.34932,0,0.458093
59.5167,3088.02,178.01,8753.8,1.15456,9.35045,0,0.458093
59.5333,3087.97,177.997,8754.65,1.15454,9.35158,0,0.458093
59.55,3087.93,177.985,8755.51,1.15453,9.3527,0,0.458093
59.5667,3087.88,177.973,8756.37,1.15451,9.35383,0,0.458093
59.5833,3087.83,177.96,8757.23,1.1545,9.35496,0,0.458093
59.6,3087.78,177.948,8758.08,1.15448,9.35609,0,0.458093
59.6167,3087.73,177.935,8758.94,1.15446,9.35721,0,0.458093
59.6333,3087.68,177.923,8759.8,1.15445,9.35834,0,0.458093
59.65,3087.64,177.91,8760.66,1.15443,9.35947,0,0.458093
59.6667,3087.59,177.898,8761.52,1.15441,9.3606,0,0.458093
59.6833,3087.54,177.886,8762.37,1.1544,9.36173,0,0.458093
59.7,3087.49,177.873,8763.23,1.15438,9.36286,0,0.458093
59.7167,3087.44,177.861,8764.09,1.15437,9.36399,0,0.458093
59.7333,3087.4,177.848,8764.95,1.15435,9.36512,0,0.458093
59.75,3087.35,177.836,8765.8,1.15433,9.36626,0,0.458093
59.7667,3087.3,177.823,8766.66,1.15432,9.36739,0,0.458093
59.7833,3087.25,177.811,8767.52,1.1543,9.36852,0,0.458093
59.8,3087.2,177.799,8768.38,1.15429,9.36965,0,0.458093
59.8167,3087.16,177.786,8769.23,1.15427,9.37079,0,0.458093
59.8333,3087.11,177.774,8770.09,1.15425,9.37192,0,0.458093
59.85,3087.06,177.761,8770.95,1.15424,9.37305,0,0.458093
59.8667,3087.01,177.749,8771.81,1.15422,9.37419,0,0.458093
59.8833,3086.96,177.736,8772.66,1.1542,9.37532,0,0.458093
59.9,3086.92,177.724,8773.52,1.15419,9.37646,0,0.458093
59.9167,3086.87,177.712,8774.38,1.15417,9.37759,0,0.458093
59.9333,3086.82,177.699,8775.24,1.15416,9.37873,0,0.458093
59.95,3086.77,177.687,8776.09,1.15414,9.37987,0,0.458093
59.9667,3086.72,177.674,8776.95,1.15412,9.381,0,0.458093
59.9833,3086.68,177.662,8777.81,1.15411,9.38214,0,0.458093
60,3086.63,177.649,8778.67,1.15409,9.38328,0,0.458093
60.0167,3086.58,177.637,8779.52,1.15408,9.38442,0,0.458093
60.0333,3086.53,177.624,8780.38,1.15406,9.38556,0,0.458093
60.05,3086.48,177.612,8781.24,1.15404,9.38669,0,0.458093
60.0667,3086.44,177.599,8782.1,1.15403,9.38783,0,0.458093
60.0833,3086.39,177.587,8782.95,1.15401,9.38897,0,0.458093
60.1,3086.34,177.574,8783.81,1.15399,9.39011,0,0.458093
60.1167,3086.29,177.562,8784.67,1.15398,9.39125,0,0.458093
60.1333,3086.24,177.55,8785.52,1.15396,9.3924,0,0.458093
60.15,3086.2,177.537,8786.38,1.15395,9.39354,0,0.458093
60.1667,3086.15,177.525,8787.24,1.15393,9.39468,0,0.458093
60.1833,3086.1,177.512,8788.1,1.15391,9.39582,0,0.458093
60.2,3086.05,177.5,8788.95,1.1539,9.39696,0,0.458093
60.2167,3086,177.487,8789.81,1.15388,9.39811,0,0.458093
60.2333,3085.96,177.475,8790.67,1.15387,9.39925,0,0.458093
60.25,3085.91,177.462,8791.53,1.15385,9.40039,0,0.458093
60.2667,3085.86,177.45,8792.38,1.15383,9.40154,0,0.458093
60.2833,3085.81,177.437,8793.24,1.15382,9.40268,0,0.458093
60.3,3085.76,177.425,8794.1,1.1538,9.40383,0,0.458093
60.3167,3085.72,177.412,8794.95,1.15378,9.40497,0,0.458093
60.3333,3085.67,177.4,8795.81,1.15377,9.40612,0,0.458093
60.35,3085.62,177.387,8796.67,1.15375,9.40727,0,0.458093
60.3667,3085.57,177.375,8797.53,1.15374,9.40841,0,0.458093
60.3833,3085.52,177.362,8798.38,1.15372,9.40956,0,0.458093
60.4,3085.48,177.35,8799.24,1.1537,9.41071,0,0.458093
60.4167,3085.43,177.337,8800.1,1.15369,9.41186,0,0.458093
60.4333,3085.38,177.325,8800.95,1.15367,9.413,0,0.458093
60.45,3085.33,177.312,8801.81,1.15366,9.41415,0,0.458093
60.4667,3085.28,177.3,8802.67,1.15364,9.4153,0,0.458093
60.4833,3085.24,177.287,8803.52,1.15362,9.41645,0,0.458093
60.5,3085.19,177.275,8804.38,1.15361,9.4176,0,0.458093
60.5167,3085.14,177.262,8805.24,1.15359,9.41875,0,0.458093
60.5333,3085.09,177.25,8806.1,1.15357,9.4199,0,0.458093
60.55,3085.04,177.237,8806.95,1.15356,9.42106,0,0.458093
60.5667,3085,177.225,8807.81,1.15354,9.42221,0,0.458093
60.5833,3084.95,177.212,8808.67,1.15353,9.42336,0,0.458093
60.6,3084.9,177.2,8809.52,1.15351,9.42451,0,0.458093
60.6167,3084.85,177.187,8810.38,1.15349,9.42567,0,0.458093
60.6333,3084.8,177.174,8811.24,1.15348,9.42682,0,0.458093
60.65,3084.76,177.162,8812.09,1.15346,9.42797,0,0.458093
60.6667,3084.71,177.149,8812.95,1.15345,9.42913,0,0.458093
60.6833,3084.66,177.137,8813.81,1.15343,9.43028,0,0.458093
60.7,3084.61,177.124,8814.66,1.15341,9.43144,0,0.458093
60.7167,3084.56,177.112,8815.52,1.1534,9.43259,0,0.458093
60.7333,3084.51,177.099,8816.38,1.15338,9.43375,0,0.458093
60.75,3084.47,177.087,8817.24,1.15336,9.43491,0,0.458093
60.7667,3084.42,177.074,8818.09,1.15335,9.43606,0,0.458093
60.7833,3084.37,177.062,8818.95,1.15333,9.43722,0,0.458093
60.8,3084.32,177.049,8819.81,1.15332,9.43838,0,0.458093
60.8167,3084.27,177.036,8820.66,1.1533,9.43954,0,0.458093
60.8333,3084.23,177.024,8821.52,1.15328,9.44069,0,0.458093
60.85,3084.18,177.011,8822.38,1.15327,9.44185,0,0.458093
60.8667,3084.13,176.999,8823.23,1.15325,9.44301,0,0.458093
60.8833,3084.08,176.986,8824.09,1.15324,9.44417,0,0.458093
60.9,3084.03,176.974,8824.95,1.15322,9.44533,0,0.458093
60.9167,3083.99,176.961,8825.8,1.1532,9.44649,0,0.458093
60.9333,3083.94,176.949,8826.66,1.15319,9.44765,0,0.458093
60.95,3083.89,176.936,8827.52,1.15317,9.44882,0,0.458093
60.9667,3083.84,176.923,8828.37,1.15315,9.44998,0,0.458093
60.9833,3083.79,176.911,8829.23,1.15314,9.45114,0,0.458093
61,3083.75,176.898,8830.09,1.15312,9.4523,0,0.458093
61.0167,3083.7,176.886,8830.94,1.15311,9.45347,0,0.458093
61.0333,3083.65,176.873,8831.8,1.15309,9.45463,0,0.458093
61.05,3083.6,176.861,8832.66,1.15307,9.45579,0,0.458093
61.0667,3083.55,176.848,8833.51,1.15306,9.45696,0,0.458093
61.0833,3083.51,176.835,8834.37,1.15304,9.45812,0,0.458093
61.1,3083.46,176.823,8835.23,1.15303,9.45929,0,0.458093
61.1167,3083.41,176.81,8836.08,1.15301,9.46045,0,0.458093
61.1333,3083.36,176.798,8836.94,1.15299,9.46162,0,0.458093
61.15,3083.31,176.785,8837.79,1.15298,9.46279,0,0.458093
61.1667,3083.27,176.772,8838.65,1.15296,9.46395,0,0.458093
61.1833,3083.22,176.76,8839.51,1.15295,9.46512,0,0.458093
61.2,3083.17,176.747,8840.36,1.15293,9.46629,0,0.458093
61.2167,3083.12,176.735,8841.22,1.15291,9.46746,0,0.458093
61.2333,3083.07,176.722,8842.08,1.1529,9.46863,0,0.458093
61.25,3083.03,176.709,8842.93,1.15288,9.4698,0,0.458093
61.2667,3082.98,176.697,8843.79,1.15286,9.47097,0,0.458093
61.2833,3082.93,176.684,8844.65,1.15285,9.47214,0,0.458093
61.3,3082.88,176.672,8845.5,1.15283,9.47331,0,0.458093
61.3167,3082.83,176.659,8846.36,1.15282,9.47448,0,0.458093
61.3333,3082.79,176.646,8847.21,1.1528,9.47565,0,0.458093
61.35,3082.74,176.634,8848.07,1.15278,9.47682,0,0.458093
61.3667,3082.69,176.621,8848.93,1.15277,9.47799,0,0.458093
61.3833,3082.64,176.609,8849.78,1.15275,9.47917,0,0.458093
61.4,3082.59,176.596,8850.64,1.15274,9.48034,0,0.458093
61.4167,3082.55,176.583,8851.5,1.15272,9.48151,0,0.458093
61.4333,3082.5,176.571,8852.35,1.1527,9.48269,0,0.458093
61.45,3082.45,176.558,8853.21,1.15269,9.48386,0,0.458093
61.4667,3082.4,176.545,8854.07,1.15267,9.48503,0,0.458093
61.4833,3082.36,176.533,8854.92,1.15265,9.48621,0,0.458093
61.5,3082.31,176.52,8855.78,1.15264,9.48739,0,0.458093
61.5167,3082.26,176.508,8856.63,1.15262,9.48856,0,0.458093
61.5333,3082.21,176.495,8857.49,1.15261,9.48974,0,0.458093
61.55,3082.16,176.482,8858.35,1.15259,9.49092,0,0.458093
61.5667,3082.12,176.47,8859.2,1.15257,9.49209,0,0.458093
61.5833,3082.07,176.457,8860.06,1.15256,9.49327,0,0.458093
61.6,3082.02,176.444,8860.91,1.15254,9.49445,0,0.458093
61.6167,3081.97,176.432,8861.77,1.15253,9.49563,0,0.458093
61.6333,3081.92,176.419,8862.63,1.15251,9.49681,0,0.458093
61.65,3081.88,176.406,8863.48,1.15249,9.49799,0,0.458093
61.6667,3081.83,176.394,8864.34,1.15248,9.49917,0,0.458093
61.6833,3081.78,176.381,8865.19,1.15246,9.50035,0,0.458093
61.7,3081.73,176.368,8866.05,1.15244,9.50153,0,0.458093
61.7167,3081.68,176.356,8866.91,1.15243,9.50271,0,0.458093
61.7333,3081.64,176.343,8867.76,1.15241,9.50389,0,0.458093
61.75,3081.59,176.33,8868.62,1.1524,9.50507,0,0.458093
61.7667,3081.54,176.318,8869.47,1.15238,9.50625,0,0.458093
61.7833,3081.49,176.305,8870.33,1.15236,9.50744,0,0.458093
61.8,3081.44,176.292,8871.19,1.15235,9.50862,0,0.458093
61.8167,3081.4,176.28,8872.04,1.15233,9.5098,0,0.458093
61.8333,3081.35,176.267,8872.9,1.15232,9.51099,0,0.458093
61.85,3081.3,176.254,8873.75,1.1523,9.51217,0,0.458093
61.8667,3081.25,176.242,8874.61,1.15228,9.51336,0,0.458093
61.8833,3081.2,176.229,8875.47,1.15227,9.51454,0,0.458093
61.9,3081.16,176.216,8876.32,1.15225,9.51573,0,0.458093
61.9167,3081.11,176.204,8877.18,1.15223,9.51691,0,0.458093
61.9333,3081.06,176.191,8878.03,1.15222,9.5181,0,0.458093
61.95,3081.01,176.178,8878.89,1.1522,9.51929,0,0.458093
61.9667,3080.96,176.166,8879.75,1.15219,9.52048,0,0.458093
61.9833,3080.92,176.153,8880.6,1.15217,9.52166,0,0.458093
62,3080.87,176.14,8881.46,1.15215,9.52285,0,0.458093
62.0167,3080.82,176.128,8882.31,1.15214,9.52404,0,0.458093
62.0333,3080.77,176.115,8883.17,1.15212,9.52523,0,0.458093
62.05,3080.73,176.102,8884.02,1.15211,9.52642,0,0.458093
62.0667,3080.68,176.09,8884.88,1.15209,9.52761,0,0.458093
62.0833,3080.63,176.077,8885.74,1.15207,9.5288,0,0.458093
62.1,3080.58,176.064,8886.59,1.15206,9.52999,0,0.458093
62.1167,3080.53,176.051,8887.45,1.15204,9.53118,0,0.458093
62.1333,3080.49,176.039,8888.3,1.15202,9.53238,0,0.458093
62.15,3080.44,176.026,8889.16,1.15201,9.53357,0,0.458093
62.1667,3080.39,176.013,8890.01,1.15199,9.53476,0,0.458093
62.1833,3080.34,176.001,8890.87,1.15198,9.53595,0,0.458093
62.2,3080.29,175.988,8891.73,1.15196,9.53715,0,0.458093
62.2167,3080.25,175.975,8892.58,1.15194,9.53834,0,0.458093
62.2333,3080.2,175.962,8893.44,1.15193,9.53954,0,0.458093
62.25,3080.15,175.95,8894.29,1.15191,9.54073,0,0.458093
62.2667,3080.1,175.937,8895.15,1.1519,9.54193,0,0.458093
62.2833,3080.06,175.924,8896,1.15188,9.54312,0,0.458093
62.3,3080.01,175.912,8896.86,1.15186,9.54432,0,0.458093
62.3167,3079.96,175.899,8897.72,1.15185,9.54551,0,0.458093
62.3333,3079.91,175.886,8898.57,1.15183,9.54671,0,0.458093
62.35,3079.86,175.873,8899.43,1.15181,9.54791,0,0.458093
62.3667,3079.82,175.861,8900.28,1.1518,9.54911,0,0.458093
62.3833,3079.77,175.848,8901.14,1.15178,9.55031,0,0.458093
62.4,3079.72,175.835,8901.99,1.15177,9.5515,0,0.458093
62.4167,3079.67,175.822,8902.85,1.15175,9.5527,0,0.458093
62.4333,3079.62,175.81,8903.7,1.15173,9.5539,0,0.458093
62.45,3079.58,175.797,8904.56,1.15172,9.5551,0,0.458093
62.4667,3079.53,175.784,8905.41,1.1517,9.5563,0,0.458093
62.4833,3079.48,175.771,8906.27,1.15168,9.55751,0,0.458093
62.5,3079.43,175.759,8907.13,1.15167,9.55871,0,0.458093
62.5167,3079.39,175.746,8907.98,1.15165,9.55991,0,0.458093
62.5333,3079.34,175.733,8908.84,1.15164,9.56111,0,0.458093
62.55,3079.29,175.72,8909.69,1.15162,9.56231,0,0.458093
62.5667,3079.24,175.708,8910.55,1.1516,9.56352,0,0.458093
62.5833,3079.19,175.695,8911.4,1.15159,9.56472,0,0.458093
62.6,3079.15,175.682,8912.26,1.15157,9.56592,0,0.458093
62.6167,3079.1,175.669,8913.11,1.15156,9.56713,0,0.458093
62.6333,3079.05,175.657,8913.97,1.15154,9.56833,0,0.458093
62.65,3079,175.644,8914.82,1.15152,9.56954,0,0.458093
62.6667,3078.95,175.631,8915.68,1.15151,9.57075,0,0.458093
62.6833,3078.91,175.618,8916.53,1.15149,9.57195,0,0.458093
62.7,3078.86,175.605,8917.39,1.15147,9.57316,0,0.458093
62.7167,3078.81,175.593,8918.24,1.15146,9.57437,0,0.458093
62.7333,3078.76,175.58,8919.1,1.15144,9.57557,0,0.458093
62.75,3078.72,175.567,8919.95,1.15143,9.57678,0,0.458093
62.7667,3078.67,175.554,8920.81,1.15141,9.57799,0,0.458093
62.7833,3078.62,175.542,8921.67,1.15139,9.5792,0,0.458093
62.8,3078.57,175.529,8922.52,1.15138,9.58041,0,0.458093
62.8167,3078.52,175.516,8923.38,1.15136,9.58162,0,0.458093
62.8333,3078.48,175.503,8924.23,1.15134,9.58283,0,0.458093
62.85,3078.43,175.49,8925.09,1.15133,9.58404,0,0.458093
62.8667,3078.38,175.478,8925.94,1.15131,9.58525,0,0.458093
62.8833,3078.33,175.465,8926.8,1.1513,9.58646,0,0.458093
62.9,3078.28,175.452,8927.65,1.15128,9.58767,0,0.458093
62.9167,3078.24,175.439,8928.51,1.15126,9.58889,0,0.458093
62.9333,3078.19,175.426,8929.36,1.15125,9.5901,0,0.458093
62.95,3078.14,175.414,8930.22,1.15123,9.59131,0,0.458093
62.9667,3078.09,175.401,8931.07,1.15121,9.59253,0,0.458093
62.9833,3078.05,175.388,8931.93,1.1512,9.59374,0,0.458093
63,3078,175.375,8932.78,1.15118,9.59496,0,0.458093
63.0167,3077.95,175.362,8933.64,1.15117,9.59617,0,0.458093
63.0333,3077.9,175.35,8934.49,1.15115,9.59739,0,0.458093
63.05,3077.85,175.337,8935.35,1.15113,9.5986,0,0.458093
63.0667,3077.81,175.324,8936.2,1.15112,9.59982,0,0.458093
63.0833,3077.76,175.311,8937.06,1.1511,9.60104,0,0.458093
63.1,3077.71,175.298,8937.91,1.15109,9.60225,0,0.458093
63.1167,3077.66,175.285,8938.77,1.15107,9.60347,0,0.458093
63.1333,3077.62,175.273,8939.62,1.15105,9.60469,0,0.458093
63.15,3077.57,175.26,8940.48,1.15104,9.60591,0,0.458093
63.1667,3077.52,175.247,8941.33,1.15102,9.60713,0,0.458093
63.1833,3077.47,175.234,8942.19,1.151,9.60835,0,0.458093
63.2,3077.42,175.221,8943.04,1.15099,9.60957,0,0.458093
63.2167,3077.38,175.208,8943.9,1.15097,9.61079,0,0.458093
63.2333,3077.33,175.196,8944.75,1.15096,9.61201,0,0.458093
63.25,3077.28,175.183,8945.6,1.15094,9.61323,0,0.458093
63.2667,3077.23,175.17,8946.46,1.15092,9.61445,0,0.458093
63.2833,3077.18,175.157,8947.31,1.15091,9.61567,0,0.458093
63.3,3077.14,175.144,8948.17,1.15089,9.6169,0,0.458093
63.3167,3077.09,175.131,8949.02,1.15087,9.61812,0,0.458093
63.3333,3077.04,175.119,8949.88,1.15086,9.61934,0,0.458093
63.35,3076.99,175.106,8950.73,1.15084,9.62057,0,0.458093
63.3667,3076.95,175.093,8951.59,1.15083,9.62179,0,0.458093
63.3833,3076.9,175.08,8952.44,1.15081,9.62302,0,0.458093
63.4,3076.85,175.067,8953.3,1.15079,9.62424,0,0.458093
63.4167,3076.8,175.054,8954.15,1.15078,9.62547,0,0.458093
63.4333,3076.75,175.041,8955.01,1.15076,9.6267,0,0.458093
63.45,3076.71,175.028,8955.86,1.15074,9.62792,0,0.458093
63.4667,3076.66,175.016,8956.72,1.15073,9.62915,0,0.458093
63.4833,3076.61,175.003,8957.57,1.15071,9.63038,0,0.458093
63.5,3076.56,174.99,8958.43,1.1507,9.63161,0,0.458093
63.5167,3076.51,174.977,8959.28,1.15068,9.63284,0,0.458093
63.5333,3076.47,174.964,8960.13,1.15066,9.63406,0,0.458093
63.55,3076.42,174.951,8960.99,1.15065,9.63529,0,0.458093
63.5667,3076.37,174.938,8961.84,1.15063,9.63652,0,0.458093
63.5833,3076.32,174.925,8962.7,1.15061,9.63775,0,0.458093
63.6,3076.28,174.913,8963.55,1.1506,9.63899,0,0.458093
63.6167,3076.23,174.9,8964.41,1.15058,9.64022,0,0.458093
63.6333,3076.18,174.887,8965.26,1.15057,9.64145,0,0.458093
63.65,3076.13,174.874,8966.12,1.15055,9.64268,0,0.458093
63.6667,3076.08,174.861,8966.97,1.15053,9.64391,0,0.458093
63.6833,3076.04,174.848,8967.83,1.15052,9.64515,0,0.458093
63.7,3075.99,174.835,8968.68,1.1505,9.64638,0,0.458093
63.7167,3075.94,174.822,8969.53,1.15048,9.64762,0,0.458093
63.7333,3075.89,174.809,8970.39,1.15047,9.64885,0,0.458093
63.75,3075.84,174.797,8971.24,1.15045,9.65008,0,0.458093
63.7667,3075.8,174.784,8972.1,1.15044,9.65132,0,0.458093
63.7833,3075.75,174.771,8972.95,1.15042,9.65256,0,0.458093
63.8,3075.7,174.758,8973.81,1.1504,9.65379,0,0.458093
63.8167,3075.65,174.745,8974.66,1.15039,9.65503,0,0.458093
63.8333,3075.6,174.732,8975.51,1.15037,9.65627,0,0.458093
63.85,3075.56,174.719,8976.37,1.15035,9.65751,0,0.458093
63.8667,3075.51,174.706,8977.22,1.15034,9.65874,0,0.458093
63.8833,3075.46,174.693,8978.08,1.15032,9.65998,0,0.458093
63.9,3075.41,174.68,8978.93,1.15031,9.66122,0,0.458093
63.9167,3075.37,174.667,8979.79,1.15029,9.66246,0,0.458093
63.9333,3075.32,174.654,8980.64,1.15027,9.6637,0,0.458093
63.95,3075.27,174.642,8981.49,1.15026,9.66494,0,0.458093
63.9667,3075.22,174.629,8982.35,1.15024,9.66618,0,0.458093
63.9833,3075.17,174.616,8983.2,1.15022,9.66742,0,0.458093
64,3075.13,174.603,8984.06,1.15021,9.66867,0,0.458093
64.0167,3075.08,174.59,8984.91,1.15019,9.66991,0,0.458093
64.0333,3075.03,174.577,8985.77,1.15018,9.67115,0,0.458093
64.05,3074.98,174.564,8986.62,1.15016,9.6724,0,0.458093
64.0667,3074.93,174.551,8987.47,1.15014,9.67364,0,0.458093
64.0833,3074.89,174.538,8988.33,1.15013,9.67488,0,0.458093
64.1,3074.84,174.525,8989.18,1.15011,9.67613,0,0.458093
64.1167,3074.79,174.512,8990.04,1.15009,9.67737,0,0.458093
64.1333,3074.74,174.499,8990.89,1.15008,9.67862,0,0.458093
64.15,3074.69,174.486,8991.74,1.15006,9.67987,0,0.458093
64.1667,3074.65,174.473,8992.6,1.15005,9.68111,0,0.458093
64.1833,3074.6,174.46,8993.45,1.15003,9.68236,0,0.458093
64.2,3074.55,174.447,8994.31,1.15001,9.68361,0,0.458093
64.2167,3074.5,174.434,8995.16,1.15,9.68486,0,0.458093
64.2333,3074.45,174.421,8996.01,1.14998,9.6861,0,0.458093
64.25,3074.41,174.408,8996.87,1.14996,9.68735,0,0.458093
64.2667,3074.36,174.395,8997.72,1.14995,9.6886,0,0.458093
64.2833,3074.31,174.383,8998.58,1.14993,9.68985,0,0.458093
64.3,3074.26,174.37,8999.43,1.14992,9.6911,0,0.458093
64.3167,3074.21,174.357,9000.28,1.1499,9.69235,0,0.458093
64.3333,3074.17,174.344,9001.14,1.14988,9.69361,0,0.458093
64.35,3074.12,174.331,9001.99,1.14987,9.69486,0,0.458093
64.3667,3074.07,174.318,9002.85,1.14985,9.69611,0,0.458093
64.3833,3074.02,174.305,9003.7,1.14983,9.69736,0,0.458093
64.4,3073.97,174.292,9004.55,1.14982,9.69862,0,0.458093
64.4167,3073.93,174.279,9005.41,1.1498,9.69987,0,0.458093
64.4333,3073.88,174.266,9006.26,1.14979,9.70112,0,0.458093
64.45,3073.83,174.253,9007.12,1.14977,9.70238,0,0.458093
64.4667,3073.78,174.24,9007.97,1.14975,9.70363,0,0.458093
64.4833,3073.73,174.227,9008.82,1.14974,9.70489,0,0.458093
64.5,3073.69,174.214,9009.68,1.14972,9.70615,0,0.458093
64.5167,3073.64,174.201,9010.53,1.1497,9.7074,0,0.458093
64.5333,3073.59,174.188,9011.38,1.14969,9.70866,0,0.458093
64.55,3073.54,174.175,9012.24,1.14967,9.70992,0,0.458093
64.5667,3073.49,174.162,9013.09,1.14966,9.71117,0,0.458093
64.5833,3073.45,174.149,9013.95,1.14964,9.71243,0,0.458093
64.6,3073.4,174.136,9014.8,1.14962,9.71369,0,0.458093
64.6167,3073.35,174.123,9015.65,1.14961,9.71495,0,0.458093
64.6333,3073.3,174.11,9016.51,1.14959,9.71621,0,0.458093
64.65,3073.25,174.097,9017.36,1.14957,9.71747,0,0.458093
64.6667,3073.21,174.084,9018.21,1.14956,9.71873,0,0.458093
64.6833,3073.16,174.071,9019.07,1.14954,9.71999,0,0.458093
64.7,3073.11,174.058,9019.92,1.14953,9.72126,0,0.458093
64.7167,3073.06,174.045,9020.78,1.14951,9.72252,0,0.458093
64.7333,3073.01,174.032,9021.63,1.14949,9.72378,0,0.458093
64.75,3072.96,174.019,9022.48,1.14948,9.72504,0,0.458093
64.7667,3072.92,174.006,9023.34,1.14946,9.72631,0,0.458093
64.7833,3072.87,173.992,9024.19,1.14944,9.72757,0,0.458093
64.8,3072.82,173.979,9025.04,1.14943,9.72884,0,0.458093
64.8167,3072.77,173.966,9025.9,1.14941,9.7301,0,0.458093
64.8333,3072.72,173.953,9026.75,1.1494,9.73137,0,0.458093
64.85,3072.68,173.94,9027.6,1.14938,9.73263,0,0.458093
64.8667,3072.63,173.927,9028.46,1.14936,9.7339,0,0.458093
64.8833,3072.58,173.914,9029.31,1.14935,9.73517,0,0.458093
64.9,3072.53,173.901,9030.16,1.14933,9.73644,0,0.458093
64.9167,3072.48,173.888,9031.02,1.14931,9.7377,0,0.458093
64.9333,3072.44,173.875,9031.87,1.1493,9.73897,0,0.458093
64.95,3072.39,173.862,9032.72,1.14928,9.74024,0,0.458093
64.9667,3072.34,173.849,9033.58,1.14927,9.74151,0,0.458093
64.9833,3072.29,173.836,9034.43,1.14925,9.74278,0,0.458093
65,3072.24,173.823,9035.29,1.14923,9.74405,0,0.458093
65.0167,3072.19,173.81,9036.14,1.14922,9.74532,0,0.458093
65.0333,3072.15,173.797,9036.99,1.1492,9.74659,0,0.458093
65.05,3072.1,173.784,9037.85,1.14918,9.74787,0,0.458093
65.0667,3072.05,173.771,9038.7,1.14917,9.74914,0,0.458093
65.0833,3072,173.758,9039.55,1.14915,9.75041,0,0.458093
65.1,3071.95,173.744,9040.41,1.14914,9.75168,0,0.458093
65.1167,3071.9,173.731,9041.26,1.14912,9.75296,0,0.458093
65.1333,3071.86,173.718,9042.11,1.1491,9.75423,0,0.458093
65.15,3071.81,173.705,9042.97,1.14909,9.75551,0,0.458093
65.1667,3071.76,173.692,9043.82,1.14907,9.75678,0,0.458093
65.1833,3071.71,173.679,9044.67,1.14905,9.75806,0,0.458093
65.2,3071.66,173.666,9045.53,1.14904,9.75933,0,0.458093
65.2167,3071.62,173.653,9046.38,1.14902,9.76061,0,0.458093
65.2333,3071.57,173.64,9047.23,1.14901,9.76189,0,0.458093
65.25,3071.52,173.627,9048.08,1.14899,9.76317,0,0.458093
65.2667,3071.47,173.614,9048.94,1.14897,9.76444,0,0.458093
65.2833,3071.42,173.601,9049.79,1.14896,9.76572,0,0.458093
65.3,3071.37,173.587,9050.64,1.14894,9.767,0,0.458093
65.3167,3071.33,173.574,9051.5,1.14892,9.76828,0,0.458093
65.3333,3071.28,173.561,9052.35,1.14891,9.76956,0,0.458093
65.35,3071.23,173.548,9053.2,1.14889,9.77084,0,0.458093
65.3667,3071.18,173.535,9054.06,1.14888,9.77212,0,0.458093
65.3833,3071.13,173.522,9054.91,1.14886,9.77341,0,0.458093
65.4,3071.08,173.509,9055.76,1.14884,9.77469,0,0.458093
65.4167,3071.04,173.496,9056.62,1.14883,9.77597,0,0.458093
65.4333,3070.99,173.483,9057.47,1.14881,9.77725,0,0.458093
65.45,3070.94,173.469,9058.32,1.14879,9.77854,0,0.458093
65.4667,3070.89,173.456,9059.18,1.14878,9.77982,0,0.458093
65.4833,3070.84,173.443,9060.03,1.14876,9.78111,0,0.458093
65.5,3070.79,173.43,9060.88,1.14875,9.78239,0,0.458093
65.5167,3070.75,173.417,9061.73,1.14873,9.78368,0,0.458093
65.5333,3070.7,173.404,9062.59,1.14871,9.78496,0,0.458093
65.55,3070.65,173.391,9063.44,1.1487,9.78625,0,0.458093
65.5667,3070.6,173.378,9064.29,1.14868,9.78754,0,0.458093
65.5833,3070.55,173.364,9065.15,1.14866,9.78882,0,0.458093
65.6,3070.5,173.351,9066,1.14865,9.79011,0,0.458093
65.6167,3070.46,173.338,9066.85,1.14863,9.7914,0,0.458093
65.6333,3070.41,173.325,9067.7,1.14862,9.79269,0,0.458093
65.65,3070.36,173.312,9068.56,1.1486,9.79398,0,0.458093
65.6667,3070.31,173.299,9069.41,1.14858,9.79527,0,0.458093
65.6833,3070.26,173.286,9070.26,1.14857,9.79656,0,0.458093
65.7,3070.21,173.272,9071.12,1.14855,9.79785,0,0.458093
65.7167,3070.16,173.259,9071.97,1.14853,9.79914,0,0.458093
65.7333,3070.12,173.246,9072.82,1.14852,9.80043,0,0.458093
65.75,3070.07,173.233,9073.67,1.1485,9.80173,0,0.458093
65.7667,3070.02,173.22,9074.53,1.14849,9.80302,0,0.458093
65.7833,3069.97,173.207,9075.38,1.14847,9.80431,0,0.458093
65.8,3069.92,173.194,9076.23,1.14845,9.80561,0,0.458093
65.8167,3069.87,173.18,9077.09,1.14844,9.8069,0,0.458093
65.8333,3069.83,173.167,9077.94,1.14842,9.8082,0,0.458093
65.85,3069.78,173.154,9078.79,1.1484,9.80949,0,0.458093
65.8667,3069.73,173.141,9079.64,1.14839,9.81079,0,0.458093
65.8833,3069.68,173.128,9080.5,1.14837,9.81208,0,0.458093
65.9,3069.63,173.115,9081.35,1.14836,9.81338,0,0.458093
65.9167,3069.58,173.101,9082.2,1.14834,9.81468,0,0.458093
65.9333,3069.53,173.088,9083.05,1.14832,9.81598,0,0.458093
65.95,3069.49,173.075,9083.91,1.14831,9.81727,0,0.458093
65.9667,3069.44,173.062,9084.76,1.14829,9.81857,0,0.458093
65.9833,3069.39,173.049,9085.61,1.14827,9.81987,0,0.458093
66,3069.34,173.035,9086.47,1.14826,9.82117,0,0.458093
66.0167,3069.29,173.022,9087.32,1.14824,9.82247,0,0.458093
66.0333,3069.24,173.009,9088.17,1.14823,9.82377,0,0.458093
66.05,3069.19,172.996,9089.02,1.14821,9.82508,0,0.458093
66.0667,3069.15,172.983,9089.88,1.14819,9.82638,0,0.458093
66.0833,3069.1,172.969,9090.73,1.14818,9.82768,0,0.458093
66.1,3069.05,172.956,9091.58,1.14816,9.82898,0,0.458093
66.1167,3069,172.943,9092.43,1.14814,9.83029,0,0.458093
66.1333,3068.95,172.93,9093.29,1.14813,9.83159,0,0.458093
66.15,3068.9,172.917,9094.14,1.14811,9.8329,0,0.458093
66.1667,3068.85,172.903,9094.99,1.1481,9.8342,0,0.458093
66.1833,3068.81,172.89,9095.84,1.14808,9.83551,0,0.458093
66.2,3068.76,172.877,9096.7,1.14806,9.83681,0,0.458093
66.2167,3068.71,172.864,9097.55,1.14805,9.83812,0,0.458093
66.2333,3068.66,172.851,9098.4,1.14803,9.83943,0,0.458093
66.25,3068.61,172.837,9099.25,1.14801,9.84073,0,0.458093
66.2667,3068.56,172.824,9100.1,1.148,9.84204,0,0.458093
66.2833,3068.51,172.811,9100.96,1.14798,9.84335,0,0.458093
66.3,3068.46,172.798,9101.81,1.14797,9.84466,0,0.458093
66.3167,3068.42,172.785,9102.66,1.14795,9.84597,0,0.458093
66.3333,3068.37,172.771,9103.51,1.14793,9.84728,0,0.458093
66.35,3068.32,172.758,9104.37,1.14792,9.84859,0,0.458093
66.3667,3068.27,172.745,9105.22,1.1479,9.8499,0,0.458093
66.3833,3068.22,172.732,9106.07,1.14788,9.85121,0,0.458093
66.4,3068.17,172.718,9106.92,1.14787,9.85252,0,0.458093
66.4167,3068.12,172.705,9107.78,1.14785,9.85384,0,0.458093
66.4333,3068.07,172.692,9108.63,1.14784,9.85515,0,0.458093
66.45,3068.03,172.679,9109.48,1.14782,9.85646,0,0.458093
66.4667,3067.98,172.665,9110.33,1.1478,9.85778,0,0.458093
66.4833,3067.93,172.652,9111.18,1.14779,9.85909,0,0.458093
66.5,3067.88,172.639,9112.04,1.14777,9.86041,0,0.458093
66.5167,3067.83,172.626,9112.89,1.14775,9.86172,0,0.458093
66.5333,3067.78,172.612,9113.74,1.14774,9.86304,0,0.458093
66.55,3067.73,172.599,9114.59,1.14772,9.86436,0,0.458093
66.5667,3067.68,172.586,9115.45,1.14771,9.86567,0,0.458093
66.5833,3067.64,172.573,9116.3,1.14769,9.86699,0,0.458093
66.6,3067.59,172.559,9117.15,1.14767,9.86831,0,0.458093
66.6167,3067.54,172.546,9118,1.14766,9.86963,0,0.458093
66.6333,3067.49,172.533,9118.85,1.14764,9.87095,0,0.458093
66.65,3067.44,172.52,9119.71,1.14762,9.87227,0,0.458093
66.6667,3067.39,172.506,9120.56,1.14761,9.87359,0,0.458093
66.6833,3067.34,172.493,9121.41,1.14759,9.87491,0,0.458093
66.7,3067.29,172.48,9122.26,1.14758,9.87623,0,0.458093
66.7167,3067.24,172.466,9123.11,1.14756,9.87755,0,0.458093
66.7333,3067.2,172.453,9123.97,1.14754,9.87887,0,0.458093
66.75,3067.15,172.44,9124.82,1.14753,9.8802,0,0.458093
66.7667,3067.1,172.427,9125.67,1.14751,9.88152,0,0.458093
66.7833,3067.05,172.413,9126.52,1.14749,9.88284,0,0.458093
66.8,3067,172.4,9127.37,1.14748,9.88417,0,0.458093
66.8167,3066.95,172.387,9128.23,1.14746,9.88549,0,0.458093
66.8333,3066.9,172.373,9129.08,1.14745,9.88682,0,0.458093
66.85,3066.85,172.36,9129.93,1.14743,9.88814,0,0.458093
66.8667,3066.8,172.347,9130.78,1.14741,9.88947,0,0.458093
66.8833,3066.76,172.334,9131.63,1.1474,9.8908,0,0.458093
66.9,3066.71,172.32,9132.49,1.14738,9.89212,0,0.458093
66.9167,3066.66,172.307,9133.34,1.14737,9.89345,0,0.458093
66.9333,3066.61,172.294,9134.19,1.14735,9.89478,0,0.458093
66.95,3066.56,172.28,9135.04,1.14733,9.89611,0,0.458093
66.9667,3066.51,172.267,9135.89,1.14732,9.89744,0,0.458093
66.9833,3066.46,172.254,9136.74,1.1473,9.89877,0,0.458093
67,3066.41,172.24,9137.6,1.14728,9.9001,0,0.458093
67.0167,3066.36,172.227,9138.45,1.14727,9.90143,0,0.458093
67.0333,3066.31,172.214,9139.3,1.14725,9.90276,0,0.458093
67.05,3066.27,172.2,9140.15,1.14724,9.9041,0,0.458093
67.0667,3066.22,172.187,9141,1.14722,9.90543,0,0.458093
67.0833,3066.17,172.174,9141.86,1.1472,9.90676,0,0.458093
67.1,3066.12,172.16,9142.71,1.14719,9.9081,0,0.458093
67.1167,3066.07,172.147,9143.56,1.14717,9.90943,0,0.458093
67.1333,3066.02,172.134,9144.41,1.14715,9.91076,0,0.458093
67.15,3065.97,172.12,9145.26,1.14714,9.9121,0,0.458093
67.1667,3065.92,172.107,9146.11,1.14712,9.91344,0,0.458093
67.1833,3065.87,172.094,9146.97,1.14711,9.91477,0,0.458093
67.2,3065.82,172.08,9147.82,1.14709,9.91611,0,0.458093
67.2167,3065.77,172.067,9148.67,1.14707,9.91745,0,0.458093
67.2333,3065.73,172.054,9149.52,1.14706,9.91878,0,0.458093
67.25,3065.68,172.04,9150.37,1.14704,9.92012,0,0.458093
67.2667,3065.63,172.027,9151.22,1.14702,9.92146,0,0.458093
67.2833,3065.58,172.014,9152.07,1.14701,9.9228,0,0.458093
67.3,3065.53,172,9152.93,1.14699,9.92414,0,0.458093
67.3167,3065.48,171.987,9153.78,1.14698,9.92548,0,0.458093
67.3333,3065.43,171.974,9154.63,1.14696,9.92682,0,0.458093
67.35,3065.38,171.96,9155.48,1.14694,9.92816,0,0.458093
67.3667,3065.33,171.947,9156.33,1.14693,9.92951,0,0.458093
67.3833,3065.28,171.934,9157.18,1.14691,9.93085,0,0.458093
67.4,3065.23,171.92,9158.04,1.14689,9.93219,0,0.458093
67.4167,3065.18,171.907,9158.89,1.14688,9.93354,0,0.458093
67.4333,3065.14,171.893,9159.74,1.14686,9.93488,0,0.458093
67.45,3065.09,171.88,9160.59,1.14685,9.93622,0,0.458093
67.4667,3065.04,171.867,9161.44,1.14683,9.93757,0,0.458093
67.4833,3064.99,171.853,9162.29,1.14681,9.93892,0,0.458093
67.5,3064.94,171.84,9163.14,1.1468,9.94026,0,0.458093
67.5167,3064.89,171.827,9163.99,1.14678,9.94161,0,0.458093
67.5333,3064.84,171.813,9164.85,1.14676,9.94296,0,0.458093
67.55,3064.79,171.8,9165.7,1.14675,9.9443,0,0.458093
67.5667,3064.74,171.786,9166.55,1.14673,9.94565,0,0.458093
67.5833,3064.69,171.773,9167.4,1.14672,9.947,0,0.458093
67.6,3064.64,171.76,9168.25,1.1467,9.94835,0,0.458093
67.6167,3064.59,171.746,9169.1,1.14668,9.9497,0,0.458093
67.6333,3064.54,171.733,9169.95,1.14667,9.95105,0,0.458093
67.65,3064.49,171.719,9170.81,1.14665,9.9524,0,0.458093
67.6667,3064.45,171.706,9171.66,1.14664,9.95375,0,0.458093
67.6833,3064.4,171.693,9172.51,1.14662,9.95511,0,0.458093
67.7,3064.35,171.679,9173.36,1.1466,9.95646,0,0.458093
67.7167,3064.3,171.666,9174.21,1.14659,9.95781,0,0.458093
67.7333,3064.25,171.652,9175.06,1.14657,9.95917,0,0.458093
67.75,3064.2,171.639,9175.91,1.14655,9.96052,0,0.458093
67.7667,3064.15,171.626,9176.76,1.14654,9.96188,0,0.458093
67.7833,3064.1,171.612,9177.61,1.14652,9.96323,0,0.458093
67.8,3064.05,171.599,9178.47,1.14651,9.96459,0,0.458093
67.8167,3064,171.585,9179.32,1.14649,9.96594,0,0.458093
67.8333,3063.95,171.572,9180.17,1.14647,9.9673,0,0.458093
67.85,3063.9,171.558,9181.02,1.14646,9.96866,0,0.458093
67.8667,3063.85,171.545,9181.87,1.14644,9.97002,0,0.458093
67.8833,3063.8,171.532,9182.72,1.14642,9.97137,0,0.458093
67.9,3063.75,171.518,9183.57,1.14641,9.97273,0,0.458093
67.9167,3063.7,171.505,9184.42,1.14639,9.97409,0,0.458093
67.9333,3063.65,171.491,9185.27,1.14638,9.97545,0,0.458093
67.95,3063.61,171.478,9186.13,1.14636,9.97681,0,0.458093
67.9667,3063.56,171.464,9186.98,1.14634,9.97818,0,0.458093
67.9833,3063.51,171.451,9187.83,1.14633,9.97954,0,0.458093
68,3063.46,171.437,9188.68,1.14631,9.9809,0,0.458093
68.0167,3063.41,171.424,9189.53,1.14629,9.98226,0,0.458093
68.0333,3063.36,171.411,9190.38,1.14628,9.98363,0,0.458093
68.05,3063.31,171.397,9191.23,1.14626,9.98499,0,0.458093
68.0667,3063.26,171.384,9192.08,1.14625,9.98635,0,0.458093
68.0833,3063.21,171.37,9192.93,1.14623,9.98772,0,0.458093
68.1,3063.16,171.357,9193.78,1.14621,9.98909,0,0.458093
68.1167,3063.11,171.343,9194.63,1.1462,9.99045,0,0.458093
68.1333,3063.06,171.33,9195.49,1.14618,9.99182,0,0.458093
68.15,3063.01,171.316,9196.34,1.14617,9.99319,0,0.458093
68.1667,3062.96,171.303,9197.19,1.14615,9.99455,0,0.458093
68.1833,3062.91,171.289,9198.04,1.14613,9.99592,0,0.458093
68.2,3062.86,171.276,9198.89,1.14612,9.99729,0,0.458093
68.2167,3062.81,171.262,9199.74,1.1461,9.99866,0,0.458093
68.2333,3062.76,171.249,9200.59,1.14608,10,0,0.458093
68.25,3062.71,171.236,9201.44,1.14606,10.0014,0,0.458093
68.2667,3062.66,171.222,9202.29,1.14603,10.0028,0,0.458093
68.2833,3062.61,171.209,9203.14,1.14601,10.0041,0,0.458093
68.3,3062.56,171.195,9203.99,1.14599,10.0055,0,0.458093
68.3167,3062.51,171.181,9204.84,1.14596,10.0069,0,0.458093
68.3333,3062.46,171.168,9205.69,1.14594,10.0083,0,0.458093
68.35,3062.4,171.154,9206.55,1.14591,10.0097,0,0.458093
68.3667,3062.35,171.141,9207.4,1.14589,10.011,0,0.458093
68.3833,3062.3,171.127,9208.25,1.14586,10.0124,0,0.458093
68.4,3062.24,171.114,9209.1,1.14584,10.0138,0,0.458093
68.4167,3062.19,171.1,9209.95,1.14581,10.0152,0,0.458093
68.4333,3062.13,171.087,9210.8,1.14579,10.0166,0,0.458093
68.45,3062.07,171.073,9211.65,1.14576,10.018,0,0.458093
68.4667,3062.02,171.059,9212.5,1.14574,10.0193,0,0.458093
68.4833,3061.96,171.046,9213.35,1.14572,10.0207,0,0.458093
68.5,3061.9,171.032,9214.2,1.14569,10.0221,0,0.458093
68.5167,3061.84,171.018,9215.05,1.14567,10.0235,0,0.458093
68.5333,3061.78,171.005,9215.9,1.14564,10.0249,0,0.458093
68.55,3061.72,170.991,9216.75,1.14562,10.0263,0,0.458093
68.5667,3061.66,170.977,9217.6,1.14559,10.0277,0,0.458093
68.5833,3061.6,170.964,9218.45,1.14557,10.0291,0,0.458093
68.6,3061.54,170.95,9219.3,1.14554,10.0305,0,0.458093
68.6167,3061.47,170.936,9220.15,1.14552,10.0319,0,0.458093
68.6333,3061.41,170.923,9221,1.14549,10.0333,0,0.458093
68.65,3061.35,170.909,9221.86,1.14547,10.0347,0,0.458093
68.6667,3061.28,170.895,9222.71,1.14544,10.0361,0,0.458093
68.6833,3061.22,170.881,9223.56,1.14542,10.0375,0,0.458093
68.7,3061.15,170.868,9224.41,1.14539,10.0389,0,0.458093
68.7167,3061.08,170.854,9225.26,1.14537,10.0404,0,0.458093
68.7333,3061.01,170.84,9226.11,1.14535,10.0418,0,0.458093
68.75,3060.95,170.826,9226.96,1.14532,10.0432,0,0.458093
68.7667,3060.88,170.813,9227.81,1.1453,10.0446,0,0.458093
68.7833,3060.81,170.799,9228.66,1.14527,10.046,0,0.458093
68.8,3060.74,170.785,9229.51,1.14525,10.0474,0,0.458093
68.8167,3060.67,170.771,9230.36,1.14522,10.0489,0,0.458093
68.8333,3060.59,170.757,9231.21,1.1452,10.0503,0,0.458093
68.85,3060.52,170.743,9232.06,1.14517,10.0517,0,0.458093
68.8667,3060.45,170.73,9232.91,1.14515,10.0531,0,0.458093
68.8833,3060.37,170.716,9233.76,1.14512,10.0545,0,0.458093
68.9,3060.3,170.702,9234.61,1.1451,10.056,0,0.458093
68.9167,3060.22,170.688,9235.46,1.14507,10.0574,0,0.458093
68.9333,3060.15,170.674,9236.31,1.14505,10.0588,0,0.458093
68.95,3060.07,170.66,9237.16,1.14502,10.0603,0,0.458093
68.9667,3059.99,170.646,9238.01,1.145,10.0617,0,0.458093
68.9833,3059.92,170.632,9238.86,1.14497,10.0631,0,0.458093
69,3059.84,170.618,9239.71,1.14495,10.0646,0,0.458093
69.0167,3059.76,170.604,9240.56,1.14493,10.066,0,0.458093
69.0333,3059.68,170.59,9241.41,1.1449,10.0674,0,0.458093
69.05,3059.6,170.577,9242.26,1.14488,10.0689,0,0.458093
69.0667,3059.51,170.563,9243.11,1.14485,10.0703,0,0.458093
69.0833,3059.43,170.549,9243.96,1.14483,10.0718,0,0.458093
69.1,3059.35,170.535,9244.81,1.1448,10.0732,0,0.458093
69.1167,3059.27,170.521,9245.66,1.14478,10.0746,0,0.458093
69.1333,3059.18,170.507,9246.51,1.14475,10.0761,0,0.458093
69.15,3059.1,170.493,9247.36,1.14473,10.0775,0,0.458093
69.1667,3059.01,170.478,9248.21,1.1447,10.079,0,0.458093
69.1833,3058.92,170.464,9249.06,1.14468,10.0804,0,0.458093
69.2,3058.84,170.45,9249.91,1.14465,10.0819,0,0.458093
69.2167,3058.75,170.436,9250.76,1.14463,10.0834,0,0.458093
69.2333,3058.66,170.422,9251.61,1.1446,10.0848,0,0.458093
69.25,3058.57,170.408,9252.46,1.14458,10.0863,0,0.458093
69.2667,3058.48,170.394,9253.3,1.14455,10.0877,0,0.458093
69.2833,3058.39,170.38,9254.15,1.14453,10.0892,0,0.458093
69.3,3058.3,170.366,9255,1.1445,10.0906,0,0.458093
69.3167,3058.2,170.352,9255.85,1.14448,10.0921,0,0.458093
69.3333,3058.11,170.338,9256.7,1.14445,10.0936,0,0.458093
69.35,3058.02,170.323,9257.55,1.14443,10.095,0,0.458093
69.3667,3057.92,170.309,9258.4,1.1444,10.0965,0,0.458093
69.3833,3057.83,170.295,9259.25,1.14438,10.098,0,0.458093
69.4,3057.73,170.281,9260.1,1.14435,10.0994,0,0.458093
69.4167,3057.64,170.267,9260.95,1.14433,10.1009,0,0.458093
69.4333,3057.54,170.253,9261.8,1.1443,10.1024,0,0.458093
69.45,3057.44,170.238,9262.65,1.14428,10.1039,0,0.458093
69.4667,3057.34,170.224,9263.5,1.14426,10.1053,0,0.458093
69.4833,3057.24,170.21,9264.35,1.14423,10.1068,0,0.458093
69.5,3057.14,170.196,9265.2,1.14421,10.1083,0,0.458093
69.5167,3057.04,170.181,9266.05,1.14418,10.1098,0,0.458093
69.5333,3056.94,170.167,9266.89,1.14416,10.1113,0,0.458093
69.55,3056.84,170.153,9267.74,1.14413,10.1127,0,0.458093
69.5667,3056.74,170.139,9268.59,1.14411,10.1142,0,0.458093
69.5833,3056.63,170.124,9269.44,1.14408,10.1157,0,0.458093
69.6,3056.53,170.11,9270.29,1.14406,10.1172,0,0.458093
69.6167,3056.42,170.096,9271.14,1.14403,10.1187,0,0.458093
69.6333,3056.32,170.082,9271.99,1.14401,10.1202,0,0.458093
69.65,3056.21,170.067,9272.84,1.14398,10.1217,0,0.458093
69.6667,3056.1,170.053,9273.69,1.14396,10.1232,0,0.458093
69.6833,3056,170.039,9274.54,1.14393,10.1247,0,0.458093
69.7,3055.89,170.024,9275.38,1.14391,10.1262,0,0.458093
69.7167,3055.78,170.01,9276.23,1.14388,10.1277,0,0.458093
69.7333,3055.67,169.995,9277.08,1.14386,10.1292,0,0.458093
69.75,3055.56,169.981,9277.93,1.14383,10.1307,0,0.458093
69.7667,3055.45,169.967,9278.78,1.14381,10.1322,0,0.458093
69.7833,3055.33,169.952,9279.63,1.14378,10.1337,0,0.458093
69.8,3055.22,169.938,9280.48,1.14376,10.1352,0,0.458093
69.8167,3055.11,169.923,9281.33,1.14373,10.1367,0,0.458093
69.8333,3054.99,169.909,9282.17,1.14371,10.1382,0,0.458093
69.85,3054.88,169.895,9283.02,1.14368,10.1397,0,0.458093
69.8667,3054.76,169.88,9283.87,1.14366,10.1412,0,0.458093
69.8833,3054.65,169.866,9284.72,1.14363,10.1427,0,0.458093
69.9,3054.53,169.851,9285.57,1.14361,10.1442,0,0.458093
69.9167,3054.41,169.837,9286.42,1.14358,10.1458,0,0.458093
69.9333,3054.29,169.822,9287.27,1.14356,10.1473,0,0.458093
69.95,3054.18,169.808,9288.11,1.14353,10.1488,0,0.458093
69.9667,3054.06,169.793,9288.96,1.14351,10.1503,0,0.458093
69.9833,3053.94,169.779,9289.81,1.14348,10.1518,0,0.458093
70,3053.81,169.764,9290.66,1.14346,10.1534,0,0.458093
70.0167,3053.69,169.75,9291.51,1.14343,10.1549,0,0.458093
70.0333,3053.57,169.735,9292.36,1.14341,10.1564,0,0.458093
70.05,3053.45,169.721,9293.2,1.14338,10.1579,0,0.458093
70.0667,3053.32,169.706,9294.05,1.14336,10.1595,0,0.458093
70.0833,3053.2,169.691,9294.9,1.14333,10.161,0,0.458093
70.1,3053.07,169.677,9295.75,1.14331,10.1625,0,0.458093
70.1167,3052.95,169.662,9296.6,1.14328,10.1641,0,0.458093
70.1333,3052.82,169.648,9297.44,1.14326,10.1656,0,0.458093
70.15,3052.69,169.633,9298.29,1.14323,10.1671,0,0.458093
70.1667,3052.56,169.618,9299.14,1.14321,10.1687,0,0.458093
70.1833,3052.44,169.604,9299.99,1.14318,10.1702,0,0.458093
70.2,3052.31,169.589,9300.84,1.14316,10.1718,0,0.458093
70.2167,3052.18,169.574,9301.68,1.14313,10.1733,0,0.458093
70.2333,3052.04,169.56,9302.53,1.14311,10.1749,0,0.458093
70.25,3051.91,169.545,9303.38,1.14308,10.1764,0,0.458093
70.2667,3051.78,169.53,9304.23,1.14306,10.178,0,0.458093
70.2833,3051.65,169.516,9305.07,1.14303,10.1795,0,0.458093
70.3,3051.51,169.501,9305.92,1.14301,10.1811,0,0.458093
70.3167,3051.38,169.486,9306.77,1.14298,10.1826,0,0.458093
70.3333,3051.24,169.472,9307.62,1.14296,10.1842,0,0.458093
70.35,3051.11,169.457,9308.47,1.14293,10.1857,0,0.458093
70.3667,3050.97,169.442,9309.31,1.14291,10.1873,0,0.458093
70.3833,3050.84,169.427,9310.16,1.14288,10.1888,0,0.458093
70.4,3050.7,169.413,9311.01,1.14286,10.1904,0,0.458093
70.4167,3050.56,169.398,9311.86,1.14283,10.1919,0,0.458093
70.4333,3050.42,169.383,9312.7,1.14281,10.1935,0,0.458093
70.45,3050.28,169.368,9313.55,1.14278,10.1951,0,0.458093
70.4667,3050.14,169.354,9314.4,1.14276,10.1966,0,0.458093
70.4833,3050,169.339,9315.24,1.14273,10.1982,0,0.458093
70.5,3049.86,169.324,9316.09,1.14271,10.1998,0,0.458093
70.5167,3049.71,169.309,9316.94,1.14268,10.2013,0,0.458093
70.5333,3049.57,169.294,9317.79,1.14266,10.2029,0,0.458093
70.55,3049.43,169.279,9318.63,1.14263,10.2045,0,0.458093
70.5667,3049.28,169.265,9319.48,1.14261,10.2061,0,0.458093
70.5833,3049.14,169.25,9320.33,1.14258,10.2076,0,0.458093
70.6,3048.99,169.235,9321.17,1.14256,10.2092,0,0.458093
70.6167,3048.84,169.22,9322.02,1.14253,10.2108,0,0.458093
70.6333,3048.69,169.205,9322.87,1.14251,10.2124,0,0.458093
70.65,3048.55,169.19,9323.71,1.14248,10.214,0,0.458093
70.6667,3048.4,169.175,9324.56,1.14246,10.2155,0,0.458093
70.6833,3048.25,169.16,9325.41,1.14243,10.2171,0,0.458093
70.7,3048.1,169.145,9326.25,1.14241,10.2187,0,0.458093
70.7167,3047.95,169.13,9327.1,1.14238,10.2203,0,0.458093
70.7333,3047.8,169.115,9327.95,1.14236,10.2219,0,0.458093
70.75,3047.64,169.101,9328.79,1.14233,10.2235,0,0.458093
70.7667,3047.49,169.086,9329.64,1.14231,10.2251,0,0.458093
70.7833,3047.34,169.071,9330.49,1.14228,10.2267,0,0.458093
70.8,3047.18,169.056,9331.33,1.14226,10.2283,0,0.458093
70.8167,3047.03,169.041,9332.18,1.14223,10.2299,0,0.458093
70.8333,3046.87,169.026,9333.03,1.14221,10.2315,0,0.458093
70.85,3046.71,169.011,9333.87,1.14218,10.2331,0,0.458093
70.8667,3046.56,168.996,9334.72,1.14216,10.2347,0,0.458093
70.8833,3046.4,168.98,9335.57,1.14213,10.2363,0,0.458093
70.9,3046.24,168.965,9336.41,1.14211,10.2379,0,0.458093
70.9167,3046.08,168.95,9337.26,1.14208,10.2395,0,0.458093
70.9333,3045.92,168.935,9338.1,1.14206,10.2411,0,0.458093
70.95,3045.76,168.92,9338.95,1.14203,10.2427,0,0.458093
70.9667,3045.6,168.905,9339.8,1.14201,10.2443,0,0.458093
70.9833,3045.44,168.89,9340.64,1.14198,10.2459,0,0.458093
71,3045.28,168.875,9341.49,1.14196,10.2475,0,0.458093
71.0167,3045.11,168.86,9342.33,1.14193,10.2492,0,0.458093
71.0333,3044.95,168.845,9343.18,1.14191,10.2508,0,0.458093
71.05,3044.78,168.83,9344.03,1.14188,10.2524,0,0.458093
71.0667,3044.62,168.814,9344.87,1.14186,10.254,0,0.458093
71.0833,3044.45,168.799,9345.72,1.14183,10.2556,0,0.458093
71.1,3044.29,168.784,9346.56,1.14181,10.2573,0,0.458093
71.1167,3044.12,168.769,9347.41,1.14178,10.2589,0,0.458093
71.1333,3043.95,168.754,9348.25,1.14176,10.2605,0,0.458093
71.15,3043.78,168.739,9349.1,1.14173,10.2621,0,0.458093
71.1667,3043.61,168.723,9349.94,1.14171,10.2638,0,0.458093
71.1833,3043.44,168.708,9350.79,1.14168,10.2654,0,0.458093
71.2,3043.27,168.693,9351.64,1.14166,10.267,0,0.458093
71.2167,3043.1,168.678,9352.48,1.14163,10.2687,0,0.458093
71.2333,3042.93,168.662,9353.33,1.14161,10.2703,0,0.458093
71.25,3042.75,168.647,9354.17,1.14158,10.2719,0,0.458093
71.2667,3042.58,168.632,9355.02,1.14156,10.2736,0,0.458093
71.2833,3042.41,168.617,9355.86,1.14153,10.2752,0,0.458093
71.3,3042.23,168.601,9356.71,1.1415,10.2769,0,0.458093
71.3167,3042.06,168.586,9357.55,1.14148,10.2785,0,0.458093
71.3333,3041.88,168.571,9358.4,1.14145,10.2801,0,0.458093
71.35,3041.7,168.556,9359.24,1.14143,10.2818,0,0.458093
71.3667,3041.52,168.54,9360.09,1.1414,10.2834,0,0.458093
71.3833,3041.35,168.525,9360.93,1.14138,10.2851,0,0.458093
71.4,3041.17,168.51,9361.78,1.14135,10.2867,0,0.458093
71.4167,3040.99,168.494,9362.62,1.14133,10.2884,0,0.458093
71.4333,3040.81,168.479,9363.47,1.1413,10.29,0,0.458093
71.45,3040.63,168.464,9364.31,1.14128,10.2917,0,0.458093
71.4667,3040.44,168.448,9365.16,1.14125,10.2933,0,0.458093
71.4833,3040.26,168.433,9366,1.14123,10.295,0,0.458093
71.5,3040.08,168.417,9366.84,1.1412,10.2967,0,0.458093
71.5167,3039.9,168.402,9367.69,1.14118,10.2983,0,0.458093
71.5333,3039.71,168.387,9368.53,1.14115,10.3,0,0.458093
71.55,3039.53,168.371,9369.38,1.14113,10.3017,0,0.458093
71.5667,3039.34,168.356,9370.22,1.1411,10.3033,0,0.458093
71.5833,3039.15,168.34,9371.07,1.14108,10.305,0,0.458093
71.6,3038.97,168.325,9371.91,1.14105,10.3067,0,0.458093
71.6167,3038.78,168.309,9372.75,1.14103,10.3083,0,0.458093
71.6333,3038.59,168.294,9373.6,1.141,10.31,0,0.458093
71.65,3038.4,168.278,9374.44,1.14098,10.3117,0,0.458093
71.6667,3038.21,168.263,9375.29,1.14095,10.3133,0,0.458093
71.6833,3038.02,168.247,9376.13,1.14093,10.315,0,0.458093
71.7,3037.83,168.232,9376.97,1.1409,10.3167,0,0.458093
71.7167,3037.64,168.216,9377.82,1.14087,10.3184,0,0.458093
71.7333,3037.45,168.201,9378.66,1.14085,10.3201,0,0.458093
71.75,3037.25,168.185,9379.51,1.14082,10.3217,0,0.458093
71.7667,3037.06,168.17,9380.35,1.1408,10.3234,0,0.458093
71.7833,3036.86,168.154,9381.19,1.14077,10.3251,0,0.458093
71.8,3036.67,168.139,9382.04,1.14075,10.3268,0,0.458093
71.8167,3036.47,168.123,9382.88,1.14072,10.3285,0,0.458093
71.8333,3036.28,168.108,9383.72,1.1407,10.3302,0,0.458093
71.85,3036.08,168.092,9384.57,1.14067,10.3319,0,0.458093
71.8667,3035.88,168.076,9385.41,1.14065,10.3336,0,0.458093
71.8833,3035.68,168.061,9386.25,1.14062,10.3353,0,0.458093
71.9,3035.48,168.045,9387.1,1.1406,10.337,0,0.458093
71.9167,3035.28,168.03,9387.94,1.14057,10.3387,0,0.458093
71.9333,3035.08,168.014,9388.78,1.14055,10.3404,0,0.458093
71.95,3034.88,167.998,9389.63,1.14052,10.3421,0,0.458093
71.9667,3034.68,167.983,9390.47,1.1405,10.3438,0,0.458093
71.9833,3034.48,167.967,9391.31,1.14047,10.3455,0,0.458093
72,3034.27,167.951,9392.15,1.14044,10.3472,0,0.458093
72.0167,3034.07,167.936,9393,1.14042,10.3489,0,0.458093
72.0333,3033.87,167.92,9393.84,1.14039,10.3506,0,0.458093
72.05,3033.66,167.904,9394.68,1.14037,10.3523,0,0.458093
72.0667,3033.45,167.889,9395.53,1.14034,10.354,0,0.458093
72.0833,3033.25,167.873,9396.37,1.14032,10.3557,0,0.458093
72.1,3033.04,167.857,9397.21,1.14029,10.3574,0,0.458093
72.1167,3032.83,167.841,9398.05,1.14027,10.3592,0,0.458093
72.1333,3032.62,167.826,9398.9,1.14024,10.3609,0,0.458093
72.15,3032.41,167.81,9399.74,1.14022,10.3626,0,0.458093
72.1667,3032.2,167.794,9400.58,1.14019,10.3643,0,0.458093
72.1833,3031.99,167.778,9401.42,1.14017,10.366,0,0.458093
72.2,3031.78,167.763,9402.26,1.14014,10.3678,0,0.458093
72.2167,3031.57,167.747,9403.11,1.14012,10.3695,0,0.458093
72.2333,3031.36,167.731,9403.95,1.14009,10.3712,0,0.458093
72.25,3031.14,167.715,9404.79,1.14006,10.3729,0,0.458093
72.2667,3030.93,167.699,9405.63,1.14004,10.3747,0,0.458093
72.2833,3030.72,167.684,9406.47,1.14001,10.3764,0,0.458093
72.3,3030.5,167.668,9407.32,1.13999,10.3781,0,0.458093
72.3167,3030.29,167.652,9408.16,1.13996,10.3799,0,0.458093
72.3333,3030.07,167.636,9409,1.13994,10.3816,0,0.458093
72.35,3029.85,167.62,9409.84,1.13991,10.3833,0,0.458093
72.3667,3029.63,167.604,9410.68,1.13989,10.3851,0,0.458093
72.3833,3029.41,167.588,9411.52,1.13986,10.3868,0,0.458093
72.4,3029.2,167.572,9412.37,1.13984,10.3886,0,0.458093
72.4167,3028.98,167.557,9413.21,1.13981,10.3903,0,0.458093
72.4333,3028.75,167.541,9414.05,1.13979,10.3921,0,0.458093
72.45,3028.53,167.525,9414.89,1.13976,10.3938,0,0.458093
72.4667,3028.31,167.509,9415.73,1.13973,10.3956,0,0.458093
72.4833,3028.09,167.493,9416.57,1.13971,10.3973,0,0.458093
72.5,3027.87,167.477,9417.41,1.13968,10.3991,0,0.458093
72.5167,3027.64,167.461,9418.25,1.13966,10.4008,0,0.458093
72.5333,3027.42,167.445,9419.1,1.13963,10.4026,0,0.458093
72.55,3027.19,167.429,9419.94,1.13961,10.4043,0,0.458093
72.5667,3026.97,167.413,9420.78,1.13958,10.4061,0,0.458093
72.5833,3026.74,167.397,9421.62,1.13956,10.4078,0,0.458093
72.6,3026.51,167.381,9422.46,1.13953,10.4096,0,0.458093
72.6167,3026.28,167.365,9423.3,1.13951,10.4114,0,0.458093
72.6333,3026.06,167.349,9424.14,1.13948,10.4131,0,0.458093
72.65,3025.83,167.333,9424.98,1.13946,10.4149,0,0.458093
72.6667,3025.6,167.317,9425.82,1.13943,10.4167,0,0.458093
72.6833,3025.37,167.301,9426.66,1.1394,10.4184,0,0.458093
72.7,3025.13,167.285,9427.5,1.13938,10.4202,0,0.458093
72.7167,3024.9,167.269,9428.34,1.13935,10.422,0,0.458093
72.7333,3024.67,167.253,9429.18,1.13933,10.4237,0,0.458093
72.75,3024.44,167.237,9430.02,1.1393,10.4255,0,0.458093
72.7667,3024.2,167.221,9430.86,1.13928,10.4273,0,0.458093
72.7833,3023.97,167.204,9431.7,1.13925,10.4291,0,0.458093
72.8,3023.73,167.188,9432.54,1.13923,10.4309,0,0.458093
72.8167,3023.5,167.172,9433.38,1.1392,10.4326,0,0.458093
72.8333,3023.26,167.156,9434.22,1.13918,10.4344,0,0.458093
72.85,3023.02,167.14,9435.06,1.13915,10.4362,0,0.458093
72.8667,3022.79,167.124,9435.9,1.13912,10.438,0,0.458093
72.8833,3022.55,167.108,9436.74,1.1391,10.4398,0,0.458093
72.9,3022.31,167.091,9437.58,1.13907,10.4416,0,0.458093
72.9167,3022.07,167.075,9438.42,1.13905,10.4434,0,0.458093
72.9333,3021.83,167.059,9439.26,1.13902,10.4452,0,0.458093
72.95,3021.59,167.043,9440.1,1.139,10.447,0,0.458093
72.9667,3021.34,167.027,9440.94,1.13897,10.4487,0,0.458093
72.9833,3021.1,167.01,9441.78,1.13895,10.4505,0,0.458093
73,3020.86,166.994,9442.62,1.13892,10.4523,0,0.458093
73.0167,3020.61,166.978,9443.46,1.13889,10.4541,0,0.458093
73.0333,3020.37,166.962,9444.29,1.13887,10.4559,0,0.458093
73.05,3020.13,166.946,9445.13,1.13884,10.4577,0,0.458093
73.0667,3019.88,166.929,9445.97,1.13882,10.4596,0,0.458093
73.0833,3019.63,166.913,9446.81,1.13879,10.4614,0,0.458093
73.1,3019.39,166.897,9447.65,1.13877,10.4632,0,0.458093
73.1167,3019.14,166.88,9448.49,1.13874,10.465,0,0.458093
73.1333,3018.89,166.864,9449.33,1.13872,10.4668,0,0.458093
73.15,3018.64,166.848,9450.17,1.13869,10.4686,0,0.458093
73.1667,3018.39,166.832,9451,1.13867,10.4704,0,0.458093
73.1833,3018.14,166.815,9451.84,1.13864,10.4722,0,0.458093
73.2,3017.89,166.799,9452.68,1.13861,10.4741,0,0.458093
73.2167,3017.64,166.783,9453.52,1.13859,10.4759,0,0.458093
73.2333,3017.39,166.766,9454.36,1.13856,10.4777,0,0.458093
73.25,3017.13,166.75,9455.2,1.13854,10.4795,0,0.458093
73.2667,3016.88,166.734,9456.03,1.13851,10.4813,0,0.458093
73.2833,3016.62,166.717,9456.87,1.13849,10.4832,0,0.458093
73.3,3016.37,166.701,9457.71,1.13846,10.485,0,0.458093
73.3167,3016.11,166.684,9458.55,1.13844,10.4868,0,0.458093
73.3333,3015.86,166.668,9459.39,1.13841,10.4887,0,0.458093
73.35,3015.6,166.652,9460.22,1.13838,10.4905,0,0.458093
73.3667,3015.34,166.635,9461.06,1.13836,10.4923,0,0.458093
73.3833,3015.08,166.619,9461.9,1.13833,10.4942,0,0.458093
73.4,3014.83,166.602,9462.74,1.13831,10.496,0,0.458093
73.4167,3014.57,166.586,9463.57,1.13828,10.4978,0,0.458093
73.4333,3014.31,166.569,9464.41,1.13826,10.4997,0,0.458093
73.45,3014.04,166.553,9465.25,1.13823,10.5015,0,0.458093
73.4667,3013.78,166.536,9466.08,1.13821,10.5034,0,0.458093
73.4833,3013.52,166.52,9466.92,1.13818,10.5052,0,0.458093
73.5,3013.26,166.503,9467.76,1.13815,10.507,0,0.458093
73.5167,3012.99,166.487,9468.6,1.13813,10.5089,0,0.458093
73.5333,3012.73,166.47,9469.43,1.1381,10.5107,0,0.458093
73.55,3012.47,166.454,9470.27,1.13808,10.5126,0,0.458093
73.5667,3012.2,166.437,9471.11,1.13805,10.5144,0,0.458093
73.5833,3011.93,166.421,9471.94,1.13803,10.5163,0,0.458093
73.6,3011.67,166.404,9472.78,1.138,10.5182,0,0.458093
73.6167,3011.4,166.388,9473.62,1.13797,10.52,0,0.458093
73.6333,3011.13,166.371,9474.45,1.13795,10.5219,0,0.458093
73.65,3010.86,166.355,9475.29,1.13792,10.5237,0,0.458093
73.6667,3010.59,166.338,9476.13,1.1379,10.5256,0,0.458093
73.6833,3010.32,166.321,9476.96,1.13787,10.5275,0,0.458093
73.7,3010.05,166.305,9477.8,1.13785,10.5293,0,0.458093
73.7167,3009.78,166.288,9478.63,1.13782,10.5312,0,0.458093
73.7333,3009.51,166.272,9479.47,1.1378,10.5331,0,0.458093
73.75,3009.24,166.255,9480.31,1.13777,10.5349,0,0.458093
73.7667,3008.96,166.238,9481.14,1.13774,10.5368,0,0.458093
73.7833,3008.69,166.222,9481.98,1.13772,10.5387,0,0.458093
73.8,3008.42,166.205,9482.81,1.13769,10.5406,0,0.458093
73.8167,3008.14,166.188,9483.65,1.13767,10.5424,0,0.458093
73.8333,3007.86,166.172,9484.48,1.13764,10.5443,0,0.458093
73.85,3007.59,166.155,9485.32,1.13762,10.5462,0,0.458093
73.8667,3007.31,166.138,9486.16,1.13759,10.5481,0,0.458093
73.8833,3007.03,166.122,9486.99,1.13756,10.5499,0,0.458093
73.9,3006.75,166.105,9487.83,1.13754,10.5518,0,0.458093
73.9167,3006.47,166.088,9488.66,1.13751,10.5537,0,0.458093
73.9333,3006.19,166.072,9489.5,1.13749,10.5556,0,0.458093
73.95,3005.91,166.055,9490.33,1.13746,10.5575,0,0.458093
73.9667,3005.63,166.038,9491.17,1.13744,10.5594,0,0.458093
73.9833,3005.35,166.021,9492,1.13741,10.5613,0,0.458093
74,3005.07,166.005,9492.84,1.13738,10.5632,0,0.458093
74.0167,3004.79,165.988,9493.67,1.13736,10.5651,0,0.458093
74.0333,3004.5,165.971,9494.5,1.13733,10.567,0,0.458093
74.05,3004.22,165.954,9495.34,1.13731,10.5689,0,0.458093
74.0667,3003.93,165.937,9496.17,1.13728,10.5708,0,0.458093
74.0833,3003.65,165.921,9497.01,1.13726,10.5727,0,0.458093
74.1,3003.36,165.904,9497.84,1.13723,10.5746,0,0.458093
74.1167,3003.07,165.887,9498.68,1.1372,10.5765,0,0.458093
74.1333,3002.79,165.87,9499.51,1.13718,10.5784,0,0.458093
74.15,3002.5,165.853,9500.34,1.13715,10.5803,0,0.458093
74.1667,3002.21,165.837,9501.18,1.13713,10.5822,0,0.458093
74.1833,3001.92,165.82,9502.01,1.1371,10.5841,0,0.458093
74.2,3001.63,165.803,9502.85,1.13708,10.586,0,0.458093
74.2167,3001.34,165.786,9503.68,1.13705,10.5879,0,0.458093
74.2333,3001.05,165.769,9504.51,1.13703,10.5899,0,0.458093
74.25,3000.76,165.752,9505.35,1.137,10.5918,0,0.458093
74.2667,3000.46,165.735,9506.18,1.13697,10.5937,0,0.458093
74.2833,3000.17,165.718,9507.01,1.13695,10.5956,0,0.458093
74.3,2999.88,165.701,9507.85,1.13692,10.5975,0,0.458093
74.3167,2999.58,165.685,9508.68,1.1369,10.5995,0,0.458093
74.3333,2999.28,165.668,9509.51,1.13687,10.6014,0,0.458093
74.35,2998.99,165.651,9510.35,1.13684,10.6033,0,0.458093
74.3667,2998.69,165.634,9511.18,1.13682,10.6053,0,0.458093
74.3833,2998.4,165.617,9512.01,1.13679,10.6072,0,0.458093
74.4,2998.1,165.6,9512.85,1.13677,10.6091,0,0.458093
74.4167,2997.8,165.583,9513.68,1.13674,10.6111,0,0.458093
74.4333,2997.5,165.566,9514.51,1.13672,10.613,0,0.458093
74.45,2997.2,165.549,9515.34,1.13669,10.6149,0,0.458093
74.4667,2996.9,165.532,9516.18,1.13666,10.6169,0,0.458093
74.4833,2996.6,165.515,9517.01,1.13664,10.6188,0,0.458093
74.5,2996.3,165.498,9517.84,1.13661,10.6208,0,0.458093
74.5167,2995.99,165.481,9518.67,1.13659,10.6227,0,0.458093
74.5333,2995.69,165.464,9519.51,1.13656,10.6246,0,0.458093
74.55,2995.39,165.447,9520.34,1.13654,10.6266,0,0.458093
74.5667,2995.08,165.43,9521.17,1.13651,10.6285,0,0.458093
74.5833,2994.78,165.413,9522,1.13648,10.6305,0,0.458093
74.6,2994.47,165.395,9522.83,1.13646,10.6324,0,0.458093
74.6167,2994.17,165.378,9523.67,1.13643,10.6344,0,0.458093
74.6333,2993.86,165.361,9524.5,1.13641,10.6364,0,0.458093
74.65,2993.55,165.344,9525.33,1.13638,10.6383,0,0.458093
74.6667,2993.24,165.327,9526.16,1.13636,10.6403,0,0.458093
74.6833,2992.93,165.31,9526.99,1.13633,10.6422,0,0.458093
74.7,2992.62,165.293,9527.82,1.1363,10.6442,0,0.458093
74.7167,2992.31,165.276,9528.65,1.13628,10.6462,0,0.458093
74.7333,2992,165.259,9529.49,1.13625,10.6481,0,0.458093
74.75,2991.69,165.241,9530.32,1.13623,10.6501,0,0.458093
74.7667,2991.38,165.224,9531.15,1.1362,10.6521,0,0.458093
74.7833,2991.07,165.207,9531.98,1.13618,10.654,0,0.458093
74.8,2990.75,165.19,9532.81,1.13615,10.656,0,0.458093
74.8167,2990.44,165.173,9533.64,1.13612,10.658,0,0.458093
74.8333,2990.12,165.156,9534.47,1.1361,10.66,0,0.458093
74.85,2989.81,165.138,9535.3,1.13607,10.6619,0,0.458093
74.8667,2989.49,165.121,9536.13,1.13605,10.6639,0,0.458093
74.8833,2989.18,165.104,9536.96,1.13602,10.6659,0,0.458093
74.9,2988.86,165.087,9537.79,1.13599,10.6679,0,0.458093
74.9167,2988.54,165.069,9538.62,1.13597,10.6699,0,0.458093
74.9333,2988.22,165.052,9539.45,1.13594,10.6718,0,0.458093
74.95,2987.9,165.035,9540.28,1.13592,10.6738,0,0.458093
74.9667,2987.58,165.018,9541.11,1.13589,10.6758,0,0.458093
74.9833,2987.26,165,9541.94,1.13587,10.6778,0,0.458093
75,2986.94,164.983,9542.77,1.13584,10.6798,0,0.458093
75.0167,2986.62,164.966,9543.6,1.13581,10.6818,0,0.458093
75.0333,2986.3,164.949,9544.43,1.13579,10.6838,0,0.458093
75.05,2985.98,164.931,9545.26,1.13576,10.6858,0,0.458093
75.0667,2985.65,164.914,9546.09,1.13574,10.6878,0,0.458093
75.0833,2985.33,164.897,9546.92,1.13571,10.6898,0,0.458093
75.1,2985,164.879,9547.75,1.13568,10.6918,0,0.458093
75.1167,2984.68,164.862,9548.58,1.13566,10.6938,0,0.458093
75.1333,2984.35,164.845,9549.41,1.13563,10.6958,0,0.458093
75.15,2984.03,164.827,9550.24,1.13561,10.6978,0,0.458093
75.1667,2983.7,164.81,9551.06,1.13558,10.6998,0,0.458093
75.1833,2983.37,164.793,9551.89,1.13556,10.7018,0,0.458093
75.2,2983.04,164.775,9552.72,1.13553,10.7038,0,0.458093
75.2167,2982.71,164.758,9553.55,1.1355,10.7058,0,0.458093
75.2333,2982.38,164.74,9554.38,1.13548,10.7079,0,0.458093
75.25,2982.05,164.723,9555.21,1.13545,10.7099,0,0.458093
75.2667,2981.72,164.706,9556.04,1.13543,10.7119,0,0.458093
75.2833,2981.39,164.688,9556.86,1.1354,10.7139,0,0.458093
75.3,2981.06,164.671,9557.69,1.13537,10.7159,0,0.458093
75.3167,2980.72,164.653,9558.52,1.13535,10.718,0,0.458093
75.3333,2980.39,164.636,9559.35,1.13532,10.72,0,0.458093
75.35,2980.05,164.618,9560.18,1.1353,10.722,0,0.458093
75.3667,2979.72,164.601,9561,1.13527,10.724,0,0.458093
75.3833,2979.38,164.583,9561.83,1.13525,10.7261,0,0.458093
75.4,2979.05,164.566,9562.66,1.13522,10.7281,0,0.458093
75.4167,2978.71,164.548,9563.49,1.13519,10.7301,0,0.458093
75.4333,2978.37,164.531,9564.31,1.13517,10.7322,0,0.458093
75.45,2978.03,164.513,9565.14,1.13514,10.7342,0,0.458093
75.4667,2977.7,164.496,9565.97,1.13512,10.7362,0,0.458093
75.4833,2977.36,164.478,9566.79,1.13509,10.7383,0,0.458093
75.5,2977.02,164.461,9567.62,1.13506,10.7403,0,0.458093
75.5167,2976.67,164.443,9568.45,1.13504,10.7424,0,0.458093
75.5333,2976.33,164.426,9569.28,1.13501,10.7444,0,0.458093
75.55,2975.99,164.408,9570.1,1.13499,10.7465,0,0.458093
75.5667,2975.65,164.391,9570.93,1.13496,10.7485,0,0.458093
75.5833,2975.31,164.373,9571.76,1.13494,10.7506,0,0.458093
75.6,2974.96,164.355,9572.58,1.13491,10.7526,0,0.458093
75.6167,2974.62,164.338,9573.41,1.13488,10.7547,0,0.458093
75.6333,2974.27,164.32,9574.23,1.13486,10.7567,0,0.458093
75.65,2973.93,164.303,9575.06,1.13483,10.7588,0,0.458093
75.6667,2973.58,164.285,9575.89,1.13481,10.7608,0,0.458093
75.6833,2973.23,164.267,9576.71,1.13478,10.7629,0,0.458093
75.7,2972.88,164.25,9577.54,1.13475,10.7649,0,0.458093
75.7167,2972.54,164.232,9578.36,1.13473,10.767,0,0.458093
75.7333,2972.19,164.215,9579.19,1.1347,10.7691,0,0.458093
75.75,2971.84,164.197,9580.02,1.13468,10.7711,0,0.458093
75.7667,2971.49,164.179,9580.84,1.13465,10.7732,0,0.458093
75.7833,2971.14,164.162,9581.67,1.13463,10.7753,0,0.458093
75.8,2970.78,164.144,9582.49,1.1346,10.7774,0,0.458093
75.8167,2970.43,164.126,9583.32,1.13457,10.7794,0,0.458093
75.8333,2970.08,164.108,9584.14,1.13455,10.7815,0,0.458093
75.85,2969.73,164.091,9584.97,1.13452,10.7836,0,0.458093
75.8667,2969.37,164.073,9585.79,1.1345,10.7857,0,0.458093
75.8833,2969.02,164.055,9586.62,1.13447,10.7877,0,0.458093
75.9,2968.66,164.038,9587.44,1.13444,10.7898,0,0.458093
75.9167,2968.31,164.02,9588.27,1.13442,10.7919,0,0.458093
75.9333,2967.95,164.002,9589.09,1.13439,10.794,0,0.458093
75.95,2967.59,163.984,9589.91,1.13437,10.7961,0,0.458093
75.9667,2967.23,163.967,9590.74,1.13434,10.7982,0,0.458093
75.9833,2966.88,163.949,9591.56,1.13431,10.8002,0,0.458093
76,2966.52,163.931,9592.39,1.13429,10.8023,0,0.458093
76.0167,2966.16,163.913,9593.21,1.13426,10.8044,0,0.458093
76.0333,2965.8,163.895,9594.03,1.13424,10.8065,0,0.458093
76.05,2965.44,163.878,9594.86,1.13421,10.8086,0,0.458093
76.0667,2965.07,163.86,9595.68,1.13418,10.8107,0,0.458093
76.0833,2964.71,163.842,9596.51,1.13416,10.8128,0,0.458093
76.1,2964.35,163.824,9597.33,1.13413,10.8149,0,0.458093
76.1167,2963.99,163.806,9598.15,1.13411,10.817,0,0.458093
76.1333,2963.62,163.788,9598.98,1.13408,10.8191,0,0.458093
76.15,2963.26,163.771,9599.8,1.13406,10.8212,0,0.458093
76.1667,2962.89,163.753,9600.62,1.13403,10.8234,0,0.458093
76.1833,2962.53,163.735,9601.44,1.134,10.8255,0,0.458093
76.2,2962.16,163.717,9602.27,1.13398,10.8276,0,0.458093
76.2167,2961.79,163.699,9603.09,1.13395,10.8297,0,0.458093
76.2333,2961.42,163.681,9603.91,1.13393,10.8318,0,0.458093
76.25,2961.06,163.663,9604.74,1.1339,10.8339,0,0.458093
76.2667,2960.69,163.645,9605.56,1.13387,10.836,0,0.458093
76.2833,2960.32,163.627,9606.38,1.13385,10.8382,0,0.458093
76.3,2959.95,163.609,9607.2,1.13382,10.8403,0,0.458093
76.3167,2959.58,163.591,9608.02,1.1338,10.8424,0,0.458093
76.3333,2959.2,163.574,9608.85,1.13377,10.8445,0,0.458093
76.35,2958.83,163.556,9609.67,1.13374,10.8467,0,0.458093
76.3667,2958.46,163.538,9610.49,1.13372,10.8488,0,0.458093
76.3833,2958.08,163.52,9611.31,1.13369,10.8509,0,0.458093
76.4,2957.71,163.502,9612.13,1.13367,10.8531,0,0.458093
76.4167,2957.34,163.484,9612.96,1.13364,10.8552,0,0.458093
76.4333,2956.96,163.466,9613.78,1.13362,10.8573,0,0.458093
76.45,2956.58,163.448,9614.6,1.13359,10.8595,0,0.458093
76.4667,2956.21,163.43,9615.42,1.13356,10.8616,0,0.458093
76.4833,2955.83,163.412,9616.24,1.13354,10.8637,0,0.458093
76.5,2955.45,163.394,9617.06,1.13351,10.8659,0,0.458093
76.5167,2955.07,163.376,9617.88,1.13349,10.868,0,0.458093
76.5333,2954.7,163.358,9618.7,1.13346,10.8702,0,0.458093
76.55,2954.32,163.339,9619.52,1.13343,10.8723,0,0.458093
76.5667,2953.94,163.321,9620.34,1.13341,10.8745,0,0.458093
76.5833,2953.55,163.303,9621.17,1.13338,10.8766,0,0.458093
76.6,2953.17,163.285,9621.99,1.13336,10.8788,0,0.458093
76.6167,2952.79,163.267,9622.81,1.13333,10.8809,0,0.458093
76.6333,2952.41,163.249,9623.63,1.1333,10.8831,0,0.458093
76.65,2952.02,163.231,9624.45,1.13328,10.8852,0,0.458093
76.6667,2951.64,163.213,9625.27,1.13325,10.8874,0,0.458093
76.6833,2951.26,163.195,9626.09,1.13323,10.8896,0,0.458093
76.7,2950.87,163.177,9626.91,1.1332,10.8917,0,0.458093
76.7167,2950.48,163.158,9627.73,1.13317,10.8939,0,0.458093
76.7333,2950.1,163.14,9628.54,1.13315,10.8961,0,0.458093
76.75,2949.71,163.122,9629.36,1.13312,10.8982,0,0.458093
76.7667,2949.32,163.104,9630.18,1.1331,10.9004,0,0.458093
76.7833,2948.93,163.086,9631,1.13307,10.9026,0,0.458093
76.8,2948.55,163.068,9631.82,1.13304,10.9047,0,0.458093
76.8167,2948.16,163.049,9632.64,1.13302,10.9069,0,0.458093
76.8333,2947.77,163.031,9633.46,1.13299,10.9091,0,0.458093
76.85,2947.37,163.013,9634.28,1.13297,10.9113,0,0.458093
76.8667,2946.98,162.995,9635.1,1.13294,10.9135,0,0.458093
76.8833,2946.59,162.977,9635.92,1.13292,10.9156,0,0.458093
76.9,2946.2,162.958,9636.73,1.13289,10.9178,0,0.458093
76.9167,2945.8,162.94,9637.55,1.13286,10.92,0,0.458093
76.9333,2945.41,162.922,9638.37,1.13284,10.9222,0,0.458093
76.95,2945.02,162.904,9639.19,1.13281,10.9244,0,0.458093
76.9667,2944.62,162.885,9640.01,1.13279,10.9266,0,0.458093
76.9833,2944.22,162.867,9640.82,1.13276,10.9288,0,0.458093
77,2943.83,162.849,9641.64,1.13273,10.931,0,0.458093
77.0167,2943.43,162.831,9642.46,1.13271,10.9332,0,0.458093
77.0333,2943.03,162.812,9643.28,1.13268,10.9354,0,0.458093
77.05,2942.64,162.794,9644.09,1.13266,10.9376,0,0.458093
77.0667,2942.24,162.776,9644.91,1.13263,10.9398,0,0.458093
77.0833,2941.84,162.757,9645.73,1.1326,10.942,0,0.458093
77.1,2941.44,162.739,9646.55,1.13258,10.9442,0,0.458093
77.1167,2941.04,162.721,9647.36,1.13255,10.9464,0,0.458093
77.1333,2940.63,162.702,9648.18,1.13253,10.9486,0,0.458093
77.15,2940.23,162.684,9649,1.1325,10.9508,0,0.458093
77.1667,2939.83,162.666,9649.81,1.13247,10.953,0,0.458093
77.1833,2939.43,162.647,9650.63,1.13245,10.9552,0,0.458093
77.2,2939.02,162.629,9651.45,1.13242,10.9574,0,0.458093
77.2167,2938.62,162.611,9652.26,1.1324,10.9596,0,0.458093
77.2333,2938.21,162.592,9653.08,1.13237,10.9619,0,0.458093
77.25,2937.81,162.574,9653.9,1.13235,10.9641,0,0.458093
77.2667,2937.4,162.555,9654.71,1.13232,10.9663,0,0.458093
77.2833,2936.99,162.537,9655.53,1.13229,10.9685,0,0.458093
77.3,2936.59,162.519,9656.34,1.13227,10.9708,0,0.458093
77.3167,2936.18,162.5,9657.16,1.13224,10.973,0,0.458093
77.3333,2935.77,162.482,9657.97,1.13222,10.9752,0,0.458093
77.35,2935.36,162.463,9658.79,1.13219,10.9774,0,0.458093
77.3667,2934.95,162.445,9659.61,1.13216,10.9797,0,0.458093
77.3833,2934.54,162.426,9660.42,1.13214,10.9819,0,0.458093
77.4,2934.13,162.408,9661.24,1.13211,10.9842,0,0.458093
77.4167,2933.72,162.39,9662.05,1.13209,10.9864,0,0.458093
77.4333,2933.3,162.371,9662.87,1.13206,10.9886,0,0.458093
77.45,2932.89,162.353,9663.68,1.13203,10.9909,0,0.458093
77.4667,2932.48,162.334,9664.49,1.13201,10.9931,0,0.458093
77.4833,2932.06,162.316,9665.31,1.13198,10.9954,0,0.458093
77.5,2931.65,162.297,9666.12,1.13196,10.9976,0,0.458093
77.5167,2931.23,162.279,9666.94,1.13193,10.9999,0,0.458093
77.5333,2930.82,162.26,9667.75,1.1319,11.0021,0,0.458093
77.55,2930.4,162.241,9668.57,1.13188,11.0044,0,0.458093
77.5667,2929.98,162.223,9669.38,1.13185,11.0066,0,0.458093
77.5833,2929.56,162.204,9670.19,1.13183,11.0089,0,0.458093
77.6,2929.15,162.186,9671.01,1.1318,11.0111,0,0.458093
77.6167,2928.73,162.167,9671.82,1.13178,11.0134,0,0.458093
77.6333,2928.31,162.149,9672.63,1.13175,11.0156,0,0.458093
77.65,2927.89,162.13,9673.45,1.13172,11.0179,0,0.458093
77.6667,2927.47,162.112,9674.26,1.1317,11.0202,0,0.458093
77.6833,2927.04,162.093,9675.07,1.13167,11.0224,0,0.458093
77.7,2926.62,162.074,9675.89,1.13165,11.0247,0,0.458093
77.7167,2926.2,162.056,9676.7,1.13162,11.027,0,0.458093
77.7333,2925.78,162.037,9677.51,1.13159,11.0292,0,0.458093
77.75,2925.35,162.018,9678.33,1.13157,11.0315,0,0.458093
77.7667,2924.93,162,9679.14,1.13154,11.0338,0,0.458093
77.7833,2924.5,161.981,9679.95,1.13152,11.0361,0,0.458093
77.8,2924.08,161.963,9680.76,1.13149,11.0383,0,0.458093
77.8167,2923.65,161.944,9681.57,1.13146,11.0406,0,0.458093
77.8333,2923.22,161.925,9682.39,1.13144,11.0429,0,0.458093
77.85,2922.79,161.907,9683.2,1.13141,11.0452,0,0.458093
77.8667,2922.37,161.888,9684.01,1.13139,11.0475,0,0.458093
77.8833,2921.94,161.869,9684.82,1.13136,11.0498,0,0.458093
77.9,2921.51,161.85,9685.63,1.13134,11.0521,0,0.458093
77.9167,2921.08,161.832,9686.45,1.13131,11.0543,0,0.458093
77.9333,2920.65,161.813,9687.26,1.13128,11.0566,0,0.458093
77.95,2920.21,161.794,9688.07,1.13126,11.0589,0,0.458093
77.9667,2919.78,161.776,9688.88,1.13123,11.0612,0,0.458093
77.9833,2919.35,161.757,9689.69,1.13121,11.0635,0,0.458093
78,2918.92,161.738,9690.5,1.13118,11.0658,0,0.458093
78.0167,2918.48,161.719,9691.31,1.13115,11.0681,0,0.458093
78.0333,2918.05,161.701,9692.12,1.13113,11.0704,0,0.458093
78.05,2917.61,161.682,9692.93,1.1311,11.0727,0,0.458093
78.0667,2917.18,161.663,9693.74,1.13108,11.075,0,0.458093
78.0833,2916.74,161.644,9694.55,1.13105,11.0773,0,0.458093
78.1,2916.31,161.625,9695.36,1.13102,11.0797,0,0.458093
78.1167,2915.87,161.607,9696.17,1.131,11.082,0,0.458093
78.1333,2915.43,161.588,9696.98,1.13097,11.0843,0,0.458093
78.15,2914.99,161.569,9697.79,1.13095,11.0866,0,0.458093
78.1667,2914.55,161.55,9698.6,1.13092,11.0889,0,0.458093
78.1833,2914.11,161.531,9699.41,1.1309,11.0912,0,0.458093
78.2,2913.67,161.513,9700.22,1.13087,11.0936,0,0.458093
78.2167,2913.23,161.494,9701.03,1.13084,11.0959,0,0.458093
78.2333,2912.79,161.475,9701.84,1.13082,11.0982,0,0.458093
78.25,2912.35,161.456,9702.65,1.13079,11.1005,0,0.458093
78.2667,2911.9,161.437,9703.46,1.13077,11.1029,0,0.458093
78.2833,2911.46,161.418,9704.27,1.13074,11.1052,0,0.458093
78.3,2911.02,161.399,9705.08,1.13071,11.1075,0,0.458093
78.3167,2910.57,161.38,9705.88,1.13069,11.1099,0,0.458093
78.3333,2910.13,161.362,9706.69,1.13066,11.1122,0,0.458093
78.35,2909.68,161.343,9707.5,1.13064,11.1145,0,0.458093
78.3667,2909.23,161.324,9708.31,1.13061,11.1169,0,0.458093
78.3833,2908.79,161.305,9709.12,1.13058,11.1192,0,0.458093
78.4,2908.34,161.286,9709.92,1.13056,11.1215,0,0.458093
78.4167,2907.89,161.267,9710.73,1.13053,11.1239,0,0.458093
78.4333,2907.44,161.248,9711.54,1.13051,11.1262,0,0.458093
78.45,2906.99,161.229,9712.35,1.13048,11.1286,0,0.458093
78.4667,2906.54,161.21,9713.16,1.13046,11.1309,0,0.458093
78.4833,2906.09,161.191,9713.96,1.13043,11.1333,0,0.458093
78.5,2905.64,161.172,9714.77,1.1304,11.1356,0,0.458093
78.5167,2905.19,161.153,9715.58,1.13038,11.138,0,0.458093
78.5333,2904.74,161.134,9716.38,1.13035,11.1404,0,0.458093
78.55,2904.28,161.115,9717.19,1.13033,11.1427,0,0.458093
78.5667,2903.83,161.096,9718,1.1303,11.1451,0,0.458093
78.5833,2903.38,161.077,9718.8,1.13027,11.1474,0,0.458093
78.6,2902.92,161.058,9719.61,1.13025,11.1498,0,0.458093
78.6167,2902.47,161.039,9720.42,1.13022,11.1522,0,0.458093
78.6333,2902.01,161.02,9721.22,1.1302,11.1545,0,0.458093
78.65,2901.55,161.001,9722.03,1.13017,11.1569,0,0.458093
78.6667,2901.1,160.982,9722.83,1.13015,11.1593,0,0.458093
78.6833,2900.64,160.963,9723.64,1.13012,11.1616,0,0.458093
78.7,2900.18,160.944,9724.45,1.13009,11.164,0,0.458093
78.7167,2899.72,160.925,9725.25,1.13007,11.1664,0,0.458093
78.7333,2899.26,160.906,9726.06,1.13004,11.1688,0,0.458093
78.75,2898.8,160.887,9726.86,1.13002,11.1712,0,0.458093
78.7667,2898.34,160.868,9727.67,1.12999,11.1735,0,0.458093
78.7833,2897.88,160.848,9728.47,1.12997,11.1759,0,0.458093
78.8,2897.42,160.829,9729.28,1.12994,11.1783,0,0.458093
78.8167,2896.96,160.81,9730.08,1.12991,11.1807,0,0.458093
78.8333,2896.49,160.791,9730.89,1.12989,11.1831,0,0.458093
78.85,2896.03,160.772,9731.69,1.12986,11.1855,0,0.458093
78.8667,2895.56,160.753,9732.5,1.12984,11.1879,0,0.458093
78.8833,2895.1,160.734,9733.3,1.12981,11.1903,0,0.458093
78.9,2894.63,160.715,9734.1,1.12978,11.1927,0,0.458093
78.9167,2894.17,160.695,9734.91,1.12976,11.1951,0,0.458093
78.9333,2893.7,160.676,9735.71,1.12973,11.1975,0,0.458093
78.95,2893.23,160.657,9736.52,1.12971,11.1999,0,0.458093
78.9667,2892.77,160.638,9737.32,1.12968,11.2023,0,0.458093
78.9833,2892.3,160.619,9738.12,1.12966,11.2047,0,0.458093
79,2891.83,160.599,9738.93,1.12963,11.2071,0,0.458093
79.0167,2891.36,160.58,9739.73,1.1296,11.2095,0,0.458093
79.0333,2890.89,160.561,9740.53,1.12958,11.2119,0,0.458093
79.05,2890.42,160.542,9741.34,1.12955,11.2143,0,0.458093
79.0667,2889.95,160.523,9742.14,1.12953,11.2167,0,0.458093
79.0833,2889.47,160.503,9742.94,1.1295,11.2191,0,0.458093
79.1,2889,160.484,9743.74,1.12948,11.2216,0,0.458093
79.1167,2888.53,160.465,9744.55,1.12945,11.224,0,0.458093
79.1333,2888.05,160.446,9745.35,1.12942,11.2264,0,0.458093
79.15,2887.58,160.426,9746.15,1.1294,11.2288,0,0.458093
79.1667,2887.1,160.407,9746.95,1.12937,11.2313,0,0.458093
79.1833,2886.63,160.388,9747.75,1.12935,11.2337,0,0.458093
79.2,2886.15,160.369,9748.56,1.12932,11.2361,0,0.458093
79.2167,2885.68,160.349,9749.36,1.12929,11.2385,0,0.458093
79.2333,2885.2,160.33,9750.16,1.12927,11.241,0,0.458093
79.25,2884.72,160.311,9750.96,1.12924,11.2434,0,0.458093
79.2667,2884.24,160.291,9751.76,1.12922,11.2458,0,0.458093
79.2833,2883.76,160.272,9752.56,1.12919,11.2483,0,0.458093
79.3,2883.28,160.253,9753.36,1.12917,11.2507,0,0.458093
79.3167,2882.8,160.233,9754.16,1.12914,11.2532,0,0.458093
79.3333,2882.32,160.214,9754.97,1.12911,11.2556,0,0.458093
79.35,2881.84,160.195,9755.77,1.12909,11.2581,0,0.458093
79.3667,2881.36,160.175,9756.57,1.12906,11.2605,0,0.458093
79.3833,2880.88,160.156,9757.37,1.12904,11.263,0,0.458093
79.4,2880.39,160.137,9758.17,1.12901,11.2654,0,0.458093
79.4167,2879.91,160.117,9758.97,1.12899,11.2679,0,0.458093
79.4333,2879.42,160.098,9759.77,1.12896,11.2703,0,0.458093
79.45,2878.94,160.078,9760.57,1.12893,11.2728,0,0.458093
79.4667,2878.45,160.059,9761.37,1.12891,11.2752,0,0.458093
79.4833,2877.97,160.04,9762.17,1.12888,11.2777,0,0.458093
79.5,2877.48,160.02,9762.96,1.12886,11.2802,0,0.458093
79.5167,2876.99,160.001,9763.76,1.12883,11.2826,0,0.458093
79.5333,2876.51,159.981,9764.56,1.12881,11.2851,0,0.458093
79.55,2876.02,159.962,9765.36,1.12878,11.2876,0,0.458093
79.5667,2875.53,159.942,9766.16,1.12875,11.29,0,0.458093
79.5833,2875.04,159.923,9766.96,1.12873,11.2925,0,0.458093
79.6,2874.55,159.903,9767.76,1.1287,11.295,0,0.458093
79.6167,2874.06,159.884,9768.56,1.12868,11.2975,0,0.458093
79.6333,2873.57,159.864,9769.35,1.12865,11.2999,0,0.458093
79.65,2873.07,159.845,9770.15,1.12863,11.3024,0,0.458093
79.6667,2872.58,159.826,9770.95,1.1286,11.3049,0,0.458093
79.6833,2872.09,159.806,9771.75,1.12857,11.3074,0,0.458093
79.7,2871.59,159.787,9772.55,1.12855,11.3099,0,0.458093
79.7167,2871.1,159.767,9773.34,1.12852,11.3123,0,0.458093
79.7333,2870.61,159.747,9774.14,1.1285,11.3148,0,0.458093
79.75,2870.11,159.728,9774.94,1.12847,11.3173,0,0.458093
79.7667,2869.61,159.708,9775.74,1.12845,11.3198,0,0.458093
79.7833,2869.12,159.689,9776.53,1.12842,11.3223,0,0.458093
79.8,2868.62,159.669,9777.33,1.1284,11.3248,0,0.458093
79.8167,2868.12,159.65,9778.13,1.12837,11.3273,0,0.458093
79.8333,2867.62,159.63,9778.92,1.12834,11.3298,0,0.458093
79.85,2867.12,159.611,9779.72,1.12832,11.3323,0,0.458093
79.8667,2866.63,159.591,9780.52,1.12829,11.3348,0,0.458093
79.8833,2866.13,159.571,9781.31,1.12827,11.3373,0,0.458093
79.9,2865.62,159.552,9782.11,1.12824,11.3398,0,0.458093
79.9167,2865.12,159.532,9782.9,1.12822,11.3423,0,0.458093
79.9333,2864.62,159.513,9783.7,1.12819,11.3448,0,0.458093
79.95,2864.12,159.493,9784.5,1.12816,11.3474,0,0.458093
79.9667,2863.62,159.473,9785.29,1.12814,11.3499,0,0.458093
79.9833,2863.11,159.454,9786.09,1.12811,11.3524,0,0.458093
80,2862.61,159.434,9786.88,1.12809,11.3549,0,0.458093
80.0167,2862.1,159.415,9787.68,1.12806,11.3574,0,0.458093
80.0333,2861.6,159.395,9788.47,1.12804,11.3599,0,0.458093
80.05,2861.09,159.375,9789.27,1.12801,11.3625,0,0.458093
80.0667,2860.59,159.356,9790.06,1.12799,11.365,0,0.458093
80.0833,2860.08,159.336,9790.86,1.12796,11.3675,0,0.458093
80.1,2859.57,159.316,9791.65,1.12793,11.3701,0,0.458093
80.1167,2859.06,159.297,9792.44,1.12791,11.3726,0,0.458093
80.1333,2858.55,159.277,9793.24,1.12788,11.3751,0,0.458093
80.15,2858.04,159.257,9794.03,1.12786,11.3777,0,0.458093
80.1667,2857.53,159.237,9794.83,1.12783,11.3802,0,0.458093
80.1833,2857.02,159.218,9795.62,1.12781,11.3827,0,0.458093
80.2,2856.51,159.198,9796.41,1.12778,11.3853,0,0.458093
80.2167,2856,159.178,9797.21,1.12775,11.3878,0,0.458093
80.2333,2855.49,159.159,9798,1.12773,11.3904,0,0.458093
80.25,2854.98,159.139,9798.79,1.1277,11.3929,0,0.458093
80.2667,2854.46,159.119,9799.59,1.12768,11.3955,0,0.458093
80.2833,2853.95,159.099,9800.38,1.12765,11.398,0,0.458093
80.3,2853.43,159.08,9801.17,1.12763,11.4006,0,0.458093
80.3167,2852.92,159.06,9801.96,1.1276,11.4031,0,0.458093
80.3333,2852.4,159.04,9802.76,1.12758,11.4057,0,0.458093
80.35,2851.89,159.02,9803.55,1.12755,11.4082,0,0.458093
80.3667,2851.37,159,9804.34,1.12752,11.4108,0,0.458093
80.3833,2850.85,158.981,9805.13,1.1275,11.4133,0,0.458093
80.4,2850.34,158.961,9805.92,1.12747,11.4159,0,0.458093
80.4167,2849.82,158.941,9806.72,1.12745,11.4185,0,0.458093
80.4333,2849.3,158.921,9807.51,1.12742,11.421,0,0.458093
80.45,2848.78,158.901,9808.3,1.1274,11.4236,0,0.458093
80.4667,2848.26,158.882,9809.09,1.12737,11.4262,0,0.458093
80.4833,2847.74,158.862,9809.88,1.12735,11.4288,0,0.458093
80.5,2847.22,158.842,9810.67,1.12732,11.4313,0,0.458093
80.5167,2846.69,158.822,9811.46,1.12729,11.4339,0,0.458093
80.5333,2846.17,158.802,9812.25,1.12727,11.4365,0,0.458093
80.55,2845.65,158.782,9813.04,1.12724,11.4391,0,0.458093
80.5667,2845.12,158.762,9813.84,1.12722,11.4417,0,0.458093
80.5833,2844.6,158.743,9814.63,1.12719,11.4442,0,0.458093
80.6,2844.08,158.723,9815.42,1.12717,11.4468,0,0.458093
80.6167,2843.55,158.703,9816.21,1.12714,11.4494,0,0.458093
80.6333,2843.02,158.683,9817,1.12712,11.452,0,0.458093
80.65,2842.5,158.663,9817.78,1.12709,11.4546,0,0.458093
80.6667,2841.97,158.643,9818.57,1.12707,11.4572,0,0.458093
80.6833,2841.44,158.623,9819.36,1.12704,11.4598,0,0.458093
80.7,2840.91,158.603,9820.15,1.12701,11.4624,0,0.458093
80.7167,2840.39,158.583,9820.94,1.12699,11.465,0,0.458093
80.7333,2839.86,158.563,9821.73,1.12696,11.4676,0,0.458093
80.75,2839.33,158.543,9822.52,1.12694,11.4702,0,0.458093
80.7667,2838.8,158.523,9823.31,1.12691,11.4728,0,0.458093
80.7833,2838.27,158.503,9824.1,1.12689,11.4754,0,0.458093
80.8,2837.73,158.483,9824.89,1.12686,11.478,0,0.458093
80.8167,2837.2,158.463,9825.67,1.12684,11.4806,0,0.458093
80.8333,2836.67,158.443,9826.46,1.12681,11.4832,0,0.458093
80.85,2836.14,158.423,9827.25,1.12679,11.4859,0,0.458093
80.8667,2835.6,158.403,9828.04,1.12676,11.4885,0,0.458093
80.8833,2835.07,158.383,9828.82,1.12673,11.4911,0,0.458093
80.9,2834.53,158.363,9829.61,1.12671,11.4937,0,0.458093
80.9167,2834,158.343,9830.4,1.12668,11.4963,0,0.458093
80.9333,2833.46,158.323,9831.19,1.12666,11.499,0,0.458093
80.95,2832.92,158.303,9831.97,1.12663,11.5016,0,0.458093
80.9667,2832.39,158.283,9832.76,1.12661,11.5042,0,0.458093
80.9833,2831.85,158.263,9833.55,1.12658,11.5068,0,0.458093
81,2831.31,158.243,9834.33,1.12656,11.5095,0,0.458093
81.0167,2830.77,158.223,9835.12,1.12653,11.5121,0,0.458093
81.0333,2830.23,158.203,9835.91,1.12651,11.5147,0,0.458093
81.05,2829.69,158.183,9836.69,1.12648,11.5174,0,0.458093
81.0667,2829.15,158.163,9837.48,1.12646,11.52,0,0.458093
81.0833,2828.61,158.143,9838.26,1.12643,11.5227,0,0.458093
81.1,2828.07,158.123,9839.05,1.1264,11.5253,0,0.458093
81.1167,2827.53,158.103,9839.83,1.12638,11.528,0,0.458093
81.1333,2826.98,158.083,9840.62,1.12635,11.5306,0,0.458093
81.15,2826.44,158.062,9841.41,1.12633,11.5333,0,0.458093
81.1667,2825.9,158.042,9842.19,1.1263,11.5359,0,0.458093
81.1833,2825.35,158.022,9842.98,1.12628,11.5386,0,0.458093
81.2,2824.81,158.002,9843.76,1.12625,11.5412,0,0.458093
81.2167,2824.26,157.982,9844.54,1.12623,11.5439,0,0.458093
81.2333,2823.71,157.962,9845.33,1.1262,11.5465,0,0.458093
81.25,2823.17,157.942,9846.11,1.12618,11.5492,0,0.458093
81.2667,2822.62,157.921,9846.9,1.12615,11.5519,0,0.458093
81.2833,2822.07,157.901,9847.68,1.12613,11.5545,0,0.458093
81.3,2821.52,157.881,9848.47,1.1261,11.5572,0,0.458093
81.3167,2820.97,157.861,9849.25,1.12608,11.5599,0,0.458093
81.3333,2820.43,157.841,9850.03,1.12605,11.5625,0,0.458093
81.35,2819.88,157.821,9850.82,1.12602,11.5652,0,0.458093
81.3667,2819.32,157.8,9851.6,1.126,11.5679,0,0.458093
81.3833,2818.77,157.78,9852.38,1.12597,11.5706,0,0.458093
81.4,2818.22,157.76,9853.17,1.12595,11.5732,0,0.458093
81.4167,2817.67,157.74,9853.95,1.12592,11.5759,0,0.458093
81.4333,2817.12,157.72,9854.73,1.1259,11.5786,0,0.458093
81.45,2816.56,157.699,9855.51,1.12587,11.5813,0,0.458093
81.4667,2816.01,157.679,9856.3,1.12585,11.584,0,0.458093
81.4833,2815.45,157.659,9857.08,1.12582,11.5867,0,0.458093
81.5,2814.9,157.639,9857.86,1.1258,11.5893,0,0.458093
81.5167,2814.34,157.618,9858.64,1.12577,11.592,0,0.458093
81.5333,2813.79,157.598,9859.42,1.12575,11.5947,0,0.458093
81.55,2813.23,157.578,9860.2,1.12572,11.5974,0,0.458093
81.5667,2812.67,157.557,9860.99,1.1257,11.6001,0,0.458093
81.5833,2812.12,157.537,9861.77,1.12567,11.6028,0,0.458093
81.6,2811.56,157.517,9862.55,1.12565,11.6055,0,0.458093
81.6167,2811,157.497,9863.33,1.12562,11.6082,0,0.458093
81.6333,2810.44,157.476,9864.11,1.1256,11.6109,0,0.458093
81.65,2809.88,157.456,9864.89,1.12557,11.6136,0,0.458093
81.6667,2809.32,157.436,9865.67,1.12554,11.6164,0,0.458093
81.6833,2808.76,157.415,9866.45,1.12552,11.6191,0,0.458093
81.7,2808.19,157.395,9867.23,1.12549,11.6218,0,0.458093
81.7167,2807.63,157.375,9868.01,1.12547,11.6245,0,0.458093
81.7333,2807.07,157.354,9868.79,1.12544,11.6272,0,0.458093
81.75,2806.51,157.334,9869.57,1.12542,11.6299,0,0.458093
81.7667,2805.94,157.314,9870.35,1.12539,11.6327,0,0.458093
81.7833,2805.38,157.293,9871.13,1.12537,11.6354,0,0.458093
81.8,2804.81,157.273,9871.91,1.12534,11.6381,0,0.458093
81.8167,2804.25,157.252,9872.69,1.12532,11.6408,0,0.458093
81.8333,2803.68,157.232,9873.47,1.12529,11.6436,0,0.458093
81.85,2803.11,157.212,9874.24,1.12527,11.6463,0,0.458093
81.8667,2802.55,157.191,9875.02,1.12524,11.649,0,0.458093
81.8833,2801.98,157.171,9875.8,1.12522,11.6518,0,0.458093
81.9,2801.41,157.15,9876.58,1.12519,11.6545,0,0.458093
81.9167,2800.84,157.13,9877.36,1.12517,11.6572,0,0.458093
81.9333,2800.27,157.11,9878.14,1.12514,11.66,0,0.458093
81.95,2799.7,157.089,9878.91,1.12512,11.6627,0,0.458093
81.9667,2799.13,157.069,9879.69,1.12509,11.6655,0,0.458093
81.9833,2798.56,157.048,9880.47,1.12507,11.6682,0,0.458093
82,2797.99,157.028,9881.25,1.12504,11.671,0,0.458093
82.0167,2797.42,157.007,9882.02,1.12502,11.6737,0,0.458093
82.0333,2796.85,156.987,9882.8,1.12499,11.6765,0,0.458093
82.05,2796.27,156.966,9883.58,1.12497,11.6792,0,0.458093
82.0667,2795.7,156.946,9884.35,1.12494,11.682,0,0.458093
82.0833,2795.12,156.925,9885.13,1.12492,11.6848,0,0.458093
82.1,2794.55,156.905,9885.91,1.12489,11.6875,0,0.458093
82.1167,2793.97,156.884,9886.68,1.12487,11.6903,0,0.458093
82.1333,2793.4,156.864,9887.46,1.12484,11.693,0,0.458093
82.15,2792.82,156.843,9888.23,1.12482,11.6958,0,0.458093
82.1667,2792.24,156.823,9889.01,1.12479,11.6986,0,0.458093
82.1833,2791.67,156.802,9889.79,1.12477,11.7013,0,0.458093
82.2,2791.09,156.782,9890.56,1.12474,11.7041,0,0.458093
82.2167,2790.51,156.761,9891.34,1.12472,11.7069,0,0.458093
82.2333,2789.93,156.741,9892.11,1.12469,11.7097,0,0.458093
82.25,2789.35,156.72,9892.89,1.12467,11.7125,0,0.458093
82.2667,2788.77,156.7,9893.66,1.12464,11.7152,0,0.458093
82.2833,2788.19,156.679,9894.44,1.12462,11.718,0,0.458093
82.3,2787.61,156.659,9895.21,1.12459,11.7208,0,0.458093
82.3167,2787.03,156.638,9895.98,1.12457,11.7236,0,0.458093
82.3333,2786.44,156.617,9896.76,1.12454,11.7264,0,0.458093
82.35,2785.86,156.597,9897.53,1.12452,11.7292,0,0.458093
82.3667,2785.28,156.576,9898.31,1.12449,11.732,0,0.458093
82.3833,2784.69,156.556,9899.08,1.12447,11.7348,0,0.458093
82.4,2784.11,156.535,9899.85,1.12444,11.7376,0,0.458093
82.4167,2783.52,156.514,9900.63,1.12442,11.7404,0,0.458093
82.4333,2782.94,156.494,9901.4,1.12439,11.7432,0,0.458093
82.45,2782.35,156.473,9902.17,1.12437,11.746,0,0.458093
82.4667,2781.77,156.453,9902.95,1.12434,11.7488,0,0.458093
82.4833,2781.18,156.432,9903.72,1.12432,11.7516,0,0.458093
82.5,2780.59,156.411,9904.49,1.12429,11.7544,0,0.458093
82.5167,2780,156.391,9905.26,1.12427,11.7572,0,0.458093
82.5333,2779.41,156.37,9906.03,1.12424,11.76,0,0.458093
82.55,2778.82,156.349,9906.81,1.12422,11.7628,0,0.458093
82.5667,2778.23,156.329,9907.58,1.12419,11.7656,0,0.458093
82.5833,2777.64,156.308,9908.35,1.12417,11.7685,0,0.458093
82.6,2777.05,156.287,9909.12,1.12414,11.7713,0,0.458093
82.6167,2776.46,156.267,9909.89,1.12412,11.7741,0,0.458093
82.6333,2775.87,156.246,9910.66,1.12409,11.7769,0,0.458093
82.65,2775.28,156.225,9911.43,1.12407,11.7797,0,0.458093
82.6667,2774.68,156.205,9912.21,1.12404,11.7826,0,0.458093
82.6833,2774.09,156.184,9912.98,1.12402,11.7854,0,0.458093
82.7,2773.5,156.163,9913.75,1.12399,11.7882,0,0.458093
82.7167,2772.9,156.142,9914.52,1.12397,11.7911,0,0.458093
82.7333,2772.31,156.122,9915.29,1.12394,11.7939,0,0.458093
82.75,2771.71,156.101,9916.06,1.12392,11.7968,0,0.458093
82.7667,2771.11,156.08,9916.83,1.12389,11.7996,0,0.458093
82.7833,2770.52,156.059,9917.6,1.12387,11.8024,0,0.458093
82.8,2769.92,156.039,9918.37,1.12384,11.8053,0,0.458093
82.8167,2769.32,156.018,9919.14,1.12382,11.8081,0,0.458093
82.8333,2768.72,155.997,9919.9,1.12379,11.811,0,0.458093
82.85,2768.12,155.976,9920.67,1.12377,11.8138,0,0.458093
82.8667,2767.52,155.956,9921.44,1.12374,11.8167,0,0.458093
82.8833,2766.92,155.935,9922.21,1.12372,11.8195,0,0.458093
82.9,2766.32,155.914,9922.98,1.12369,11.8224,0,0.458093
82.9167,2765.72,155.893,9923.75,1.12367,11.8253,0,0.458093
82.9333,2765.12,155.872,9924.52,1.12365,11.8281,0,0.458093
82.95,2764.52,155.852,9925.28,1.12362,11.831,0,0.458093
82.9667,2763.92,155.831,9926.05,1.1236,11.8338,0,0.458093
82.9833,2763.31,155.81,9926.82,1.12357,11.8367,0,0.458093
83,2762.71,155.789,9927.59,1.12355,11.8396,0,0.458093
83.0167,2762.1,155.768,9928.35,1.12352,11.8425,0,0.458093
83.0333,2761.5,155.747,9929.12,1.1235,11.8453,0,0.458093
83.05,2760.89,155.727,9929.89,1.12347,11.8482,0,0.458093
83.0667,2760.29,155.706,9930.66,1.12345,11.8511,0,0.458093
83.0833,2759.68,155.685,9931.42,1.12342,11.854,0,0.458093
83.1,2759.08,155.664,9932.19,1.1234,11.8568,0,0.458093
83.1167,2758.47,155.643,9932.95,1.12337,11.8597,0,0.458093
83.1333,2757.86,155.622,9933.72,1.12335,11.8626,0,0.458093
83.15,2757.25,155.601,9934.49,1.12332,11.8655,0,0.458093
83.1667,2756.64,155.58,9935.25,1.1233,11.8684,0,0.458093
83.1833,2756.03,155.56,9936.02,1.12327,11.8713,0,0.458093
83.2,2755.42,155.539,9936.78,1.12325,11.8742,0,0.458093
83.2167,2754.81,155.518,9937.55,1.12322,11.8771,0,0.458093
83.2333,2754.2,155.497,9938.31,1.1232,11.88,0,0.458093
83.25,2753.59,155.476,9939.08,1.12318,11.8829,0,0.458093
83.2667,2752.98,155.455,9939.84,1.12315,11.8858,0,0.458093
83.2833,2752.37,155.434,9940.61,1.12313,11.8887,0,0.458093
83.3,2751.75,155.413,9941.37,1.1231,11.8916,0,0.458093
83.3167,2751.14,155.392,9942.14,1.12308,11.8945,0,0.458093
83.3333,2750.52,155.371,9942.9,1.12305,11.8974,0,0.458093
83.35,2749.91,155.35,9943.67,1.12303,11.9003,0,0.458093
83.3667,2749.29,155.329,9944.43,1.123,11.9032,0,0.458093
83.3833,2748.68,155.308,9945.19,1.12298,11.9061,0,0.458093
83.4,2748.06,155.287,9945.96,1.12295,11.9091,0,0.458093
83.4167,2747.45,155.266,9946.72,1.12293,11.912,0,0.458093
83.4333,2746.83,155.245,9947.48,1.1229,11.9149,0,0.458093
83.45,2746.21,155.224,9948.25,1.12288,11.9178,0,0.458093
83.4667,2745.59,155.203,9949.01,1.12286,11.9208,0,0.458093
83.4833,2744.97,155.182,9949.77,1.12283,11.9237,0,0.458093
83.5,2744.35,155.161,9950.53,1.12281,11.9266,0,0.458093
83.5167,2743.73,155.14,9951.3,1.12278,11.9296,0,0.458093
83.5333,2743.11,155.119,9952.06,1.12276,11.9325,0,0.458093
83.55,2742.49,155.098,9952.82,1.12273,11.9354,0,0.458093
83.5667,2741.87,155.077,9953.58,1.12271,11.9384,0,0.458093
83.5833,2741.25,155.056,9954.34,1.12268,11.9413,0,0.458093
83.6,2740.63,155.035,9955.1,1.12266,11.9442,0,0.458093
83.6167,2740,155.014,9955.87,1.12263,11.9472,0,0.458093
83.6333,2739.38,154.993,9956.63,1.12261,11.9501,0,0.458093
83.65,2738.76,154.972,9957.39,1.12259,11.9531,0,0.458093
83.6667,2738.13,154.951,9958.15,1.12256,11.956,0,0.458093
83.6833,2737.51,154.93,9958.91,1.12254,11.959,0,0.458093
83.7,2736.88,154.909,9959.67,1.12251,11.9619,0,0.458093
83.7167,2736.25,154.888,9960.43,1.12249,11.9649,0,0.458093
83.7333,2735.63,154.866,9961.19,1.12246,11.9679,0,0.458093
83.75,2735,154.845,9961.95,1.12244,11.9708,0,0.458093
83.7667,2734.37,154.824,9962.71,1.12241,11.9738,0,0.458093
83.7833,2733.74,154.803,9963.47,1.12239,11.9768,0,0.458093
83.8,2733.12,154.782,9964.23,1.12237,11.9797,0,0.458093
83.8167,2732.49,154.761,9964.99,1.12234,11.9827,0,0.458093
83.8333,2731.86,154.74,9965.74,1.12232,11.9857,0,0.458093
83.85,2731.23,154.719,9966.5,1.12229,11.9886,0,0.458093
83.8667,2730.6,154.697,9967.26,1.12227,11.9916,0,0.458093
83.8833,2729.96,154.676,9968.02,1.12224,11.9946,0,0.458093
83.9,2729.33,154.655,9968.78,1.12222,11.9976,0,0.458093
83.9167,2728.7,154.634,9969.54,1.1222,12.0006,0,0.458093
83.9333,2728.07,154.613,9970.29,1.12217,12.0035,0,0.458093
83.95,2727.43,154.592,9971.05,1.12215,12.0065,0,0.458093
83.9667,2726.8,154.571,9971.81,1.12212,12.0095,0,0.458093
83.9833,2726.17,154.549,9972.57,1.1221,12.0125,0,0.458093
84,2725.53,154.528,9973.32,1.12207,12.0155,0,0.458093
84.0167,2724.9,154.507,9974.08,1.12205,12.0185,0,0.458093
84.0333,2724.26,154.486,9974.84,1.12202,12.0215,0,0.458093
84.05,2723.62,154.465,9975.59,1.122,12.0245,0,0.458093
84.0667,2722.99,154.443,9976.35,1.12198,12.0275,0,0.458093
84.0833,2722.35,154.422,9977.11,1.12195,12.0305,0,0.458093
84.1,2721.71,154.401,9977.86,1.12193,12.0335,0,0.458093
84.1167,2721.07,154.38,9978.62,1.1219,12.0365,0,0.458093
84.1333,2720.44,154.358,9979.38,1.12188,12.0395,0,0.458093
84.15,2719.8,154.337,9980.13,1.12185,12.0425,0,0.458093
84.1667,2719.16,154.316,9980.89,1.12183,12.0455,0,0.458093
84.1833,2718.52,154.295,9981.64,1.12181,12.0486,0,0.458093
84.2,2717.87,154.273,9982.4,1.12178,12.0516,0,0.458093
84.2167,2717.23,154.252,9983.15,1.12176,12.0546,0,0.458093
84.2333,2716.59,154.231,9983.91,1.12173,12.0576,0,0.458093
84.25,2715.95,154.21,9984.66,1.12171,12.0606,0,0.458093
84.2667,2715.31,154.188,9985.41,1.12169,12.0637,0,0.458093
84.2833,2714.66,154.167,9986.17,1.12166,12.0667,0,0.458093
84.3,2714.02,154.146,9986.92,1.12164,12.0697,0,0.458093
84.3167,2713.37,154.124,9987.68,1.12161,12.0728,0,0.458093
84.3333,2712.73,154.103,9988.43,1.12159,12.0758,0,0.458093
84.35,2712.08,154.082,9989.18,1.12156,12.0788,0,0.458093
84.3667,2711.44,154.06,9989.94,1.12154,12.0819,0,0.458093
84.3833,2710.79,154.039,9990.69,1.12152,12.0849,0,0.458093
84.4,2710.15,154.018,9991.44,1.12149,12.088,0,0.458093
84.4167,2709.5,153.996,9992.2,1.12147,12.091,0,0.458093
84.4333,2708.85,153.975,9992.95,1.12144,12.0941,0,0.458093
84.45,2708.2,153.954,9993.7,1.12142,12.0971,0,0.458093
84.4667,2707.55,153.932,9994.45,1.1214,12.1002,0,0.458093
84.4833,2706.9,153.911,9995.2,1.12137,12.1032,0,0.458093
84.5,2706.25,153.89,9995.96,1.12135,12.1063,0,0.458093
84.5167,2705.6,153.868,9996.71,1.12132,12.1093,0,0.458093
84.5333,2704.95,153.847,9997.46,1.1213,12.1124,0,0.458093
84.55,2704.3,153.826,9998.21,1.12127,12.1154,0,0.458093
84.5667,2703.65,153.804,9998.96,1.12125,12.1185,0,0.458093
84.5833,2703,153.783,9999.71,1.12123,12.1216,0,0.458093
84.6,2702.34,153.761,10000.5,1.1212,12.1246,0,0.458093
84.6167,2701.69,153.74,10001.2,1.12118,12.1277,0,0.458093
84.6333,2701.04,153.719,10002,1.12116,12.1308,0,0.458093
84.65,2700.38,153.697,10002.7,1.12113,12.1339,0,0.458093
84.6667,2699.73,153.676,10003.5,1.12111,12.1369,0,0.458093
84.6833,2699.07,153.654,10004.2,1.12109,12.14,0,0.458093
84.7,2698.42,153.633,10005,1.12107,12.1431,0,0.458093
84.7167,2697.76,153.612,10005.7,1.12104,12.1462,0,0.458093
84.7333,2697.11,153.59,10006.5,1.12102,12.1493,0,0.458093
84.75,2696.45,153.569,10007.2,1.121,12.1523,0,0.458093
84.7667,2695.79,153.547,10008,1.12097,12.1554,0,0.458093
84.7833,2695.14,153.526,10008.7,1.12095,12.1585,0,0.458093
84.8,2694.48,153.504,10009.5,1.12093,12.1616,0,0.458093
84.8167,2693.82,153.483,10010.2,1.12091,12.1647,0,0.458093
84.8333,2693.16,153.461,10011,1.12088,12.1678,0,0.458093
84.85,2692.5,153.44,10011.7,1.12086,12.1709,0,0.458093
84.8667,2691.85,153.418,10012.5,1.12084,12.174,0,0.458093
84.8833,2691.19,153.397,10013.2,1.12081,12.1771,0,0.458093
84.9,2690.53,153.376,10013.9,1.12079,12.1802,0,0.458093
84.9167,2689.87,153.354,10014.7,1.12077,12.1833,0,0.458093
84.9333,2689.21,153.333,10015.4,1.12075,12.1864,0,0.458093
84.95,2688.54,153.311,10016.2,1.12072,12.1895,0,0.458093
84.9667,2687.88,153.29,10016.9,1.1207,12.1926,0,0.458093
84.9833,2687.22,153.268,10017.7,1.12068,12.1957,0,0.458093
85,2686.56,153.247,10018.4,1.12066,12.1989,0,0.458093
85.0167,2685.9,153.225,10019.2,1.12063,12.202,0,0.458093
85.0333,2685.23,153.204,10019.9,1.12061,12.2051,0,0.458093
85.05,2684.57,153.182,10020.7,1.12059,12.2082,0,0.458093
85.0667,2683.91,153.161,10021.4,1.12056,12.2113,0,0.458093
85.0833,2683.24,153.139,10022.2,1.12054,12.2145,0,0.458093
85.1,2682.58,153.118,10022.9,1.12052,12.2176,0,0.458093
85.1167,2681.92,153.096,10023.6,1.1205,12.2207,0,0.458093
85.1333,2681.25,153.075,10024.4,1.12047,12.2238,0,0.458093
85.15,2680.59,153.053,10025.1,1.12045,12.227,0,0.458093
85.1667,2679.92,153.031,10025.9,1.12043,12.2301,0,0.458093
85.1833,2679.25,153.01,10026.6,1.12041,12.2332,0,0.458093
85.2,2678.59,152.988,10027.4,1.12038,12.2364,0,0.458093
85.2167,2677.92,152.967,10028.1,1.12036,12.2395,0,0.458093
85.2333,2677.25,152.945,10028.9,1.12034,12.2427,0,0.458093
85.25,2676.59,152.924,10029.6,1.12032,12.2458,0,0.458093
85.2667,2675.92,152.902,10030.3,1.12029,12.249,0,0.458093
85.2833,2675.25,152.881,10031.1,1.12027,12.2521,0,0.458093
85.3,2674.58,152.859,10031.8,1.12025,12.2552,0,0.458093
85.3167,2673.91,152.837,10032.6,1.12023,12.2584,0,0.458093
85.3333,2673.25,152.816,10033.3,1.1202,12.2616,0,0.458093
85.35,2672.58,152.794,10034.1,1.12018,12.2647,0,0.458093
85.3667,2671.91,152.773,10034.8,1.12016,12.2679,0,0.458093
85.3833,2671.24,152.751,10035.5,1.12014,12.271,0,0.458093
85.4,2670.56,152.729,10036.3,1.12011,12.2742,0,0.458093
85.4167,2669.89,152.708,10037,1.12009,12.2773,0,0.458093
85.4333,2669.22,152.686,10037.8,1.12007,12.2805,0,0.458093
85.45,2668.55,152.665,10038.5,1.12005,12.2837,0,0.458093
85.4667,2667.88,152.643,10039.2,1.12002,12.2868,0,0.458093
85.4833,2667.21,152.621,10040,1.12,12.29,0,0.458093
85.5,2666.53,152.6,10040.7,1.11998,12.2932,0,0.458093
85.5167,2665.86,152.578,10041.5,1.11996,12.2964,0,0.458093
85.5333,2665.19,152.557,10042.2,1.11993,12.2995,0,0.458093
85.55,2664.51,152.535,10043,1.11991,12.3027,0,0.458093
85.5667,2663.84,152.513,10043.7,1.11989,12.3059,0,0.458093
85.5833,2663.17,152.492,10044.4,1.11987,12.3091,0,0.458093
85.6,2662.49,152.47,10045.2,1.11984,12.3123,0,0.458093
85.6167,2661.82,152.448,10045.9,1.11982,12.3155,0,0.458093
85.6333,2661.14,152.427,10046.7,1.1198,12.3186,0,0.458093
85.65,2660.46,152.405,10047.4,1.11978,12.3218,0,0.458093
85.6667,2659.79,152.383,10048.1,1.11975,12.325,0,0.458093
85.6833,2659.11,152.362,10048.9,1.11973,12.3282,0,0.458093
85.7,2658.43,152.34,10049.6,1.11971,12.3314,0,0.458093
85.7167,2657.76,152.318,10050.3,1.11969,12.3346,0,0.458093
85.7333,2657.08,152.297,10051.1,1.11967,12.3378,0,0.458093
85.75,2656.4,152.275,10051.8,1.11964,12.341,0,0.458093
85.7667,2655.72,152.253,10052.6,1.11962,12.3442,0,0.458093
85.7833,2655.05,152.232,10053.3,1.1196,12.3474,0,0.458093
85.8,2654.37,152.21,10054,1.11958,12.3506,0,0.458093
85.8167,2653.69,152.188,10054.8,1.11955,12.3538,0,0.458093
85.8333,2653.01,152.167,10055.5,1.11953,12.357,0,0.458093
85.85,2652.33,152.145,10056.2,1.11951,12.3603,0,0.458093
85.8667,2651.65,152.123,10057,1.11949,12.3635,0,0.458093
85.8833,2650.97,152.102,10057.7,1.11946,12.3667,0,0.458093
85.9,2650.29,152.08,10058.5,1.11944,12.3699,0,0.458093
85.9167,2649.6,152.058,10059.2,1.11942,12.3731,0,0.458093
85.9333,2648.92,152.036,10059.9,1.1194,12.3764,0,0.458093
85.95,2648.24,152.015,10060.7,1.11938,12.3796,0,0.458093
85.9667,2647.56,151.993,10061.4,1.11935,12.3828,0,0.458093
85.9833,2646.88,151.971,10062.1,1.11933,12.386,0,0.458093
86,2646.19,151.95,10062.9,1.11931,12.3893,0,0.458093
86.0167,2645.51,151.928,10063.6,1.11929,12.3925,0,0.458093
86.0333,2644.83,151.906,10064.3,1.11927,12.3957,0,0.458093
86.05,2644.14,151.884,10065.1,1.11924,12.399,0,0.458093
86.0667,2643.46,151.863,10065.8,1.11922,12.4022,0,0.458093
86.0833,2642.77,151.841,10066.5,1.1192,12.4055,0,0.458093
86.1,2642.09,151.819,10067.3,1.11918,12.4087,0,0.458093
86.1167,2641.4,151.797,10068,1.11915,12.4119,0,0.458093
86.1333,2640.72,151.775,10068.7,1.11913,12.4152,0,0.458093
86.15,2640.03,151.754,10069.5,1.11911,12.4184,0,0.458093
86.1667,2639.34,151.732,10070.2,1.11909,12.4217,0,0.458093
86.1833,2638.66,151.71,10070.9,1.11907,12.4249,0,0.458093
86.2,2637.97,151.688,10071.7,1.11904,12.4282,0,0.458093
86.2167,2637.28,151.667,10072.4,1.11902,12.4315,0,0.458093
86.2333,2636.59,151.645,10073.1,1.119,12.4347,0,0.458093
86.25,2635.91,151.623,10073.9,1.11898,12.438,0,0.458093
86.2667,2635.22,151.601,10074.6,1.11896,12.4412,0,0.458093
86.2833,2634.53,151.579,10075.3,1.11893,12.4445,0,0.458093
86.3,2633.84,151.558,10076.1,1.11891,12.4478,0,0.458093
86.3167,2633.15,151.536,10076.8,1.11889,12.451,0,0.458093
86.3333,2632.46,151.514,10077.5,1.11887,12.4543,0,0.458093
86.35,2631.77,151.492,10078.3,1.11885,12.4576,0,0.458093
86.3667,2631.08,151.47,10079,1.11883,12.4609,0,0.458093
86.3833,2630.39,151.449,10079.7,1.1188,12.4641,0,0.458093
86.4,2629.7,151.427,10080.5,1.11878,12.4674,0,0.458093
86.4167,2629.01,151.405,10081.2,1.11876,12.4707,0,0.458093
86.4333,2628.31,151.383,10081.9,1.11874,12.474,0,0.458093
86.45,2627.62,151.361,10082.6,1.11872,12.4773,0,0.458093
86.4667,2626.93,151.339,10083.4,1.11869,12.4805,0,0.458093
86.4833,2626.24,151.318,10084.1,1.11867,12.4838,0,0.458093
86.5,2625.54,151.296,10084.8,1.11865,12.4871,0,0.458093
86.5167,2624.85,151.274,10085.6,1.11863,12.4904,0,0.458093
86.5333,2624.16,151.252,10086.3,1.11861,12.4937,0,0.458093
86.55,2623.46,151.23,10087,1.11858,12.497,0,0.458093
86.5667,2622.77,151.208,10087.7,1.11856,12.5003,0,0.458093
86.5833,2622.07,151.186,10088.5,1.11854,12.5036,0,0.458093
86.6,2621.38,151.165,10089.2,1.11852,12.5069,0,0.458093
86.6167,2620.68,151.143,10089.9,1.1185,12.5102,0,0.458093
86.6333,2619.99,151.121,10090.7,1.11848,12.5135,0,0.458093
86.65,2619.29,151.099,10091.4,1.11845,12.5168,0,0.458093
86.6667,2618.59,151.077,10092.1,1.11843,12.5201,0,0.458093
86.6833,2617.9,151.055,10092.8,1.11841,12.5235,0,0.458093
86.7,2617.2,151.033,10093.6,1.11839,12.5268,0,0.458093
86.7167,2616.5,151.011,10094.3,1.11837,12.5301,0,0.458093
86.7333,2615.8,150.989,10095,1.11835,12.5334,0,0.458093
86.75,2615.11,150.968,10095.7,1.11832,12.5367,0,0.458093
86.7667,2614.41,150.946,10096.5,1.1183,12.5401,0,0.458093
86.7833,2613.71,150.924,10097.2,1.11828,12.5434,0,0.458093
86.8,2613.01,150.902,10097.9,1.11826,12.5467,0,0.458093
86.8167,2612.31,150.88,10098.7,1.11824,12.55,0,0.458093
86.8333,2611.61,150.858,10099.4,1.11822,12.5534,0,0.458093
86.85,2610.91,150.836,10100.1,1.11819,12.5567,0,0.458093
86.8667,2610.21,150.814,10100.8,1.11817,12.56,0,0.458093
86.8833,2609.51,150.792,10101.6,1.11815,12.5634,0,0.458093
86.9,2608.81,150.77,10102.3,1.11813,12.5667,0,0.458093
86.9167,2608.11,150.748,10103,1.11811,12.57,0,0.458093
86.9333,2607.4,150.726,10103.7,1.11809,12.5734,0,0.458093
86.95,2606.7,150.704,10104.5,1.11806,12.5767,0,0.458093
86.9667,2606,150.682,10105.2,1.11804,12.5801,0,0.458093
86.9833,2605.3,150.661,10105.9,1.11802,12.5834,0,0.458093
87,2604.59,150.639,10106.6,1.118,12.5868,0,0.458093
87.0167,2603.89,150.617,10107.3,1.11798,12.5901,0,0.458093
87.0333,2603.19,150.595,10108.1,1.11796,12.5935,0,0.458093
87.05,2602.48,150.573,10108.8,1.11793,12.5968,0,0.458093
87.0667,2601.78,150.551,10109.5,1.11791,12.6002,0,0.458093
87.0833,2601.07,150.529,10110.2,1.11789,12.6036,0,0.458093
87.1,2600.37,150.507,10111,1.11787,12.6069,0,0.458093
87.1167,2599.66,150.485,10111.7,1.11785,12.6103,0,0.458093
87.1333,2598.96,150.463,10112.4,1.11783,12.6137,0,0.458093
87.15,2598.25,150.441,10113.1,1.11781,12.617,0,0.458093
87.1667,2597.55,150.419,10113.8,1.11778,12.6204,0,0.458093
87.1833,2596.84,150.397,10114.6,1.11776,12.6238,0,0.458093
87.2,2596.13,150.375,10115.3,1.11774,12.6272,0,0.458093
87.2167,2595.43,150.353,10116,1.11772,12.6305,0,0.458093
87.2333,2594.72,150.331,10116.7,1.1177,12.6339,0,0.458093
87.25,2594.01,150.309,10117.5,1.11768,12.6373,0,0.458093
87.2667,2593.3,150.287,10118.2,1.11766,12.6407,0,0.458093
87.2833,2592.59,150.265,10118.9,1.11764,12.6441,0,0.458093
87.3,2591.88,150.243,10119.6,1.11761,12.6475,0,0.458093
87.3167,2591.18,150.221,10120.3,1.11759,12.6508,0,0.458093
87.3333,2590.47,150.199,10121.1,1.11757,12.6542,0,0.458093
87.35,2589.76,150.177,10121.8,1.11755,12.6576,0,0.458093
87.3667,2589.05,150.155,10122.5,1.11753,12.661,0,0.458093
87.3833,2588.34,150.133,10123.2,1.11751,12.6644,0,0.458093
87.4,2587.62,150.111,10123.9,1.11749,12.6678,0,0.458093
87.4167,2586.91,150.088,10124.6,1.11746,12.6712,0,0.458093
87.4333,2586.2,150.066,10125.4,1.11744,12.6746,0,0.458093
87.45,2585.49,150.044,10126.1,1.11742,12.678,0,0.458093
87.4667,2584.78,150.022,10126.8,1.1174,12.6814,0,0.458093
87.4833,2584.07,150,10127.5,1.11738,12.6849,0,0.458093
87.5,2583.35,149.978,10128.2,1.11736,12.6883,0,0.458093
87.5167,2582.64,149.956,10129,1.11734,12.6917,0,0.458093
87.5333,2581.93,149.934,10129.7,1.11732,12.6951,0,0.458093
87.55,2581.21,149.912,10130.4,1.1173,12.6985,0,0.458093
87.5667,2580.5,149.89,10131.1,1.11727,12.7019,0,0.458093
87.5833,2579.79,149.868,10131.8,1.11725,12.7054,0,0.458093
87.6,2579.07,149.846,10132.5,1.11723,12.7088,0,0.458093
87.6167,2578.36,149.824,10133.3,1.11721,12.7122,0,0.458093
87.6333,2577.64,149.802,10134,1.11719,12.7156,0,0.458093
87.65,2576.93,149.779,10134.7,1.11717,12.7191,0,0.458093
87.6667,2576.21,149.757,10135.4,1.11715,12.7225,0,0.458093
87.6833,2575.49,149.735,10136.1,1.11713,12.7259,0,0.458093
87.7,2574.78,149.713,10136.8,1.11711,12.7294,0,0.458093
87.7167,2574.06,149.691,10137.6,1.11708,12.7328,0,0.458093
87.7333,2573.34,149.669,10138.3,1.11706,12.7363,0,0.458093
87.75,2572.63,149.647,10139,1.11704,12.7397,0,0.458093
87.7667,2571.91,149.625,10139.7,1.11702,12.7431,0,0.458093
87.7833,2571.19,149.603,10140.4,1.117,12.7466,0,0.458093
87.8,2570.47,149.58,10141.1,1.11698,12.75,0,0.458093
87.8167,2569.75,149.558,10141.8,1.11696,12.7535,0,0.458093
87.8333,2569.04,149.536,10142.6,1.11694,12.757,0,0.458093
87.85,2568.32,149.514,10143.3,1.11692,12.7604,0,0.458093
87.8667,2567.6,149.492,10144,1.1169,12.7639,0,0.458093
87.8833,2566.88,149.47,10144.7,1.11687,12.7673,0,0.458093
87.9,2566.16,149.448,10145.4,1.11685,12.7708,0,0.458093
87.9167,2565.44,149.425,10146.1,1.11683,12.7743,0,0.458093
87.9333,2564.72,149.403,10146.8,1.11681,12.7777,0,0.458093
87.95,2563.99,149.381,10147.5,1.11679,12.7812,0,0.458093
87.9667,2563.27,149.359,10148.3,1.11677,12.7847,0,0.458093
87.9833,2562.55,149.337,10149,1.11675,12.7881,0,0.458093
88,2561.83,149.315,10149.7,1.11673,12.7916,0,0.458093
88.0167,2561.11,149.293,10150.4,1.11671,12.7951,0,0.458093
88.0333,2560.39,149.27,10151.1,1.11669,12.7986,0,0.458093
88.05,2559.66,149.248,10151.8,1.11667,12.802,0,0.458093
88.0667,2558.94,149.226,10152.5,1.11664,12.8055,0,0.458093
88.0833,2558.22,149.204,10153.2,1.11662,12.809,0,0.458093
88.1,2557.49,149.182,10153.9,1.1166,12.8125,0,0.458093
88.1167,2556.77,149.159,10154.7,1.11658,12.816,0,0.458093
88.1333,2556.04,149.137,10155.4,1.11656,12.8195,0,0.458093
88.15,2555.32,149.115,10156.1,1.11654,12.823,0,0.458093
88.1667,2554.59,149.093,10156.8,1.11652,12.8265,0,0.458093
88.1833,2553.87,149.071,10157.5,1.1165,12.83,0,0.458093
88.2,2553.14,149.048,10158.2,1.11648,12.8335,0,0.458093
88.2167,2552.42,149.026,10158.9,1.11646,12.837,0,0.458093
88.2333,2551.69,149.004,10159.6,1.11644,12.8405,0,0.458093
88.25,2550.96,148.982,10160.3,1.11642,12.844,0,0.458093
88.2667,2550.24,148.96,10161,1.1164,12.8475,0,0.458093
88.2833,2549.51,148.937,10161.7,1.11638,12.851,0,0.458093
88.3,2548.78,148.915,10162.5,1.11635,12.8545,0,0.458093
88.3167,2548.06,148.893,10163.2,1.11633,12.858,0,0.458093
88.3333,2547.33,148.871,10163.9,1.11631,12.8615,0,0.458093
88.35,2546.6,148.848,10164.6,1.11629,12.8651,0,0.458093
88.3667,2545.87,148.826,10165.3,1.11627,12.8686,0,0.458093
88.3833,2545.14,148.804,10166,1.11625,12.8721,0,0.458093
88.4,2544.41,148.782,10166.7,1.11623,12.8756,0,0.458093
88.4167,2543.68,148.759,10167.4,1.11621,12.8792,0,0.458093
88.4333,2542.95,148.737,10168.1,1.11619,12.8827,0,0.458093
88.45,2542.22,148.715,10168.8,1.11617,12.8862,0,0.458093
88.4667,2541.49,148.693,10169.5,1.11615,12.8897,0,0.458093
88.4833,2540.76,148.67,10170.2,1.11613,12.8933,0,0.458093
88.5,2540.03,148.648,10170.9,1.11611,12.8968,0,0.458093
88.5167,2539.3,148.626,10171.6,1.11609,12.9004,0,0.458093
88.5333,2538.57,148.604,10172.3,1.11607,12.9039,0,0.458093
88.55,2537.84,148.581,10173.1,1.11605,12.9074,0,0.458093
88.5667,2537.1,148.559,10173.8,1.11603,12.911,0,0.458093
88.5833,2536.37,148.537,10174.5,1.11601,12.9145,0,0.458093
88.6,2535.64,148.515,10175.2,1.11599,12.9181,0,0.458093
88.6167,2534.91,148.492,10175.9,1.11596,12.9216,0,0.458093
88.6333,2534.17,148.47,10176.6,1.11594,12.9252,0,0.458093
88.65,2533.44,148.448,10177.3,1.11592,12.9288,0,0.458093
88.6667,2532.71,148.425,10178,1.1159,12.9323,0,0.458093
88.6833,2531.97,148.403,10178.7,1.11588,12.9359,0,0.458093
88.7,2531.24,148.381,10179.4,1.11586,12.9394,0,0.458093
88.7167,2530.5,148.358,10180.1,1.11584,12.943,0,0.458093
88.7333,2529.77,148.336,10180.8,1.11582,12.9466,0,0.458093
88.75,2529.03,148.314,10181.5,1.1158,12.9501,0,0.458093
88.7667,2528.3,148.292,10182.2,1.11578,12.9537,0,0.458093
88.7833,2527.56,148.269,10182.9,1.11576,12.9573,0,0.458093
88.8,2526.82,148.247,10183.6,1.11574,12.9609,0,0.458093
88.8167,2526.09,148.225,10184.3,1.11572,12.9644,0,0.458093
88.8333,2525.35,148.202,10185,1.1157,12.968,0,0.458093
88.85,2524.61,148.18,10185.7,1.11568,12.9716,0,0.458093
88.8667,2523.88,148.158,10186.4,1.11566,12.9752,0,0.458093
88.8833,2523.14,148.135,10187.1,1.11564,12.9788,0,0.458093
88.9,2522.4,148.113,10187.8,1.11562,12.9824,0,0.458093
88.9167,2521.66,148.091,10188.5,1.1156,12.986,0,0.458093
88.9333,2520.92,148.068,10189.2,1.11558,12.9896,0,0.458093
88.95,2520.18,148.046,10189.9,1.11556,12.9931,0,0.458093
88.9667,2519.45,148.024,10190.6,1.11554,12.9967,0,0.458093
88.9833,2518.71,148.001,10191.3,1.11552,13.0003,0,0.458093
89,2517.97,147.979,10192,1.1155,13.0039,0,0.458093
89.0167,2517.23,147.956,10192.7,1.11548,13.0076,0,0.458093
89.0333,2516.49,147.934,10193.4,1.11546,13.0112,0,0.458093
89.05,2515.75,147.912,10194.1,1.11544,13.0148,0,0.458093
89.0667,2515.01,147.889,10194.8,1.11542,13.0184,0,0.458093
89.0833,2514.26,147.867,10195.5,1.1154,13.022,0,0.458093
89.1,2513.52,147.845,10196.2,1.11538,13.0256,0,0.458093
89.1167,2512.78,147.822,10196.9,1.11536,13.0292,0,0.458093
89.1333,2512.04,147.8,10197.6,1.11534,13.0328,0,0.458093
89.15,2511.3,147.777,10198.3,1.11532,13.0365,0,0.458093
89.1667,2510.55,147.755,10199,1.1153,13.0401,0,0.458093
89.1833,2509.81,147.733,10199.7,1.11528,13.0437,0,0.458093
89.2,2509.07,147.71,10200.4,1.11526,13.0473,0,0.458093
89.2167,2508.32,147.688,10201.1,1.11524,13.051,0,0.458093
89.2333,2507.58,147.665,10201.8,1.11522,13.0546,0,0.458093
89.25,2506.84,147.643,10202.5,1.1152,13.0582,0,0.458093
89.2667,2506.09,147.621,10203.2,1.11518,13.0619,0,0.458093
89.2833,2505.35,147.598,10203.9,1.11516,13.0655,0,0.458093
89.3,2504.6,147.576,10204.6,1.11514,13.0692,0,0.458093
89.3167,2503.86,147.553,10205.3,1.11512,13.0728,0,0.458093
89.3333,2503.11,147.531,10206,1.1151,13.0764,0,0.458093
89.35,2502.37,147.509,10206.7,1.11508,13.0801,0,0.458093
89.3667,2501.62,147.486,10207.3,1.11506,13.0837,0,0.458093
89.3833,2500.88,147.464,10208,1.11504,13.0874,0,0.458093
89.4,2500.13,147.441,10208.7,1.11502,13.091,0,0.458093
89.4167,2499.38,147.419,10209.4,1.115,13.0947,0,0.458093
89.4333,2498.64,147.396,10210.1,1.11498,13.0984,0,0.458093
89.45,2497.89,147.374,10210.8,1.11496,13.102,0,0.458093
89.4667,2497.14,147.352,10211.5,1.11494,13.1057,0,0.458093
89.4833,2496.39,147.329,10212.2,1.11492,13.1093,0,0.458093
89.5,2495.64,147.307,10212.9,1.1149,13.113,0,0.458093
89.5167,2494.9,147.284,10213.6,1.11488,13.1167,0,0.458093
89.5333,2494.15,147.262,10214.3,1.11486,13.1204,0,0.458093
89.55,2493.4,147.239,10215,1.11484,13.124,0,0.458093
89.5667,2492.65,147.217,10215.7,1.11482,13.1277,0,0.458093
89.5833,2491.9,147.194,10216.4,1.1148,13.1314,0,0.458093
89.6,2491.15,147.172,10217.1,1.11478,13.1351,0,0.458093
89.6167,2490.4,147.149,10217.7,1.11476,13.1387,0,0.458093
89.6333,2489.65,147.127,10218.4,1.11474,13.1424,0,0.458093
89.65,2488.9,147.104,10219.1,1.11472,13.1461,0,0.458093
89.6667,2488.15,147.082,10219.8,1.1147,13.1498,0,0.458093
89.6833,2487.4,147.059,10220.5,1.11468,13.1535,0,0.458093
89.7,2486.65,147.037,10221.2,1.11466,13.1572,0,0.458093
89.7167,2485.89,147.014,10221.9,1.11464,13.1609,0,0.458093
89.7333,2485.14,146.992,10222.6,1.11463,13.1646,0,0.458093
89.75,2484.39,146.97,10223.3,1.11461,13.1683,0,0.458093
89.7667,2483.64,146.947,10224,1.11459,13.172,0,0.458093
89.7833,2482.89,146.925,10224.7,1.11457,13.1757,0,0.458093
89.8,2482.13,146.902,10225.3,1.11455,13.1794,0,0.458093
89.8167,2481.38,146.879,10226,1.11453,13.1831,0,0.458093
89.8333,2480.63,146.857,10226.7,1.11451,13.1868,0,0.458093
89.85,2479.87,146.834,10227.4,1.11449,13.1905,0,0.458093
89.8667,2479.12,146.812,10228.1,1.11447,13.1942,0,0.458093
89.8833,2478.36,146.789,10228.8,1.11445,13.198,0,0.458093
89.9,2477.61,146.767,10229.5,1.11443,13.2017,0,0.458093
89.9167,2476.85,146.744,10230.2,1.11441,13.2054,0,0.458093
89.9333,2476.1,146.722,10230.9,1.11439,13.2091,0,0.458093
89.95,2475.34,146.699,10231.5,1.11437,13.2128,0,0.458093
89.9667,2474.59,146.677,10232.2,1.11435,13.2166,0,0.458093
89.9833,2473.83,146.654,10232.9,1.11433,13.2203,0,0.458093
90,2473.08,146.632,10233.6,1.11431,13.224,0,0.458093
90.0167,2472.32,146.609,10234.3,1.11429,13.2278,0,0.458093
90.0333,2471.56,146.587,10235,1.11428,13.2315,0,0.458093
90.05,2470.8,146.564,10235.7,1.11426,13.2352,0,0.458093
90.0667,2470.05,146.542,10236.3,1.11424,13.239,0,0.458093
90.0833,2469.29,146.519,10237,1.11422,13.2427,0,0.458093
90.1,2468.53,146.496,10237.7,1.1142,13.2465,0,0.458093
90.1167,2467.77,146.474,10238.4,1.11418,13.2502,0,0.458093
90.1333,2467.02,146.451,10239.1,1.11416,13.254,0,0.458093
90.15,2466.26,146.429,10239.8,1.11414,13.2577,0,0.458093
90.1667,2465.5,146.406,10240.5,1.11412,13.2615,0,0.458093
90.1833,2464.74,146.384,10241.1,1.1141,13.2652,0,0.458093
90.2,2463.98,146.361,10241.8,1.11408,13.269,0,0.458093
90.2167,2463.22,146.338,10242.5,1.11406,13.2728,0,0.458093
90.2333,2462.46,146.316,10243.2,1.11404,13.2765,0,0.458093
90.25,2461.7,146.293,10243.9,1.11403,13.2803,0,0.458093
90.2667,2460.94,146.271,10244.6,1.11401,13.2841,0,0.458093
90.2833,2460.18,146.248,10245.3,1.11399,13.2878,0,0.458093
90.3,2459.42,146.226,10245.9,1.11397,13.2916,0,0.458093
90.3167,2458.66,146.203,10246.6,1.11395,13.2954,0,0.458093
90.3333,2457.9,146.18,10247.3,1.11393,13.2992,0,0.458093
90.35,2457.13,146.158,10248,1.11391,13.3029,0,0.458093
90.3667,2456.37,146.135,10248.7,1.11389,13.3067,0,0.458093
90.3833,2455.61,146.113,10249.3,1.11387,13.3105,0,0.458093
90.4,2454.85,146.09,10250,1.11385,13.3143,0,0.458093
90.4167,2454.08,146.067,10250.7,1.11383,13.3181,0,0.458093
90.4333,2453.32,146.045,10251.4,1.11382,13.3219,0,0.458093
90.45,2452.56,146.022,10252.1,1.1138,13.3257,0,0.458093
90.4667,2451.79,146,10252.8,1.11378,13.3295,0,0.458093
90.4833,2451.03,145.977,10253.4,1.11376,13.3333,0,0.458093
90.5,2450.27,145.954,10254.1,1.11374,13.3371,0,0.458093
90.5167,2449.5,145.932,10254.8,1.11372,13.3409,0,0.458093
90.5333,2448.74,145.909,10255.5,1.1137,13.3447,0,0.458093
90.55,2447.97,145.886,10256.2,1.11368,13.3485,0,0.458093
90.5667,2447.21,145.864,10256.8,1.11366,13.3523,0,0.458093
90.5833,2446.44,145.841,10257.5,1.11365,13.3561,0,0.458093
90.6,2445.68,145.819,10258.2,1.11363,13.3599,0,0.458093
90.6167,2444.91,145.796,10258.9,1.11361,13.3637,0,0.458093
90.6333,2444.14,145.773,10259.6,1.11359,13.3675,0,0.458093
90.65,2443.38,145.751,10260.2,1.11357,13.3714,0,0.458093
90.6667,2442.61,145.728,10260.9,1.11355,13.3752,0,0.458093
90.6833,2441.85,145.705,10261.6,1.11353,13.379,0,0.458093
90.7,2441.08,145.683,10262.3,1.11351,13.3828,0,0.458093
90.7167,2440.31,145.66,10262.9,1.11349,13.3867,0,0.458093
90.7333,2439.54,145.637,10263.6,1.11348,13.3905,0,0.458093
90.75,2438.78,145.615,10264.3,1.11346,13.3943,0,0.458093
90.7667,2438.01,145.592,10265,1.11344,13.3982,0,0.458093
90.7833,2437.24,145.569,10265.7,1.11342,13.402,0,0.458093
90.8,2436.47,145.547,10266.3,1.1134,13.4058,0,0.458093
90.8167,2435.7,145.524,10267,1.11338,13.4097,0,0.458093
90.8333,2434.93,145.501,10267.7,1.11336,13.4135,0,0.458093
90.85,2434.16,145.479,10268.4,1.11334,13.4174,0,0.458093
90.8667,2433.39,145.456,10269,1.11333,13.4212,0,0.458093
90.8833,2432.62,145.433,10269.7,1.11331,13.4251,0,0.458093
90.9,2431.85,145.411,10270.4,1.11329,13.4289,0,0.458093
90.9167,2431.08,145.388,10271.1,1.11327,13.4328,0,0.458093
90.9333,2430.31,145.365,10271.7,1.11325,13.4366,0,0.458093
90.95,2429.54,145.342,10272.4,1.11323,13.4405,0,0.458093
90.9667,2428.77,145.32,10273.1,1.11321,13.4444,0,0.458093
90.9833,2428,145.297,10273.8,1.1132,13.4482,0,0.458093
91,2427.23,145.274,10274.4,1.11318,13.4521,0,0.458093
91.0167,2426.46,145.252,10275.1,1.11316,13.456,0,0.458093
91.0333,2425.68,145.229,10275.8,1.11314,13.4598,0,0.458093
91.05,2424.91,145.206,10276.5,1.11312,13.4637,0,0.458093
91.0667,2424.14,145.184,10277.1,1.1131,13.4676,0,0.458093
91.0833,2423.37,145.161,10277.8,1.11309,13.4715,0,0.458093
91.1,2422.59,145.138,10278.5,1.11307,13.4753,0,0.458093
91.1167,2421.82,145.115,10279.2,1.11305,13.4792,0,0.458093
91.1333,2421.05,145.093,10279.8,1.11303,13.4831,0,0.458093
91.15,2420.27,145.07,10280.5,1.11301,13.487,0,0.458093
91.1667,2419.5,145.047,10281.2,1.11299,13.4909,0,0.458093
91.1833,2418.73,145.025,10281.8,1.11297,13.4948,0,0.458093
91.2,2417.95,145.002,10282.5,1.11296,13.4987,0,0.458093
91.2167,2417.18,144.979,10283.2,1.11294,13.5026,0,0.458093
91.2333,2416.4,144.956,10283.9,1.11292,13.5065,0,0.458093
91.25,2415.63,144.934,10284.5,1.1129,13.5104,0,0.458093
91.2667,2414.85,144.911,10285.2,1.11288,13.5143,0,0.458093
91.2833,2414.08,144.888,10285.9,1.11286,13.5182,0,0.458093
91.3,2413.3,144.865,10286.5,1.11285,13.5221,0,0.458093
91.3167,2412.52,144.843,10287.2,1.11283,13.526,0,0.458093
91.3333,2411.75,144.82,10287.9,1.11281,13.5299,0,0.458093
91.35,2410.97,144.797,10288.5,1.11279,13.5338,0,0.458093
91.3667,2410.19,144.774,10289.2,1.11277,13.5378,0,0.458093
91.3833,2409.42,144.752,10289.9,1.11276,13.5417,0,0.458093
91.4,2408.64,144.729,10290.6,1.11274,13.5456,0,0.458093
91.4167,2407.86,144.706,10291.2,1.11272,13.5495,0,0.458093
91.4333,2407.08,144.683,10291.9,1.1127,13.5535,0,0.458093
91.45,2406.31,144.66,10292.6,1.11268,13.5574,0,0.458093
91.4667,2405.53,144.638,10293.2,1.11266,13.5613,0,0.458093
91.4833,2404.75,144.615,10293.9,1.11265,13.5653,0,0.458093
91.5,2403.97,144.592,10294.6,1.11263,13.5692,0,0.458093
91.5167,2403.19,144.569,10295.2,1.11261,13.5731,0,0.458093
91.5333,2402.41,144.547,10295.9,1.11259,13.5771,0,0.458093
91.55,2401.63,144.524,10296.6,1.11257,13.581,0,0.458093
91.5667,2400.85,144.501,10297.2,1.11256,13.585,0,0.458093
91.5833,2400.07,144.478,10297.9,1.11254,13.5889,0,0.458093
91.6,2399.29,144.455,10298.6,1.11252,13.5929,0,0.458093
91.6167,2398.51,144.433,10299.2,1.1125,13.5968,0,0.458093
91.6333,2397.73,144.41,10299.9,1.11248,13.6008,0,0.458093
91.65,2396.95,144.387,10300.6,1.11247,13.6047,0,0.458093
91.6667,2396.17,144.364,10301.2,1.11245,13.6087,0,0.458093
91.6833,2395.39,144.341,10301.9,1.11243,13.6126,0,0.458093
91.7,2394.61,144.319,10302.6,1.11241,13.6166,0,0.458093
91.7167,2393.83,144.296,10303.2,1.11239,13.6206,0,0.458093
91.7333,2393.04,144.273,10303.9,1.11238,13.6245,0,0.458093
91.75,2392.26,144.25,10304.6,1.11236,13.6285,0,0.458093
91.7667,2391.48,144.227,10305.2,1.11234,13.6325,0,0.458093
91.7833,2390.7,144.205,10305.9,1.11232,13.6365,0,0.458093
91.8,2389.91,144.182,10306.6,1.1123,13.6404,0,0.458093
91.8167,2389.13,144.159,10307.2,1.11229,13.6444,0,0.458093
91.8333,2388.35,144.136,10307.9,1.11227,13.6484,0,0.458093
91.85,2387.56,144.113,10308.5,1.11225,13.6524,0,0.458093
91.8667,2386.78,144.09,10309.2,1.11223,13.6564,0,0.458093
91.8833,2386,144.068,10309.9,1.11222,13.6604,0,0.458093
91.9,2385.21,144.045,10310.5,1.1122,13.6644,0,0.458093
91.9167,2384.43,144.022,10311.2,1.11218,13.6684,0,0.458093
91.9333,2383.64,143.999,10311.9,1.11216,13.6724,0,0.458093
91.95,2382.86,143.976,10312.5,1.11214,13.6763,0,0.458093
91.9667,2382.07,143.953,10313.2,1.11213,13.6804,0,0.458093
91.9833,2381.29,143.93,10313.8,1.11211,13.6844,0,0.458093
92,2380.5,143.908,10314.5,1.11209,13.6884,0,0.458093
92.0167,2379.72,143.885,10315.2,1.11207,13.6924,0,0.458093
92.0333,2378.93,143.862,10315.8,1.11206,13.6964,0,0.458093
92.05,2378.14,143.839,10316.5,1.11204,13.7004,0,0.458093
92.0667,2377.36,143.816,10317.1,1.11202,13.7044,0,0.458093
92.0833,2376.57,143.793,10317.8,1.112,13.7084,0,0.458093
92.1,2375.78,143.77,10318.5,1.11199,13.7124,0,0.458093
92.1167,2375,143.748,10319.1,1.11197,13.7165,0,0.458093
92.1333,2374.21,143.725,10319.8,1.11195,13.7205,0,0.458093
92.15,2373.42,143.702,10320.4,1.11193,13.7245,0,0.458093
92.1667,2372.63,143.679,10321.1,1.11192,13.7286,0,0.458093
92.1833,2371.85,143.656,10321.8,1.1119,13.7326,0,0.458093
92.2,2371.06,143.633,10322.4,1.11188,13.7366,0,0.458093
92.2167,2370.27,143.61,10323.1,1.11186,13.7407,0,0.458093
92.2333,2369.48,143.587,10323.7,1.11185,13.7447,0,0.458093
92.25,2368.69,143.565,10324.4,1.11183,13.7487,0,0.458093
92.2667,2367.9,143.542,10325.1,1.11181,13.7528,0,0.458093
92.2833,2367.11,143.519,10325.7,1.11179,13.7568,0,0.458093
92.3,2366.32,143.496,10326.4,1.11178,13.7609,0,0.458093
92.3167,2365.53,143.473,10327,1.11176,13.7649,0,0.458093
92.3333,2364.74,143.45,10327.7,1.11174,13.769,0,0.458093
92.35,2363.95,143.427,10328.3,1.11172,13.773,0,0.458093
92.3667,2363.16,143.404,10329,1.11171,13.7771,0,0.458093
92.3833,2362.37,143.381,10329.7,1.11169,13.7812,0,0.458093
92.4,2361.58,143.358,10330.3,1.11167,13.7852,0,0.458093
92.4167,2360.79,143.336,10331,1.11165,13.7893,0,0.458093
92.4333,2360,143.313,10331.6,1.11164,13.7934,0,0.458093
92.45,2359.21,143.29,10332.3,1.11162,13.7974,0,0.458093
92.4667,2358.42,143.267,10332.9,1.1116,13.8015,0,0.458093
92.4833,2357.62,143.244,10333.6,1.11159,13.8056,0,0.458093
92.5,2356.83,143.221,10334.2,1.11157,13.8096,0,0.458093
92.5167,2356.04,143.198,10334.9,1.11155,13.8137,0,0.458093
92.5333,2355.25,143.175,10335.6,1.11153,13.8178,0,0.458093
92.55,2354.46,143.152,10336.2,1.11152,13.8219,0,0.458093
92.5667,2353.66,143.129,10336.9,1.1115,13.826,0,0.458093
92.5833,2352.87,143.106,10337.5,1.11148,13.8301,0,0.458093
92.6,2352.08,143.083,10338.2,1.11147,13.8342,0,0.458093
92.6167,2351.28,143.06,10338.8,1.11145,13.8383,0,0.458093
92.6333,2350.49,143.037,10339.5,1.11143,13.8424,0,0.458093
92.65,2349.69,143.015,10340.1,1.11141,13.8465,0,0.458093
92.6667,2348.9,142.992,10340.8,1.1114,13.8506,0,0.458093
92.6833,2348.11,142.969,10341.4,1.11138,13.8547,0,0.458093
92.7,2347.31,142.946,10342.1,1.11136,13.8588,0,0.458093
92.7167,2346.52,142.923,10342.7,1.11135,13.8629,0,0.458093
92.7333,2345.72,142.9,10343.4,1.11133,13.867,0,0.458093
92.75,2344.93,142.877,10344,1.11131,13.8711,0,0.458093
92.7667,2344.13,142.854,10344.7,1.11129,13.8752,0,0.458093
92.7833,2343.34,142.831,10345.3,1.11128,13.8793,0,0.458093
92.8,2342.54,142.808,10346,1.11126,13.8834,0,0.458093
92.8167,2341.74,142.785,10346.6,1.11124,13.8876,0,0.458093
92.8333,2340.95,142.762,10347.3,1.11123,13.8917,0,0.458093
92.85,2340.15,142.739,10347.9,1.11121,13.8958,0,0.458093
92.8667,2339.35,142.716,10348.6,1.11119,13.9,0,0.458093
92.8833,2338.56,142.693,10349.2,1.11118,13.9041,0,0.458093
92.9,2337.76,142.67,10349.9,1.11116,13.9082,0,0.458093
92.9167,2336.96,142.647,10350.5,1.11114,13.9124,0,0.458093
92.9333,2336.17,142.624,10351.2,1.11113,13.9165,0,0.458093
92.95,2335.37,142.601,10351.8,1.11111,13.9206,0,0.458093
92.9667,2334.57,142.578,10352.5,1.11109,13.9248,0,0.458093
92.9833,2333.77,142.555,10353.1,1.11108,13.9289,0,0.458093
93,2332.97,142.532,10353.8,1.11106,13.9331,0,0.458093
93.0167,2332.17,142.509,10354.4,1.11104,13.9372,0,0.458093
93.0333,2331.38,142.486,10355.1,1.11103,13.9414,0,0.458093
93.05,2330.58,142.463,10355.7,1.11101,13.9455,0,0.458093
93.0667,2329.78,142.44,10356.4,1.11099,13.9497,0,0.458093
93.0833,2328.98,142.417,10357,1.11098,13.9539,0,0.458093
93.1,2328.18,142.394,10357.7,1.11096,13.958,0,0.458093
93.1167,2327.38,142.371,10358.3,1.11094,13.9622,0,0.458093
93.1333,2326.58,142.348,10359,1.11093,13.9664,0,0.458093
93.15,2325.78,142.325,10359.6,1.11091,13.9705,0,0.458093
93.1667,2324.98,142.302,10360.3,1.11089,13.9747,0,0.458093
93.1833,2324.18,142.279,10360.9,1.11088,13.9789,0,0.458093
93.2,2323.38,142.256,10361.5,1.11086,13.9831,0,0.458093
93.2167,2322.58,142.233,10362.2,1.11084,13.9872,0,0.458093
93.2333,2321.78,142.21,10362.8,1.11083,13.9914,0,0.458093
93.25,2320.97,142.187,10363.5,1.11081,13.9956,0,0.458093
93.2667,2320.17,142.164,10364.1,1.11079,13.9998,0,0.458093
93.2833,2319.37,142.141,10364.8,1.11078,14.004,0,0.458093
93.3,2318.57,142.118,10365.4,1.11076,14.0082,0,0.458093
93.3167,2317.77,142.095,10366.1,1.11074,14.0124,0,0.458093
93.3333,2316.97,142.072,10366.7,1.11073,14.0166,0,0.458093
93.35,2316.16,142.049,10367.3,1.11071,14.0208,0,0.458093
93.3667,2315.36,142.026,10368,1.11069,14.025,0,0.458093
93.3833,2314.56,142.003,10368.6,1.11068,14.0292,0,0.458093
93.4,2313.75,141.98,10369.3,1.11066,14.0334,0,0.458093
93.4167,2312.95,141.957,10369.9,1.11064,14.0376,0,0.458093
93.4333,2312.15,141.934,10370.6,1.11063,14.0418,0,0.458093
93.45,2311.34,141.911,10371.2,1.11061,14.046,0,0.458093
93.4667,2310.54,141.888,10371.8,1.1106,14.0502,0,0.458093
93.4833,2309.74,141.865,10372.5,1.11058,14.0545,0,0.458093
93.5,2308.93,141.841,10373.1,1.11056,14.0587,0,0.458093
93.5167,2308.13,141.818,10373.8,1.11055,14.0629,0,0.458093
93.5333,2307.32,141.795,10374.4,1.11053,14.0671,0,0.458093
93.55,2306.52,141.772,10375,1.11051,14.0714,0,0.458093
93.5667,2305.71,141.749,10375.7,1.1105,14.0756,0,0.458093
93.5833,2304.91,141.726,10376.3,1.11048,14.0798,0,0.458093
93.6,2304.1,141.703,10377,1.11047,14.0841,0,0.458093
93.6167,2303.3,141.68,10377.6,1.11045,14.0883,0,0.458093
93.6333,2302.49,141.657,10378.2,1.11043,14.0926,0,0.458093
93.65,2301.69,141.634,10378.9,1.11042,14.0968,0,0.458093
93.6667,2300.88,141.611,10379.5,1.1104,14.101,0,0.458093
93.6833,2300.07,141.588,10380.2,1.11038,14.1053,0,0.458093
93.7,2299.27,141.565,10380.8,1.11037,14.1095,0,0.458093
93.7167,2298.46,141.542,10381.4,1.11035,14.1138,0,0.458093
93.7333,2297.65,141.518,10382.1,1.11034,14.1181,0,0.458093
93.75,2296.85,141.495,10382.7,1.11032,14.1223,0,0.458093
93.7667,2296.04,141.472,10383.4,1.1103,14.1266,0,0.458093
93.7833,2295.23,141.449,10384,1.11029,14.1308,0,0.458093
93.8,2294.43,141.426,10384.6,1.11027,14.1351,0,0.458093
93.8167,2293.62,141.403,10385.3,1.11026,14.1394,0,0.458093
93.8333,2292.81,141.38,10385.9,1.11024,14.1437,0,0.458093
93.85,2292,141.357,10386.5,1.11022,14.1479,0,0.458093
93.8667,2291.19,141.334,10387.2,1.11021,14.1522,0,0.458093
93.8833,2290.38,141.311,10387.8,1.11019,14.1565,0,0.458093
93.9,2289.58,141.288,10388.5,1.11018,14.1608,0,0.458093
93.9167,2288.77,141.264,10389.1,1.11016,14.165,0,0.458093
93.9333,2287.96,141.241,10389.7,1.11014,14.1693,0,0.458093
93.95,2287.15,141.218,10390.4,1.11013,14.1736,0,0.458093
93.9667,2286.34,141.195,10391,1.11011,14.1779,0,0.458093
93.9833,2285.53,141.172,10391.6,1.1101,14.1822,0,0.458093
94,2284.72,141.149,10392.3,1.11008,14.1865,0,0.458093
94.0167,2283.91,141.126,10392.9,1.11007,14.1908,0,0.458093
94.0333,2283.1,141.103,10393.5,1.11005,14.1951,0,0.458093
94.05,2282.29,141.08,10394.2,1.11003,14.1994,0,0.458093
94.0667,2281.48,141.056,10394.8,1.11002,14.2037,0,0.458093
94.0833,2280.67,141.033,10395.4,1.11,14.208,0,0.458093
94.1,2279.86,141.01,10396.1,1.10999,14.2123,0,0.458093
94.1167,2279.05,140.987,10396.7,1.10997,14.2167,0,0.458093
94.1333,2278.24,140.964,10397.3,1.10996,14.221,0,0.458093
94.15,2277.43,140.941,10398,1.10994,14.2253,0,0.458093
94.1667,2276.61,140.918,10398.6,1.10992,14.2296,0,0.458093
94.1833,2275.8,140.895,10399.2,1.10991,14.2339,0,0.458093
94.2,2274.99,140.871,10399.9,1.10989,14.2383,0,0.458093
94.2167,2274.18,140.848,10400.5,1.10988,14.2426,0,0.458093
94.2333,2273.37,140.825,10401.1,1.10986,14.2469,0,0.458093
94.25,2272.55,140.802,10401.8,1.10985,14.2513,0,0.458093
94.2667,2271.74,140.779,10402.4,1.10983,14.2556,0,0.458093
94.2833,2270.93,140.756,10403,1.10981,14.2599,0,0.458093
94.3,2270.12,140.733,10403.6,1.1098,14.2643,0,0.458093
94.3167,2269.3,140.709,10404.3,1.10978,14.2686,0,0.458093
94.3333,2268.49,140.686,10404.9,1.10977,14.273,0,0.458093
94.35,2267.68,140.663,10405.5,1.10975,14.2773,0,0.458093
94.3667,2266.86,140.64,10406.2,1.10974,14.2817,0,0.458093
94.3833,2266.05,140.617,10406.8,1.10972,14.286,0,0.458093
94.4,2265.23,140.594,10407.4,1.10971,14.2904,0,0.458093
94.4167,2264.42,140.57,10408.1,1.10969,14.2947,0,0.458093
94.4333,2263.61,140.547,10408.7,1.10968,14.2991,0,0.458093
94.45,2262.79,140.524,10409.3,1.10966,14.3035,0,0.458093
94.4667,2261.98,140.501,10409.9,1.10964,14.3078,0,0.458093
94.4833,2261.16,140.478,10410.6,1.10963,14.3122,0,0.458093
94.5,2260.35,140.455,10411.2,1.10961,14.3166,0,0.458093
94.5167,2259.53,140.431,10411.8,1.1096,14.3209,0,0.458093
94.5333,2258.72,140.408,10412.5,1.10958,14.3253,0,0.458093
94.55,2257.9,140.385,10413.1,1.10957,14.3297,0,0.458093
94.5667,2257.09,140.362,10413.7,1.10955,14.3341,0,0.458093
94.5833,2256.27,140.339,10414.3,1.10954,14.3385,0,0.458093
94.6,2255.45,140.315,10415,1.10952,14.3429,0,0.458093
94.6167,2254.64,140.292,10415.6,1.10951,14.3472,0,0.458093
94.6333,2253.82,140.269,10416.2,1.10949,14.3516,0,0.458093
94.65,2253.01,140.246,10416.8,1.10948,14.356,0,0.458093
94.6667,2252.19,140.223,10417.5,1.10946,14.3604,0,0.458093
94.6833,2251.37,140.2,10418.1,1.10945,14.3648,0,0.458093
94.7,2250.56,140.176,10418.7,1.10943,14.3692,0,0.458093
94.7167,2249.74,140.153,10419.3,1.10942,14.3736,0,0.458093
94.7333,2248.92,140.13,10420,1.1094,14.378,0,0.458093
94.75,2248.1,140.107,10420.6,1.10939,14.3825,0,0.458093
94.7667,2247.29,140.084,10421.2,1.10937,14.3869,0,0.458093
94.7833,2246.47,140.06,10421.8,1.10936,14.3913,0,0.458093
94.8,2245.65,140.037,10422.5,1.10934,14.3957,0,0.458093
94.8167,2244.83,140.014,10423.1,1.10933,14.4001,0,0.458093
94.8333,2244.01,139.991,10423.7,1.10931,14.4045,0,0.458093
94.85,2243.2,139.968,10424.3,1.1093,14.409,0,0.458093
94.8667,2242.38,139.944,10425,1.10928,14.4134,0,0.458093
94.8833,2241.56,139.921,10425.6,1.10927,14.4178,0,0.458093
94.9,2240.74,139.898,10426.2,1.10925,14.4223,0,0.458093
94.9167,2239.92,139.875,10426.8,1.10924,14.4267,0,0.458093
94.9333,2239.1,139.851,10427.4,1.10922,14.4311,0,0.458093
94.95,2238.28,139.828,10428.1,1.10921,14.4356,0,0.458093
94.9667,2237.46,139.805,10428.7,1.10919,14.44,0,0.458093
94.9833,2236.64,139.782,10429.3,1.10918,14.4445,0,0.458093
95,2235.82,139.759,10429.9,1.10916,14.4489,0,0.458093
95.0167,2235,139.735,10430.6,1.10915,14.4534,0,0.458093
95.0333,2234.18,139.712,10431.2,1.10913,14.4578,0,0.458093
95.05,2233.36,139.689,10431.8,1.10912,14.4623,0,0.458093
95.0667,2232.54,139.666,10432.4,1.1091,14.4667,0,0.458093
95.0833,2231.72,139.642,10433,1.10909,14.4712,0,0.458093
95.1,2230.9,139.619,10433.7,1.10907,14.4757,0,0.458093
95.1167,2230.08,139.596,10434.3,1.10906,14.4801,0,0.458093
95.1333,2229.26,139.573,10434.9,1.10904,14.4846,0,0.458093
95.15,2228.44,139.549,10435.5,1.10903,14.4891,0,0.458093
95.1667,2227.62,139.526,10436.1,1.10901,14.4935,0,0.458093
95.1833,2226.8,139.503,10436.8,1.109,14.498,0,0.458093
95.2,2225.97,139.48,10437.4,1.10898,14.5025,0,0.458093
95.2167,2225.15,139.456,10438,1.10897,14.507,0,0.458093
95.2333,2224.33,139.433,10438.6,1.10896,14.5115,0,0.458093
95.25,2223.51,139.41,10439.2,1.10894,14.5159,0,0.458093
95.2667,2222.69,139.387,10439.8,1.10893,14.5204,0,0.458093
95.2833,2221.86,139.363,10440.5,1.10891,14.5249,0,0.458093
95.3,2221.04,139.34,10441.1,1.1089,14.5294,0,0.458093
95.3167,2220.22,139.317,10441.7,1.10888,14.5339,0,0.458093
95.3333,2219.39,139.294,10442.3,1.10887,14.5384,0,0.458093
95.35,2218.57,139.27,10442.9,1.10885,14.5429,0,0.458093
95.3667,2217.75,139.247,10443.5,1.10884,14.5474,0,0.458093
95.3833,2216.93,139.224,10444.2,1.10883,14.5519,0,0.458093
95.4,2216.1,139.201,10444.8,1.10881,14.5564,0,0.458093
95.4167,2215.28,139.177,10445.4,1.1088,14.561,0,0.458093
95.4333,2214.45,139.154,10446,1.10878,14.5655,0,0.458093
95.45,2213.63,139.131,10446.6,1.10877,14.57,0,0.458093
95.4667,2212.81,139.108,10447.2,1.10875,14.5745,0,0.458093
95.4833,2211.98,139.084,10447.8,1.10874,14.579,0,0.458093
95.5,2211.16,139.061,10448.5,1.10872,14.5836,0,0.458093
95.5167,2210.33,139.038,10449.1,1.10871,14.5881,0,0.458093
95.5333,2209.51,139.014,10449.7,1.1087,14.5926,0,0.458093
95.55,2208.68,138.991,10450.3,1.10868,14.5972,0,0.458093
95.5667,2207.86,138.968,10450.9,1.10867,14.6017,0,0.458093
95.5833,2207.03,138.945,10451.5,1.10865,14.6062,0,0.458093
95.6,2206.21,138.921,10452.1,1.10864,14.6108,0,0.458093
95.6167,2205.38,138.898,10452.8,1.10862,14.6153,0,0.458093
95.6333,2204.56,138.875,10453.4,1.10861,14.6199,0,0.458093
95.65,2203.73,138.851,10454,1.1086,14.6244,0,0.458093
95.6667,2202.91,138.828,10454.6,1.10858,14.629,0,0.458093
95.6833,2202.08,138.805,10455.2,1.10857,14.6335,0,0.458093
95.7,2201.25,138.781,10455.8,1.10855,14.6381,0,0.458093
95.7167,2200.43,138.758,10456.4,1.10854,14.6426,0,0.458093
95.7333,2199.6,138.735,10457,1.10853,14.6472,0,0.458093
95.75,2198.78,138.712,10457.6,1.10851,14.6518,0,0.458093
95.7667,2197.95,138.688,10458.3,1.1085,14.6563,0,0.458093
95.7833,2197.12,138.665,10458.9,1.10848,14.6609,0,0.458093
95.8,2196.3,138.642,10459.5,1.10847,14.6655,0,0.458093
95.8167,2195.47,138.618,10460.1,1.10846,14.6701,0,0.458093
95.8333,2194.64,138.595,10460.7,1.10844,14.6746,0,0.458093
95.85,2193.81,138.572,10461.3,1.10843,14.6792,0,0.458093
95.8667,2192.99,138.548,10461.9,1.10841,14.6838,0,0.458093
95.8833,2192.16,138.525,10462.5,1.1084,14.6884,0,0.458093
95.9,2191.33,138.502,10463.1,1.10839,14.693,0,0.458093
95.9167,2190.5,138.478,10463.7,1.10837,14.6976,0,0.458093
95.9333,2189.67,138.455,10464.4,1.10836,14.7022,0,0.458093
95.95,2188.85,138.432,10465,1.10834,14.7068,0,0.458093
95.9667,2188.02,138.408,10465.6,1.10833,14.7114,0,0.458093
95.9833,2187.19,138.385,10466.2,1.10832,14.716,0,0.458093
96,2186.36,138.362,10466.8,1.1083,14.7206,0,0.458093
96.0167,2185.53,138.339,10467.4,1.10829,14.7252,0,0.458093
96.0333,2184.7,138.315,10468,1.10827,14.7298,0,0.458093
96.05,2183.87,138.292,10468.6,1.10826,14.7344,0,0.458093
96.0667,2183.05,138.269,10469.2,1.10825,14.739,0,0.458093
96.0833,2182.22,138.245,10469.8,1.10823,14.7436,0,0.458093
96.1,2181.39,138.222,10470.4,1.10822,14.7483,0,0.458093
96.1167,2180.56,138.199,10471,1.10821,14.7529,0,0.458093
96.1333,2179.73,138.175,10471.6,1.10819,14.7575,0,0.458093
96.15,2178.9,138.152,10472.2,1.10818,14.7621,0,0.458093
96.1667,2178.07,138.128,10472.8,1.10817,14.7668,0,0.458093
96.1833,2177.24,138.105,10473.5,1.10815,14.7714,0,0.458093
96.2,2176.41,138.082,10474.1,1.10814,14.776,0,0.458093
96.2167,2175.58,138.058,10474.7,1.10812,14.7807,0,0.458093
96.2333,2174.75,138.035,10475.3,1.10811,14.7853,0,0.458093
96.25,2173.92,138.012,10475.9,1.1081,14.79,0,0.458093
96.2667,2173.09,137.988,10476.5,1.10808,14.7946,0,0.458093
96.2833,2172.26,137.965,10477.1,1.10807,14.7993,0,0.458093
96.3,2171.42,137.942,10477.7,1.10806,14.8039,0,0.458093
96.3167,2170.59,137.918,10478.3,1.10804,14.8086,0,0.458093
96.3333,2169.76,137.895,10478.9,1.10803,14.8132,0,0.458093
96.35,2168.93,137.872,10479.5,1.10802,14.8179,0,0.458093
96.3667,2168.1,137.848,10480.1,1.108,14.8226,0,0.458093
96.3833,2167.27,137.825,10480.7,1.10799,14.8272,0,0.458093
96.4,2166.44,137.802,10481.3,1.10798,14.8319,0,0.458093
96.4167,2165.6,137.778,10481.9,1.10796,14.8366,0,0.458093
96.4333,2164.77,137.755,10482.5,1.10795,14.8412,0,0.458093
96.45,2163.94,137.731,10483.1,1.10794,14.8459,0,0.458093
96.4667,2163.11,137.708,10483.7,1.10792,14.8506,0,0.458093
96.4833,2162.28,137.685,10484.3,1.10791,14.8553,0,0.458093
96.5,2161.44,137.661,10484.9,1.1079,14.86,0,0.458093
96.5167,2160.61,137.638,10485.5,1.10788,14.8647,0,0.458093
96.5333,2159.78,137.615,10486.1,1.10787,14.8693,0,0.458093
96.55,2158.94,137.591,10486.7,1.10786,14.874,0,0.458093
96.5667,2158.11,137.568,10487.3,1.10784,14.8787,0,0.458093
96.5833,2157.28,137.544,10487.9,1.10783,14.8834,0,0.458093
96.6,2156.45,137.521,10488.5,1.10782,14.8881,0,0.458093
96.6167,2155.61,137.498,10489.1,1.1078,14.8928,0,0.458093
96.6333,2154.78,137.474,10489.7,1.10779,14.8976,0,0.458093
96.65,2153.95,137.451,10490.3,1.10778,14.9023,0,0.458093
96.6667,2153.11,137.428,10490.9,1.10776,14.907,0,0.458093
96.6833,2152.28,137.404,10491.5,1.10775,14.9117,0,0.458093
96.7,2151.44,137.381,10492.1,1.10774,14.9164,0,0.458093
96.7167,2150.61,137.357,10492.7,1.10772,14.9211,0,0.458093
96.7333,2149.78,137.334,10493.3,1.10771,14.9258,0,0.458093
96.75,2148.94,137.311,10493.9,1.1077,14.9306,0,0.458093
96.7667,2148.11,137.287,10494.5,1.10769,14.9353,0,0.458093
96.7833,2147.27,137.264,10495.1,1.10767,14.94,0,0.458093
96.8,2146.44,137.24,10495.7,1.10766,14.9448,0,0.458093
96.8167,2145.6,137.217,10496.3,1.10765,14.9495,0,0.458093
96.8333,2144.77,137.194,10496.9,1.10763,14.9542,0,0.458093
96.85,2143.93,137.17,10497.5,1.10762,14.959,0,0.458093
96.8667,2143.1,137.147,10498.1,1.10761,14.9637,0,0.458093
96.8833,2142.26,137.123,10498.6,1.10759,14.9685,0,0.458093
96.9,2141.43,137.1,10499.2,1.10758,14.9732,0,0.458093
96.9167,2140.59,137.077,10499.8,1.10757,14.978,0,0.458093
96.9333,2139.76,137.053,10500.4,1.10756,14.9827,0,0.458093
96.95,2138.92,137.03,10501,1.10754,14.9875,0,0.458093
96.9667,2138.09,137.006,10501.6,1.10753,14.9923,0,0.458093
96.9833,2137.25,136.983,10502.2,1.10752,14.997,0,0.458093
97,2136.41,136.959,10502.8,1.10748,15.0018,0,0.458093
97.0167,2135.58,136.936,10503.4,1.10739,15.0066,0,0.458093
97.0333,2134.74,136.913,10504,1.1073,15.0113,0,0.458093
97.05,2133.89,136.889,10504.6,1.10721,15.0161,0,0.458093
97.0667,2133.05,136.866,10505.2,1.10712,15.0209,0,0.458093
97.0833,2132.2,136.842,10505.8,1.10703,15.0257,0,0.458093
97.1,2131.35,136.818,10506.4,1.10695,15.0306,0,0.458093
97.1167,2130.5,136.795,10507,1.10686,15.0354,0,0.458093
97.1333,2129.64,136.771,10507.5,1.10677,15.0402,0,0.458093
97.15,2128.78,136.748,10508.1,1.10668,15.045,0,0.458093
97.1667,2127.92,136.724,10508.7,1.10659,15.0499,0,0.458093
97.1833,2127.06,136.7,10509.3,1.1065,15.0547,0,0.458093
97.2,2126.19,136.677,10509.9,1.10641,15.0596,0,0.458093
97.2167,2125.31,136.653,10510.5,1.10632,15.0645,0,0.458093
97.2333,2124.44,136.629,10511.1,1.10623,15.0693,0,0.458093
97.25,2123.56,136.605,10511.7,1.10615,15.0742,0,0.458093
97.2667,2122.67,136.582,10512.3,1.10606,15.0791,0,0.458093
97.2833,2121.79,136.558,10512.9,1.10597,15.084,0,0.458093
97.3,2120.9,136.534,10513.5,1.10588,15.0889,0,0.458093
97.3167,2120,136.51,10514,1.10579,15.0939,0,0.458093
97.3333,2119.1,136.486,10514.6,1.1057,15.0988,0,0.458093
97.35,2118.2,136.462,10515.2,1.10561,15.1037,0,0.458093
97.3667,2117.29,136.438,10515.8,1.10552,15.1087,0,0.458093
97.3833,2116.38,136.414,10516.4,1.10543,15.1136,0,0.458093
97.4,2115.47,136.39,10517,1.10534,15.1186,0,0.458093
97.4167,2114.55,136.366,10517.6,1.10525,15.1235,0,0.458093
97.4333,2113.63,136.342,10518.2,1.10517,15.1285,0,0.458093
97.45,2112.7,136.318,10518.7,1.10508,15.1335,0,0.458093
97.4667,2111.77,136.294,10519.3,1.10499,15.1385,0,0.458093
97.4833,2110.83,136.27,10519.9,1.1049,15.1435,0,0.458093
97.5,2109.9,136.246,10520.5,1.10481,15.1485,0,0.458093
97.5167,2108.95,136.222,10521.1,1.10472,15.1535,0,0.458093
97.5333,2108,136.197,10521.7,1.10463,15.1585,0,0.458093
97.55,2107.05,136.173,10522.3,1.10454,15.1636,0,0.458093
97.5667,2106.1,136.149,10522.8,1.10445,15.1686,0,0.458093
97.5833,2105.14,136.125,10523.4,1.10436,15.1737,0,0.458093
97.6,2104.17,136.1,10524,1.10427,15.1787,0,0.458093
97.6167,2103.2,136.076,10524.6,1.10418,15.1838,0,0.458093
97.6333,2102.23,136.052,10525.2,1.10409,15.1889,0,0.458093
97.65,2101.25,136.027,10525.8,1.104,15.1939,0,0.458093
97.6667,2100.27,136.003,10526.3,1.10391,15.199,0,0.458093
97.6833,2099.29,135.979,10526.9,1.10383,15.2041,0,0.458093
97.7,2098.3,135.954,10527.5,1.10374,15.2092,0,0.458093
97.7167,2097.3,135.93,10528.1,1.10365,15.2144,0,0.458093
97.7333,2096.3,135.905,10528.7,1.10356,15.2195,0,0.458093
97.75,2095.3,135.881,10529.3,1.10347,15.2246,0,0.458093
97.7667,2094.29,135.856,10529.8,1.10338,15.2298,0,0.458093
97.7833,2093.28,135.832,10530.4,1.10329,15.2349,0,0.458093
97.8,2092.26,135.807,10531,1.1032,15.2401,0,0.458093
97.8167,2091.24,135.782,10531.6,1.10311,15.2453,0,0.458093
97.8333,2090.22,135.758,10532.2,1.10302,15.2504,0,0.458093
97.85,2089.19,135.733,10532.7,1.10293,15.2556,0,0.458093
97.8667,2088.16,135.709,10533.3,1.10284,15.2608,0,0.458093
97.8833,2087.12,135.684,10533.9,1.10275,15.266,0,0.458093
97.9,2086.08,135.659,10534.5,1.10266,15.2712,0,0.458093
97.9167,2085.03,135.634,10535.1,1.10257,15.2764,0,0.458093
97.9333,2083.98,135.61,10535.6,1.10248,15.2817,0,0.458093
97.95,2082.92,135.585,10536.2,1.10239,15.2869,0,0.458093
97.9667,2081.86,135.56,10536.8,1.1023,15.2922,0,0.458093
97.9833,2080.8,135.535,10537.4,1.10221,15.2974,0,0.458093
98,2079.73,135.51,10538,1.10212,15.3027,0,0.458093
98.0167,2078.66,135.486,10538.5,1.10204,15.3079,0,0.458093
98.0333,2077.58,135.461,10539.1,1.10195,15.3132,0,0.458093
98.05,2076.5,135.436,10539.7,1.10186,15.3185,0,0.458093
98.0667,2075.42,135.411,10540.3,1.10177,15.3238,0,0.458093
98.0833,2074.33,135.386,10540.8,1.10168,15.3291,0,0.458093
98.1,2073.23,135.361,10541.4,1.10159,15.3344,0,0.458093
98.1167,2072.13,135.336,10542,1.1015,15.3397,0,0.458093
98.1333,2071.03,135.311,10542.6,1.10141,15.3451,0,0.458093
98.15,2069.92,135.286,10543.1,1.10132,15.3504,0,0.458093
98.1667,2068.81,135.261,10543.7,1.10123,15.3558,0,0.458093
98.1833,2067.69,135.236,10544.3,1.10114,15.3611,0,0.458093
98.2,2066.57,135.21,10544.9,1.10105,15.3665,0,0.458093
98.2167,2065.45,135.185,10545.4,1.10096,15.3718,0,0.458093
98.2333,2064.32,135.16,10546,1.10087,15.3772,0,0.458093
98.25,2063.19,135.135,10546.6,1.10078,15.3826,0,0.458093
98.2667,2062.05,135.11,10547.2,1.10069,15.388,0,0.458093
98.2833,2060.91,135.085,10547.7,1.1006,15.3934,0,0.458093
98.3,2059.76,135.059,10548.3,1.10051,15.3988,0,0.458093
98.3167,2058.61,135.034,10548.9,1.10042,15.4043,0,0.458093
98.3333,2057.45,135.009,10549.5,1.10033,15.4097,0,0.458093
98.35,2056.3,134.983,10550,1.10024,15.4151,0,0.458093
98.3667,2055.13,134.958,10550.6,1.10015,15.4206,0,0.458093
98.3833,2053.96,134.933,10551.2,1.10006,15.4261,0,0.458093
98.4,2052.79,134.907,10551.7,1.09998,15.4315,0,0.458093
98.4167,2051.61,134.882,10552.3,1.09989,15.437,0,0.458093
98.4333,2050.43,134.856,10552.9,1.0998,15.4425,0,0.458093
98.45,2049.25,134.831,10553.4,1.09971,15.448,0,0.458093
98.4667,2048.06,134.805,10554,1.09962,15.4535,0,0.458093
98.4833,2046.86,134.78,10554.6,1.09953,15.459,0,0.458093
98.5,2045.67,134.754,10555.2,1.09944,15.4645,0,0.458093
98.5167,2044.46,134.729,10555.7,1.09935,15.47,0,0.458093
98.5333,2043.26,134.703,10556.3,1.09926,15.4756,0,0.458093
98.55,2042.05,134.678,10556.9,1.09917,15.4811,0,0.458093
98.5667,2040.83,134.652,10557.4,1.09908,15.4867,0,0.458093
98.5833,2039.61,134.627,10558,1.09899,15.4922,0,0.458093
98.6,2038.39,134.601,10558.6,1.0989,15.4978,0,0.458093
98.6167,2037.16,134.575,10559.1,1.09881,15.5034,0,0.458093
98.6333,2035.92,134.55,10559.7,1.09872,15.509,0,0.458093
98.65,2034.69,134.524,10560.3,1.09863,15.5146,0,0.458093
98.6667,2033.45,134.498,10560.8,1.09854,15.5202,0,0.458093
98.6833,2032.2,134.472,10561.4,1.09845,15.5258,0,0.458093
98.7,2030.95,134.447,10561.9,1.09836,15.5314,0,0.458093
98.7167,2029.7,134.421,10562.5,1.09827,15.537,0,0.458093
98.7333,2028.44,134.395,10563.1,1.09818,15.5427,0,0.458093
98.75,2027.17,134.369,10563.6,1.0981,15.5483,0,0.458093
98.7667,2025.91,134.343,10564.2,1.09801,15.554,0,0.458093
98.7833,2024.64,134.317,10564.8,1.09792,15.5596,0,0.458093
98.8,2023.36,134.291,10565.3,1.09783,15.5653,0,0.458093
98.8167,2022.08,134.265,10565.9,1.09774,15.571,0,0.458093
98.8333,2020.8,134.24,10566.4,1.09765,15.5767,0,0.458093
98.85,2019.51,134.214,10567,1.09756,15.5824,0,0.458093
98.8667,2018.21,134.188,10567.6,1.09747,15.5881,0,0.458093
98.8833,2016.92,134.162,10568.1,1.09738,15.5938,0,0.458093
98.9,2015.62,134.136,10568.7,1.09729,15.5995,0,0.458093
98.9167,2014.31,134.109,10569.2,1.0972,15.6053,0,0.458093
98.9333,2013,134.083,10569.8,1.09711,15.611,0,0.458093
98.95,2011.69,134.057,10570.4,1.09702,15.6168,0,0.458093
98.9667,2010.37,134.031,10570.9,1.09693,15.6225,0,0.458093
98.9833,2009.05,134.005,10571.5,1.09684,15.6283,0,0.458093
99,2007.72,133.979,10572,1.09675,15.6341,0,0.458093
99.0167,2006.39,133.953,10572.6,1.09666,15.6399,0,0.458093
99.0333,2005.05,133.927,10573.2,1.09658,15.6457,0,0.458093
99.05,2003.71,133.9,10573.7,1.09649,15.6515,0,0.458093
99.0667,2002.37,133.874,10574.3,1.0964,15.6573,0,0.458093
99.0833,2001.02,133.848,10574.8,1.09631,15.6631,0,0.458093
99.1,1999.67,133.822,10575.4,1.09622,15.6689,0,0.458093
99.1167,1998.31,133.795,10575.9,1.09613,15.6748,0,0.458093
99.1333,1996.95,133.769,10576.5,1.09604,15.6806,0,0.458093
99.15,1995.59,133.743,10577,1.09595,15.6865,0,0.458093
99.1667,1994.22,133.716,10577.6,1.09586,15.6923,0,0.458093
99.1833,1992.85,133.69,10578.2,1.09577,15.6982,0,0.458093
99.2,1991.47,133.663,10578.7,1.09568,15.7041,0,0.458093
99.2167,1990.09,133.637,10579.3,1.09559,15.71,0,0.458093
99.2333,1988.7,133.611,10579.8,1.0955,15.7159,0,0.458093
99.25,1987.31,133.584,10580.4,1.09541,15.7218,0,0.458093
99.2667,1985.92,133.558,10580.9,1.09533,15.7277,0,0.458093
99.2833,1984.52,133.531,10581.5,1.09524,15.7336,0,0.458093
99.3,1983.12,133.505,10582,1.09515,15.7395,0,0.458093
99.3167,1981.71,133.478,10582.6,1.09506,15.7455,0,0.458093
99.3333,1980.3,133.452,10583.1,1.09497,15.7514,0,0.458093
99.35,1978.88,133.425,10583.7,1.09488,15.7574,0,0.458093
99.3667,1977.46,133.398,10584.2,1.09479,15.7633,0,0.458093
99.3833,1976.04,133.372,10584.8,1.0947,15.7693,0,0.458093
99.4,1974.61,133.345,10585.3,1.09461,15.7753,0,0.458093
99.4167,1973.18,133.318,10585.9,1.09452,15.7813,0,0.458093
99.4333,1971.74,133.292,10586.4,1.09443,15.7873,0,0.458093
99.45,1970.3,133.265,10587,1.09434,15.7933,0,0.458093
99.4667,1968.86,133.238,10587.5,1.09426,15.7993,0,0.458093
99.4833,1967.41,133.212,10588.1,1.09417,15.8053,0,0.458093
99.5,1965.96,133.185,10588.6,1.09408,15.8114,0,0.458093
99.5167,1964.5,133.158,10589.1,1.09399,15.8174,0,0.458093
99.5333,1963.04,133.131,10589.7,1.0939,15.8235,0,0.458093
99.55,1961.57,133.105,10590.2,1.09381,15.8295,0,0.458093
99.5667,1960.1,133.078,10590.8,1.09372,15.8356,0,0.458093
99.5833,1958.63,133.051,10591.3,1.09363,15.8417,0,0.458093
99.6,1957.15,133.024,10591.9,1.09354,15.8478,0,0.458093
99.6167,1955.67,132.997,10592.4,1.09345,15.8539,0,0.458093
99.6333,1954.19,132.97,10593,1.09337,15.86,0,0.458093
99.65,1952.7,132.943,10593.5,1.09328,15.8661,0,0.458093
99.6667,1951.2,132.916,10594,1.09319,15.8722,0,0.458093
99.6833,1949.7,132.889,10594.6,1.0931,15.8783,0,0.458093
99.7,1948.2,132.862,10595.1,1.09301,15.8845,0,0.458093
99.7167,1946.69,132.835,10595.7,1.09292,15.8906,0,0.458093
99.7333,1945.18,132.808,10596.2,1.09283,15.8968,0,0.458093
99.75,1943.67,132.781,10596.7,1.09274,15.9029,0,0.458093
99.7667,1942.15,132.754,10597.3,1.09265,15.9091,0,0.458093
99.7833,1940.63,132.727,10597.8,1.09257,15.9153,0,0.458093
99.8,1939.1,132.7,10598.4,1.09248,15.9215,0,0.458093
99.8167,1937.57,132.673,10598.9,1.09239,15.9277,0,0.458093
99.8333,1936.04,132.646,10599.4,1.0923,15.9339,0,0.458093
99.85,1934.5,132.619,10600,1.09221,15.9401,0,0.458093
99.8667,1932.95,132.592,10600.5,1.09212,15.9463,0,0.458093
99.8833,1931.41,132.564,10601.1,1.09203,15.9525,0,0.458093
99.9,1929.85,132.537,10601.6,1.09194,15.9588,0,0.458093
99.9167,1928.3,132.51,10602.1,1.09186,15.965,0,0.458093
99.9333,1926.74,132.483,10602.7,1.09177,15.9713,0,0.458093
99.95,1925.18,132.456,10603.2,1.09168,15.9775,0,0.458093
99.9667,1923.61,132.428,10603.7,1.09159,15.9838,0,0.458093
99.9833,1922.04,132.401,10604.3,1.0915,15.9901,0,0.458093
100,1920.46,132.374,10604.8,1.09141,15.9964,0,0.458093
100.017,1918.88,132.346,10605.3,1.09132,16.0027,0,0.458093
100.033,1917.3,132.319,10605.9,1.09123,16.009,0,0.458093
100.05,1915.71,132.292,10606.4,1.09115,16.0153,0,0.458093
100.067,1914.12,132.264,10606.9,1.09106,16.0216,0,0.458093
100.083,1912.52,132.237,10607.5,1.09097,16.028,0,0.458093
100.1,1910.92,132.21,10608,1.09088,16.0343,0,0.458093
100.117,1909.32,132.182,10608.5,1.09079,16.0407,0,0.458093
100.133,1907.71,132.155,10609,1.0907,16.047,0,0.458093
100.15,1906.1,132.127,10609.6,1.09062,16.0534,0,0.458093
100.167,1904.48,132.1,10610.1,1.09053,16.0598,0,0.458093
100.183,1902.86,132.072,10610.6,1.09044,16.0661,0,0.458093
100.2,1901.24,132.045,10611.2,1.09035,16.0725,0,0.458093
100.217,1899.61,132.017,10611.7,1.09026,16.0789,0,0.458093
100.233,1897.98,131.99,10612.2,1.09017,16.0853,0,0.458093
100.25,1896.34,131.962,10612.7,1.09008,16.0918,0,0.458093
100.267,1894.7,131.935,10613.3,1.09,16.0982,0,0.458093
100.283,1893.06,131.907,10613.8,1.08991,16.1046,0,0.458093
100.3,1891.41,131.879,10614.3,1.08982,16.1111,0,0.458093
100.317,1889.76,131.852,10614.9,1.08973,16.1175,0,0.458093
100.333,1888.1,131.824,10615.4,1.08964,16.124,0,0.458093
100.35,1886.44,131.796,10615.9,1.08956,16.1305,0,0.458093
100.367,1884.78,131.769,10616.4,1.08947,16.1369,0,0.458093
100.383,1883.11,131.741,10616.9,1.08938,16.1434,0,0.458093
100.4,1881.44,131.713,10617.5,1.08929,16.1499,0,0.458093
100.417,1879.76,131.686,10618,1.0892,16.1564,0,0.458093
100.433,1878.08,131.658,10618.5,1.08911,16.1629,0,0.458093
100.45,1876.4,131.63,10619,1.08903,16.1694,0,0.458093
100.467,1874.71,131.602,10619.6,1.08894,16.176,0,0.458093
100.483,1873.02,131.574,10620.1,1.08885,16.1825,0,0.458093
100.5,1871.32,131.547,10620.6,1.08876,16.189,0,0.458093
100.517,1869.62,131.519,10621.1,1.08867,16.1956,0,0.458093
100.533,1867.92,131.491,10621.6,1.08859,16.2022,0,0.458093
100.55,1866.21,131.463,10622.2,1.0885,16.2087,0,0.458093
100.567,1864.5,131.435,10622.7,1.08841,16.2153,0,0.458093
100.583,1862.79,131.407,10623.2,1.08832,16.2219,0,0.458093
100.6,1861.07,131.379,10623.7,1.08823,16.2285,0,0.458093
100.617,1859.35,131.352,10624.2,1.08815,16.2351,0,0.458093
100.633,1857.62,131.324,10624.7,1.08806,16.2417,0,0.458093
100.65,1855.89,131.296,10625.3,1.08797,16.2483,0,0.458093
100.667,1854.15,131.268,10625.8,1.08788,16.255,0,0.458093
100.683,1852.42,131.24,10626.3,1.08779,16.2616,0,0.458093
100.7,1850.67,131.212,10626.8,1.08771,16.2682,0,0.458093
100.717,1848.93,131.184,10627.3,1.08762,16.2749,0,0.458093
100.733,1847.18,131.156,10627.8,1.08753,16.2816,0,0.458093
100.75,1845.42,131.128,10628.3,1.08744,16.2882,0,0.458093
100.767,1843.67,131.1,10628.9,1.08736,16.2949,0,0.458093
100.783,1841.9,131.071,10629.4,1.08727,16.3016,0,0.458093
100.8,1840.14,131.043,10629.9,1.08718,16.3083,0,0.458093
100.817,1838.37,131.015,10630.4,1.08709,16.315,0,0.458093
100.833,1836.6,130.987,10630.9,1.087,16.3217,0,0.458093
100.85,1834.82,130.959,10631.4,1.08692,16.3284,0,0.458093
100.867,1833.04,130.931,10631.9,1.08683,16.3351,0,0.458093
100.883,1831.25,130.903,10632.4,1.08674,16.3419,0,0.458093
100.9,1829.46,130.874,10632.9,1.08665,16.3486,0,0.458093
100.917,1827.67,130.846,10633.4,1.08657,16.3554,0,0.458093
100.933,1825.88,130.818,10633.9,1.08648,16.3621,0,0.458093
100.95,1824.08,130.79,10634.5,1.08639,16.3689,0,0.458093
100.967,1822.27,130.762,10635,1.0863,16.3757,0,0.458093
100.983,1820.46,130.733,10635.5,1.08622,16.3825,0,0.458093
101,1818.65,130.705,10636,1.08613,16.3893,0,0.458093
101.017,1816.84,130.677,10636.5,1.08604,16.3961,0,0.458093
101.033,1815.02,130.649,10637,1.08596,16.4029,0,0.458093
101.05,1813.2,130.62,10637.5,1.08587,16.4097,0,0.458093
101.067,1811.37,130.592,10638,1.08578,16.4165,0,0.458093
101.083,1809.54,130.564,10638.5,1.08569,16.4234,0,0.458093
101.1,1807.71,130.535,10639,1.08561,16.4302,0,0.458093
101.117,1805.87,130.507,10639.5,1.08552,16.4371,0,0.458093
101.133,1804.03,130.478,10640,1.08543,16.4439,0,0.458093
101.15,1802.18,130.45,10640.5,1.08534,16.4508,0,0.458093
101.167,1800.33,130.422,10641,1.08526,16.4577,0,0.458093
101.183,1798.48,130.393,10641.5,1.08517,16.4646,0,0.458093
101.2,1796.62,130.365,10642,1.08508,16.4715,0,0.458093
101.217,1794.76,130.336,10642.5,1.085,16.4784,0,0.458093
101.233,1792.9,130.308,10643,1.08491,16.4853,0,0.458093
101.25,1791.03,130.279,10643.5,1.08482,16.4922,0,0.458093
101.267,1789.16,130.251,10644,1.08474,16.4991,0,0.458093
101.283,1787.28,130.222,10644.5,1.08465,16.5061,0,0.458093
101.3,1785.4,130.194,10645,1.08456,16.513,0,0.458093
101.317,1783.52,130.165,10645.5,1.08447,16.52,0,0.458093
101.333,1781.63,130.137,10646,1.08439,16.5269,0,0.458093
101.35,1779.74,130.108,10646.5,1.0843,16.5339,0,0.458093
101.367,1777.85,130.08,10647,1.08421,16.5409,0,0.458093
101.383,1775.95,130.051,10647.5,1.08413,16.5478,0,0.458093
101.4,1773.3,130.022,10647.9,0.0918575,16.5555,0,0.458093
101.417,1767.98,129.994,10648.4,0.0919016,16.5644,0,0.458093
101.433,1760.28,129.965,10648.9,0.0919478,16.5737,0,0.458093
101.45,1750.38,129.937,10649.4,0.0919958,16.5833,0,0.458093
101.467,1738.46,129.908,10649.9,0.0920456,16.5932,0,0.458093
101.483,1724.69,129.88,10650.4,0.092097,16.6034,0,0.458093
101.5,1709.23,129.852,10650.9,0.0921497,16.6139,0,0.458093
101.517,1692.2,129.824,10651.3,0.0922036,16.6245,0,0.458093
101.533,1675.35,129.797,10651.8,1.08456,16.6342,0,0.458093
101.55,1659.8,129.769,10652.3,1.0846,16.6432,0,0.458093
101.567,1645.36,129.742,10652.7,1.08462,16.652,0,0.458093
101.583,1631.2,129.715,10653.2,0.0923892,16.6614,0,0.458093
101.6,1616.91,129.689,10653.6,1.08472,16.6705,0,0.458093
101.617,1603.3,129.662,10654.1,0.0924803,16.6795,0,0.458093
101.633,1589.65,129.636,10654.5,1.08481,16.6884,0,0.458093
101.65,1575.44,129.609,10655,0.0925743,16.6981,0,0.458093
101.667,1561.1,129.583,10655.4,1.08494,16.7072,0,0.458093
101.683,1547.86,129.557,10655.8,1.08497,16.7156,0,0.458093
101.7,1535.52,129.532,10656.2,0.0927056,16.724,0,0.458093
101.717,1521.96,129.506,10656.7,0.0927533,16.7337,0,0.458093
101.733,1508.28,129.481,10657.1,1.08513,16.7425,0,0.458093
101.75,1495.65,129.456,10657.5,1.08516,16.7508,0,0.458093
101.767,1483.91,129.431,10657.9,1.08518,16.7589,0,0.458093
101.783,1471.84,129.406,10658.3,0.0929251,16.7678,0,0.458093
101.8,1459.44,129.381,10658.7,1.08529,16.7763,0,0.458093
101.817,1448.01,129.357,10659.1,1.08531,16.7843,0,0.458093
101.833,1435.75,129.332,10659.5,0.093054,16.7934,0,0.458093
101.85,1423.22,129.308,10659.9,1.08543,16.8019,0,0.458093
101.867,1411.66,129.284,10660.3,1.08546,16.8098,0,0.458093
101.883,1400.86,129.26,10660.7,0.0931768,16.8176,0,0.458093
101.9,1389.6,129.236,10661.1,0.0932188,16.8262,0,0.458093
101.917,1378.06,129.213,10661.5,1.08558,16.8344,0,0.458093
101.933,1367.39,129.189,10661.9,0.0932999,16.8421,0,0.458093
101.95,1355.37,129.166,10662.3,0.0933444,16.8511,0,0.458093
101.967,1343.13,129.143,10662.6,1.08574,16.8593,0,0.458093
101.983,1331.84,129.12,10663,1.08577,16.867,0,0.458093
102,1321.34,129.097,10663.4,1.08579,16.8745,0,0.458093
102.017,1311.38,129.074,10663.7,0.0935005,16.8821,0,0.458093
102.033,1301.13,129.051,10664.1,0.0935402,16.89,0,0.458093
102.05,1290.85,129.029,10664.5,0.0935798,16.8977,0,0.458093
102.067,1279.3,129.006,10664.8,0.0936228,16.9065,0,0.458093
102.083,1267.49,128.984,10665.2,1.08603,16.9144,0,0.458093
102.1,1256.61,128.962,10665.5,1.08606,16.9218,0,0.458093
102.117,1246.48,128.94,10665.9,1.08608,16.929,0,0.458093
102.133,1237.02,128.918,10666.2,0.0937732,16.9362,0,0.458093
102.15,1227,128.897,10666.6,0.0938119,16.9441,0,0.458093
102.167,1216.63,128.875,10666.9,1.08619,16.9517,0,0.458093
102.183,1207.03,128.854,10667.2,0.0938865,16.9587,0,0.458093
102.2,1197.21,128.832,10667.6,0.0939235,16.9663,0,0.458093
102.217,1187.14,128.811,10667.9,1.0863,16.9737,0,0.458093
102.233,1177.11,128.79,10668.2,0.0939987,16.9813,0,0.458093
102.25,1166.68,128.769,10668.5,1.08639,16.9886,0,0.458093
102.267,1157.08,128.749,10668.9,1.08641,16.9955,0,0.458093
102.283,1146.54,128.728,10669.2,0.0941104,17.0035,0,0.458093
102.3,1135.61,128.707,10669.5,1.08652,17.0108,0,0.458093
102.317,1125.55,128.687,10669.8,1.08655,17.0176,0,0.458093
102.333,1116.2,128.667,10670.1,1.08656,17.0243,0,0.458093
102.35,1106.75,128.647,10670.4,0.0942515,17.0315,0,0.458093
102.367,1096.86,128.627,10670.7,1.08665,17.0386,0,0.458093
102.383,1087.76,128.607,10671,1.08666,17.0452,0,0.458093
102.4,1077.69,128.587,10671.3,0.0943584,17.0528,0,0.458093
102.417,1067.2,128.567,10671.6,1.08678,17.0598,0,0.458093
102.433,1057.55,128.548,10671.9,1.0868,17.0663,0,0.458093
102.45,1048.59,128.529,10672.2,1.08681,17.0727,0,0.458093
102.467,1039.11,128.509,10672.5,0.0944947,17.0799,0,0.458093
102.483,1029.15,128.49,10672.8,1.08691,17.0867,0,0.458093
102.5,1019.99,128.471,10673.1,1.08692,17.093,0,0.458093
102.517,1011.05,128.452,10673.4,0.0945935,17.0996,0,0.458093
102.533,1001.76,128.434,10673.7,1.08699,17.1062,0,0.458093
102.55,992.47,128.415,10673.9,0.0946607,17.1129,0,0.458093
102.567,982.738,128.397,10674.2,1.08707,17.1195,0,0.458093
102.583,973.79,128.378,10674.5,1.08708,17.1256,0,0.458093
102.6,963.878,128.36,10674.7,0.0947604,17.1328,0,0.458093
102.617,953.553,128.342,10675,1.08719,17.1393,0,0.458093
102.633,944.063,128.324,10675.3,1.08721,17.1453,0,0.458093
102.65,935.255,128.306,10675.5,1.08723,17.1512,0,0.458093
102.667,926.647,128.288,10675.8,0.0948843,17.1574,0,0.458093
102.683,917.67,128.271,10676.1,1.08729,17.1636,0,0.458093
102.7,908.679,128.253,10676.3,0.0949475,17.17,0,0.458093
102.717,899.233,128.236,10676.6,1.08736,17.1762,0,0.458093
102.733,890.521,128.219,10676.8,0.0950086,17.1819,0,0.458093
102.75,881.547,128.202,10677.1,0.0950388,17.1882,0,0.458093
102.767,872.297,128.185,10677.3,1.08745,17.1942,0,0.458093
102.783,863.38,128.168,10677.5,0.095099,17.2001,0,0.458093
102.8,854.126,128.151,10677.8,1.08751,17.2061,0,0.458093
102.817,845.208,128.134,10678,0.0951585,17.212,0,0.458093
102.833,835.956,128.118,10678.2,1.08757,17.2178,0,0.458093
102.85,827.041,128.101,10678.5,0.0952171,17.2236,0,0.458093
102.867,817.794,128.085,10678.7,1.08763,17.2294,0,0.458093
102.883,808.886,128.069,10678.9,0.0952749,17.2351,0,0.458093
102.9,799.647,128.053,10679.2,1.08769,17.2408,0,0.458093
102.917,790.749,128.037,10679.4,0.0953319,17.2465,0,0.458093
102.933,781.522,128.021,10679.6,1.08775,17.2521,0,0.458093
102.95,772.883,128.006,10679.8,0.0953874,17.2574,0,0.458093
102.967,764.052,127.99,10680,0.0954157,17.2629,0,0.458093
102.983,755.072,127.975,10680.2,0.0954431,17.2686,0,0.458093
103,745.833,127.96,10680.4,1.08787,17.274,0,0.458093
103.017,737.187,127.945,10680.6,0.095497,17.2792,0,0.458093
103.033,728.39,127.93,10680.8,1.08791,17.2845,0,0.458093
103.05,718.736,127.915,10681,0.0955537,17.2906,0,0.458093
103.067,708.68,127.9,10681.2,1.08801,17.2959,0,0.458093
103.083,699.465,127.886,10681.4,1.08802,17.3008,0,0.458093
103.1,690.935,127.871,10681.6,1.08803,17.3056,0,0.458093
103.117,682.612,127.857,10681.8,0.0956549,17.3107,0,0.458093
103.133,673.928,127.843,10682,1.08808,17.3158,0,0.458093
103.15,665.554,127.829,10682.2,0.0957055,17.3208,0,0.458093
103.167,656.824,127.815,10682.4,1.08813,17.3258,0,0.458093
103.183,648.41,127.801,10682.6,0.0957554,17.3307,0,0.458093
103.2,639.647,127.787,10682.7,1.08818,17.3356,0,0.458093
103.217,631.203,127.773,10682.9,0.0958044,17.3404,0,0.458093
103.233,622.415,127.76,10683.1,1.08823,17.3453,0,0.458093
103.25,613.951,127.747,10683.3,0.0958526,17.35,0,0.458093
103.267,605.146,127.733,10683.4,1.08828,17.3548,0,0.458093
103.283,596.668,127.72,10683.6,0.0959,17.3594,0,0.458093
103.3,587.853,127.707,10683.8,1.08833,17.3641,0,0.458093
103.317,579.369,127.695,10683.9,0.0959466,17.3687,0,0.458093
103.333,570.549,127.682,10684.1,1.08838,17.3733,0,0.458093
103.35,562.308,127.669,10684.2,0.0959917,17.3775,0,0.458093
103.367,553.906,127.657,10684.4,1.08842,17.382,0,0.458093
103.383,544.638,127.645,10684.5,0.0960397,17.3872,0,0.458093
103.4,534.96,127.632,10684.7,1.08851,17.3916,0,0.458093
103.417,526.112,127.62,10684.8,1.08851,17.3957,0,0.458093
103.433,517.939,127.608,10685,1.08852,17.3996,0,0.458093
103.45,510.21,127.597,10685.1,0.0961227,17.4035,0,0.458093
103.467,502.249,127.585,10685.3,0.0961443,17.4077,0,0.458093
103.483,494.101,127.573,10685.4,0.0961651,17.4121,0,0.458093
103.5,485.66,127.562,10685.5,1.0886,17.4162,0,0.458093
103.517,477.531,127.551,10685.7,0.0962063,17.4203,0,0.458093
103.533,469.052,127.54,10685.8,1.08865,17.4243,0,0.458093
103.55,461.136,127.529,10685.9,0.096246,17.428,0,0.458093
103.567,453.045,127.518,10686.1,1.08868,17.432,0,0.458093
103.583,444.076,127.507,10686.2,0.0962887,17.4366,0,0.458093
103.6,434.688,127.496,10686.3,1.08876,17.4406,0,0.458093
103.617,426.117,127.486,10686.4,1.08877,17.4441,0,0.458093
103.633,418.21,127.475,10686.6,1.08877,17.4474,0,0.458093
103.65,410.736,127.465,10686.7,0.0963612,17.4509,0,0.458093
103.667,403.06,127.455,10686.8,1.08879,17.4545,0,0.458093
103.683,394.478,127.445,10686.9,0.096401,17.4589,0,0.458093
103.7,385.452,127.435,10687,1.08887,17.4626,0,0.458093
103.717,377.22,127.425,10687.1,1.08888,17.4658,0,0.458093
103.733,369.63,127.416,10687.2,1.08888,17.4689,0,0.458093
103.75,362.208,127.406,10687.3,0.0964685,17.4723,0,0.458093
103.767,354.396,127.397,10687.4,1.08891,17.4757,0,0.458093
103.783,346.859,127.387,10687.5,0.0965026,17.4791,0,0.458093
103.8,338.942,127.378,10687.6,1.08895,17.4824,0,0.458093
103.817,331.557,127.369,10687.7,0.0965352,17.4854,0,0.458093
103.833,323.971,127.36,10687.8,1.08897,17.4886,0,0.458093
103.85,315.483,127.351,10687.9,0.0965709,17.4926,0,0.458093
103.867,306.555,127.343,10688,1.08905,17.4958,0,0.458093
103.883,298.422,127.334,10688,1.08905,17.4986,0,0.458093
103.9,290.932,127.326,10688.1,1.08905,17.5013,0,0.458093
103.917,283.856,127.318,10688.2,0.0966293,17.504,0,0.458093
103.933,276.562,127.309,10688.3,1.08907,17.507,0,0.458093
103.95,268.348,127.301,10688.4,0.0966623,17.5107,0,0.458093
103.967,259.679,127.293,10688.4,1.08914,17.5136,0,0.458093
103.983,251.788,127.286,10688.5,1.08914,17.5162,0,0.458093
104,244.526,127.278,10688.6,1.08914,17.5186,0,0.458093
104.017,237.807,127.27,10688.6,0.0967155,17.521,0,0.458093
104.033,230.746,127.263,10688.7,0.0967291,17.5239,0,0.458093
104.05,223.341,127.256,10688.8,1.08918,17.5266,0,0.458093
104.067,216.439,127.248,10688.8,0.0967553,17.529,0,0.458093
104.083,209.312,127.241,10688.9,1.0892,17.5316,0,0.458093
104.1,201.719,127.234,10688.9,0.0967832,17.5346,0,0.458093
104.117,193.606,127.228,10689,1.08925,17.5372,0,0.458093
104.133,186.234,127.221,10689,1.08925,17.5393,0,0.458093
104.15,179.457,127.214,10689.1,1.08925,17.5413,0,0.458093
104.167,171.646,127.208,10689.1,0.0968332,17.5445,0,0.458093
104.183,163.359,127.201,10689.2,1.08932,17.5469,0,0.458093
104.2,155.831,127.195,10689.2,1.08931,17.5488,0,0.458093
104.217,148.914,127.189,10689.3,1.08931,17.5507,0,0.458093
104.233,142.559,127.183,10689.3,1.08931,17.5526,0,0.458093
104.25,135.14,127.177,10689.4,0.096889,17.5555,0,0.458093
104.267,127.22,127.172,10689.4,1.08937,17.5577,0,0.458093
104.283,120.033,127.166,10689.4,1.08937,17.5594,0,0.458093
104.3,113.434,127.16,10689.5,1.08937,17.5611,0,0.458093
104.317,107.375,127.155,10689.5,1.08936,17.5627,0,0.458093
104.333,100.233,127.15,10689.5,0.0969395,17.5654,0,0.458093
104.35,92.5723,127.145,10689.5,1.08942,17.5674,0,0.458093
104.367,85.6275,127.14,10689.6,1.08942,17.5689,0,0.458093
104.383,79.2546,127.135,10689.6,1.08941,17.5704,0,0.458093
104.4,73.3718,127.13,10689.6,0.0969734,17.5719,0,0.458093
104.417,67.3452,127.125,10689.6,0.0969817,17.5736,0,0.458093
104.433,61.1011,127.12,10689.7,1.08943,17.5753,0,0.458093
104.45,54.3376,127.116,10689.7,0.097001,17.5775,0,0.458093
104.467,47.0089,127.111,10689.7,1.08948,17.5792,0,0.458093
104.483,40.3743,127.107,10689.7,1.08947,17.5805,0,0.458093
104.5,34.2919,127.103,10689.7,1.08947,17.5817,0,0.458093
104.517,27.9799,127.099,10689.7,0.0970313,17.5834,0,0.458093
104.533,21.1165,127.095,10689.7,1.0895,17.585,0,0.458093
104.55,14.9125,127.091,10689.7,1.08949,17.5861,0,0.458093
104.567,9.19247,127.087,10689.7,0.0970513,17.5871,0,0.458093
104.583,3.07903,127.084,10689.7,0.0970583,17.5887,0,0.458093
104.6,-3.42419,127.08,10689.7,1.08952,17.5901,0,0.458093
104.617,-9.29415,127.077,10689.7,1.08951,17.591,0,0.458093
104.633,-15.7912,127.074,10689.7,0.0970793,17.5928,0,0.458093
104.65,-22.8649,127.07,10689.7,1.08956,17.5941,0,0.458093
104.667,-29.2572,127.067,10689.7,1.08955,17.5949,0,0.458093
104.683,-35.1089,127.064,10689.7,1.08954,17.5957,0,0.458093
104.7,-40.6401,127.061,10689.7,0.0970995,17.5966,0,0.458093
104.717,-46.4721,127.059,10689.7,1.08955,17.5977,0,0.458093
104.733,-52.4573,127.056,10689.7,0.0971111,17.599,0,0.458093
104.75,-59.0089,127.053,10689.6,1.08958,17.6,0,0.458093
104.767,-64.9171,127.051,10689.6,1.08957,17.6007,0,0.458093
104.783,-70.3196,127.049,10689.6,1.08957,17.6012,0,0.458093
104.8,-76.8337,127.046,10689.6,0.0971313,17.6029,0,0.458093
104.817,-83.8914,127.044,10689.6,1.08962,17.6038,0,0.458093
104.833,-90.2622,127.042,10689.5,1.08961,17.6043,0,0.458093
104.85,-96.0872,127.04,10689.5,1.08961,17.6047,0,0.458093
104.867,-101.41,127.038,10689.5,1.0896,17.6051,0,0.458093
104.883,-106.27,127.037,10689.5,1.08959,17.6055,0,0.458093
104.9,-111.825,127.035,10689.4,0.0971512,17.6067,0,0.458093
104.917,-118.02,127.034,10689.4,1.08963,17.6073,0,0.458093
104.933,-123.594,127.032,10689.4,1.08962,17.6076,0,0.458093
104.95,-128.682,127.031,10689.3,1.08961,17.6078,0,0.458093
104.967,-133.323,127.03,10689.3,1.0896,17.608,0,0.458093
104.983,-139.129,127.029,10689.3,0.0971651,17.6093,0,0.458093
105,-145.526,127.028,10689.2,1.08965,17.6098,0,0.458093
105.017,-151.283,127.027,10689.2,1.08965,17.6099,0,0.458093
105.033,-156.536,127.026,10689.1,1.08964,17.61,0,0.458093
105.05,-161.326,127.025,10689.1,1.08963,17.61,0,0.458093
105.067,-165.689,127.025,10689,1.08962,17.61,0,0.458093
105.083,-170.081,127.024,10689,0.0971709,17.6103,0,0.458093
105.1,-175.035,127.023,10688.9,1.08963,17.6105,0,0.458093
105.117,-179.461,127.023,10688.9,1.08962,17.6104,0,0.458093
105.133,-183.909,127.023,10688.8,0.0971733,17.6106,0,0.458093
105.15,-188.913,127.023,10688.8,1.08963,17.6108,0,0.458093
105.167,-193.383,127.022,10688.7,1.08962,17.6107,0,0.458093
105.183,-197.869,127.022,10688.7,0.0971745,17.6108,0,0.458093
105.2,-202.906,127.023,10688.6,1.08964,17.6109,0,0.458093
105.217,-207.405,127.023,10688.6,1.08962,17.6106,0,0.458093
105.233,-211.673,127.023,10688.5,0.0971737,17.6104,0,0.458093
105.25,-216.32,127.023,10688.5,1.08963,17.6104,0,0.458093
105.267,-220.496,127.024,10688.4,0.0971728,17.61,0,0.458093
105.283,-224.776,127.024,10688.3,0.0971721,17.6099,0,0.458093
105.3,-229.093,127.025,10688.3,0.0971713,17.6097,0,0.458093
105.317,-233.407,127.025,10688.2,1.08961,17.6094,0,0.458093
105.333,-238.84,127.026,10688.1,0.0971725,17.61,0,0.458093
105.35,-244.88,127.027,10688.1,1.08966,17.6099,0,0.458093
105.367,-250.298,127.028,10688,1.08965,17.6094,0,0.458093
105.383,-255.227,127.029,10687.9,1.08964,17.6088,0,0.458093
105.4,-259.708,127.03,10687.9,1.08963,17.6082,0,0.458093
105.417,-263.775,127.031,10687.8,1.08962,17.6076,0,0.458093
105.433,-267.463,127.032,10687.7,1.08961,17.6069,0,0.458093
105.45,-270.977,127.034,10687.6,0.0971555,17.6063,0,0.458093
105.467,-274.923,127.035,10687.6,1.08961,17.606,0,0.458093
105.483,-278.411,127.037,10687.5,1.08959,17.6052,0,0.458093
105.5,-283.137,127.038,10687.4,0.0971515,17.6055,0,0.458093
105.517,-288.52,127.04,10687.3,1.08964,17.6051,0,0.458093
105.533,-293.328,127.042,10687.3,1.08963,17.6043,0,0.458093
105.55,-297.692,127.044,10687.2,1.08962,17.6035,0,0.458093
105.567,-301.649,127.045,10687.1,1.08961,17.6026,0,0.458093
105.583,-305.229,127.048,10687,1.0896,17.6017,0,0.458093
105.6,-308.464,127.05,10686.9,1.08958,17.6007,0,0.458093
105.617,-311.38,127.052,10686.8,1.08957,17.5997,0,0.458093
105.633,-314.423,127.054,10686.7,0.0971205,17.5991,0,0.458093
105.65,-318.117,127.056,10686.7,1.08958,17.5984,0,0.458093
105.667,-321.368,127.059,10686.6,1.08957,17.5974,0,0.458093
105.683,-324.298,127.061,10686.5,1.08955,17.5963,0,0.458093
105.7,-327.109,127.064,10686.4,0.0971031,17.5954,0,0.458093
105.717,-330.401,127.066,10686.3,1.08955,17.5946,0,0.458093
105.733,-333.281,127.069,10686.2,1.08954,17.5935,0,0.458093
105.75,-336.603,127.071,10686.1,0.0970908,17.5929,0,0.458093
105.767,-340.665,127.074,10686,1.08956,17.5921,0,0.458093
105.783,-344.252,127.077,10685.9,1.08955,17.5909,0,0.458093
105.8,-347.488,127.08,10685.8,1.08953,17.5897,0,0.458093
105.817,-350.4,127.083,10685.7,1.08952,17.5885,0,0.458093
105.833,-353.015,127.086,10685.6,1.08951,17.5872,0,0.458093
105.85,-356.474,127.089,10685.5,0.0970609,17.5867,0,0.458093
105.867,-360.705,127.092,10685.4,1.08954,17.5858,0,0.458093
105.883,-364.445,127.095,10685.3,1.08952,17.5845,0,0.458093
105.9,-367.819,127.099,10685.2,1.08951,17.5831,0,0.458093
105.917,-370.856,127.102,10685.1,1.0895,17.5818,0,0.458093
105.933,-373.583,127.105,10685,1.08949,17.5804,0,0.458093
105.95,-376.025,127.109,10684.9,1.08947,17.5789,0,0.458093
105.967,-378.204,127.112,10684.8,1.08946,17.5775,0,0.458093
105.983,-380.318,127.116,10684.7,0.0970096,17.5761,0,0.458093
106,-382.962,127.12,10684.6,1.08945,17.575,0,0.458093
106.017,-385.241,127.123,10684.5,1.08944,17.5735,0,0.458093
106.033,-387.305,127.127,10684.4,0.09699,17.572,0,0.458093
106.05,-389.585,127.131,10684.3,1.08942,17.5707,0,0.458093
106.067,-391.976,127.135,10684.2,0.0969766,17.5695,0,0.458093
106.083,-395.059,127.139,10684.1,1.08943,17.5683,0,0.458093
106.1,-397.74,127.143,10684,1.08942,17.5667,0,0.458093
106.117,-400.136,127.147,10683.8,1.0894,17.5651,0,0.458093
106.133,-402.269,127.151,10683.7,1.08939,17.5634,0,0.458093
106.15,-404.198,127.155,10683.6,0.0969401,17.5618,0,0.458093
106.167,-406.352,127.159,10683.5,1.08937,17.5604,0,0.458093
106.183,-408.625,127.163,10683.4,0.0969255,17.559,0,0.458093
106.2,-411.597,127.168,10683.3,1.08938,17.5577,0,0.458093
106.217,-414.174,127.172,10683.2,1.08936,17.556,0,0.458093
106.233,-416.472,127.176,10683,1.08935,17.5543,0,0.458093
106.25,-418.514,127.181,10682.9,1.08934,17.5525,0,0.458093
106.267,-420.32,127.185,10682.8,1.08932,17.5508,0,0.458093
106.283,-422.644,127.19,10682.7,0.096879,17.5496,0,0.458093
106.3,-425.775,127.195,10682.6,1.08934,17.5481,0,0.458093
106.317,-428.496,127.199,10682.5,1.08933,17.5463,0,0.458093
106.333,-430.926,127.204,10682.3,1.08931,17.5445,0,0.458093
106.35,-433.087,127.209,10682.2,1.0893,17.5427,0,0.458093
106.367,-435.002,127.214,10682.1,1.08929,17.5408,0,0.458093
106.383,-436.689,127.219,10682,1.08927,17.5389,0,0.458093
106.4,-438.166,127.224,10681.9,1.08926,17.537,0,0.458093
106.417,-439.451,127.228,10681.7,1.08924,17.5351,0,0.458093
106.433,-440.559,127.234,10681.6,1.08923,17.5332,0,0.458093
106.45,-443.072,127.239,10681.5,0.0967943,17.5323,0,0.458093
106.467,-446.398,127.244,10681.4,1.08927,17.5307,0,0.458093
106.483,-449.295,127.249,10681.2,1.08926,17.5288,0,0.458093
106.5,-451.885,127.254,10681.1,1.08925,17.5268,0,0.458093
106.517,-454.191,127.259,10681,1.08923,17.5248,0,0.458093
106.533,-456.236,127.265,10680.9,1.08922,17.5228,0,0.458093
106.55,-458.041,127.27,10680.7,1.08921,17.5208,0,0.458093
106.567,-459.624,127.276,10680.6,1.0892,17.5187,0,0.458093
106.583,-461.004,127.281,10680.5,1.08918,17.5167,0,0.458093
106.6,-462.197,127.287,10680.4,1.08917,17.5146,0,0.458093
106.617,-463.218,127.292,10680.2,1.08916,17.5125,0,0.458093
106.633,-464.079,127.298,10680.1,1.08914,17.5104,0,0.458093
106.65,-464.795,127.303,10680,1.08913,17.5083,0,0.458093
106.667,-465.376,127.309,10679.8,1.08912,17.5062,0,0.458093
106.683,-465.833,127.315,10679.7,1.0891,17.5041,0,0.458093
106.7,-466.176,127.32,10679.6,1.08909,17.5019,0,0.458093
106.717,-466.414,127.326,10679.5,1.08907,17.4998,0,0.458093
106.733,-466.555,127.332,10679.3,1.08906,17.4976,0,0.458093
106.75,-466.608,127.338,10679.2,1.08904,17.4954,0,0.458093
106.767,-466.579,127.343,10679.1,1.08903,17.4933,0,0.458093
106.783,-466.894,127.349,10678.9,0.0965923,17.4914,0,0.458093
106.8,-468.057,127.355,10678.8,1.08903,17.4896,0,0.458093
106.817,-468.964,127.361,10678.7,1.08902,17.4874,0,0.458093
106.833,-469.719,127.367,10678.5,1.08901,17.4852,0,0.458093
106.85,-470.335,127.373,10678.4,1.08899,17.483,0,0.458093
106.867,-470.824,127.379,10678.3,1.08898,17.4807,0,0.458093
106.883,-471.195,127.384,10678.1,1.08896,17.4785,0,0.458093
106.9,-471.458,127.39,10678,1.08895,17.4763,0,0.458093
106.917,-471.621,127.396,10677.9,1.08893,17.474,0,0.458093
106.933,-472.427,127.402,10677.8,0.096498,17.4723,0,0.458093
106.95,-474.155,127.408,10677.6,1.08895,17.4704,0,0.458093
106.967,-475.58,127.415,10677.5,1.08893,17.4682,0,0.458093
106.983,-476.811,127.421,10677.4,1.08892,17.4659,0,0.458093
107,-477.865,127.427,10677.2,1.0889,17.4636,0,0.458093
107.017,-478.754,127.433,10677.1,1.08889,17.4613,0,0.458093
107.033,-479.494,127.439,10677,1.08888,17.459,0,0.458093
107.05,-480.094,127.446,10676.8,1.08886,17.4567,0,0.458093
107.067,-480.567,127.452,10676.7,1.08885,17.4544,0,0.458093
107.083,-480.923,127.458,10676.6,1.08883,17.452,0,0.458093
107.1,-481.171,127.464,10676.4,1.08882,17.4497,0,0.458093
107.117,-481.319,127.471,10676.3,1.08881,17.4473,0,0.458093
107.133,-481.376,127.477,10676.2,1.08879,17.445,0,0.458093
107.15,-481.349,127.484,10676,1.08878,17.4426,0,0.458093
107.167,-481.245,127.49,10675.9,1.08876,17.4403,0,0.458093
107.183,-481.069,127.496,10675.8,1.08875,17.4379,0,0.458093
107.2,-480.828,127.503,10675.6,1.08873,17.4355,0,0.458093
107.217,-481.26,127.509,10675.5,0.0963069,17.4337,0,0.458093
107.233,-482.644,127.516,10675.4,1.08875,17.4317,0,0.458093
107.25,-483.751,127.522,10675.2,1.08874,17.4293,0,0.458093
107.267,-484.689,127.529,10675.1,1.08872,17.427,0,0.458093
107.283,-485.472,127.535,10675,1.08871,17.4246,0,0.458093
107.3,-486.113,127.542,10674.8,1.0887,17.4222,0,0.458093
107.317,-486.622,127.548,10674.7,1.08868,17.4197,0,0.458093
107.333,-487.01,127.555,10674.5,1.08867,17.4173,0,0.458093
107.35,-487.287,127.562,10674.4,1.08866,17.4149,0,0.458093
107.367,-487.462,127.568,10674.3,1.08865,17.4125,0,0.458093
107.383,-487.542,127.575,10674.1,1.08863,17.4101,0,0.458093
107.4,-487.536,127.582,10674,1.08862,17.4076,0,0.458093
107.417,-487.451,127.589,10673.9,1.08861,17.4052,0,0.458093
107.433,-487.292,127.595,10673.7,1.08859,17.4027,0,0.458093
107.45,-487.066,127.602,10673.6,1.08858,17.4003,0,0.458093
107.467,-486.778,127.609,10673.5,1.08857,17.3978,0,0.458093
107.483,-486.433,127.616,10673.3,1.08855,17.3954,0,0.458093
107.5,-486.036,127.622,10673.2,1.08854,17.3929,0,0.458093
107.517,-485.59,127.629,10673.1,1.08853,17.3905,0,0.458093
107.533,-485.101,127.636,10672.9,1.08852,17.388,0,0.458093
107.55,-484.57,127.643,10672.8,1.0885,17.3855,0,0.458093
107.567,-484.003,127.65,10672.7,1.08849,17.3831,0,0.458093
107.583,-483.401,127.656,10672.5,1.08848,17.3806,0,0.458093
107.6,-482.768,127.663,10672.4,1.08846,17.3781,0,0.458093
107.617,-482.105,127.67,10672.3,1.08845,17.3756,0,0.458093
107.633,-481.416,127.677,10672.1,1.08844,17.3732,0,0.458093
107.65,-480.703,127.684,10672,1.08842,17.3707,0,0.458093
107.667,-479.968,127.691,10671.9,1.08841,17.3682,0,0.458093
107.683,-479.212,127.698,10671.7,1.0884,17.3657,0,0.458093
107.7,-478.437,127.704,10671.6,1.08838,17.3632,0,0.458093
107.717,-477.645,127.711,10671.5,1.08837,17.3608,0,0.458093
107.733,-476.837,127.718,10671.3,1.08836,17.3583,0,0.458093
107.75,-476.015,127.725,10671.2,1.08834,17.3558,0,0.458093
107.767,-475.18,127.732,10671.1,1.08833,17.3533,0,0.458093
107.783,-474.332,127.739,10670.9,1.08832,17.3508,0,0.458093
107.8,-473.474,127.746,10670.8,1.0883,17.3484,0,0.458093
107.817,-472.605,127.752,10670.7,1.08829,17.3459,0,0.458093
107.833,-471.728,127.759,10670.5,1.08828,17.3434,0,0.458093
107.85,-470.842,127.766,10670.4,1.08826,17.3409,0,0.458093
107.867,-469.949,127.773,10670.3,1.08825,17.3384,0,0.458093
107.883,-469.048,127.78,10670.1,1.08824,17.336,0,0.458093
107.9,-468.142,127.787,10670,1.08822,17.3335,0,0.458093
107.917,-467.23,127.794,10669.9,1.08821,17.331,0,0.458093
107.933,-466.313,127.8,10669.8,1.0882,17.3285,0,0.458093
107.95,-465.391,127.807,10669.6,1.08818,17.326,0,0.458093
107.967,-464.465,127.814,10669.5,1.08817,17.3236,0,0.458093
107.983,-463.536,127.821,10669.4,1.08816,17.3211,0,0.458093
108,-462.603,127.828,10669.2,1.08814,17.3186,0,0.458093
108.017,-461.668,127.835,10669.1,1.08813,17.3162,0,0.458093
108.033,-460.73,127.842,10669,1.08812,17.3137,0,0.458093
108.05,-459.789,127.848,10668.9,1.0881,17.3112,0,0.458093
108.067,-458.847,127.855,10668.7,1.08809,17.3088,0,0.458093
108.083,-457.903,127.862,10668.6,1.08808,17.3063,0,0.458093
108.1,-456.957,127.869,10668.5,1.08807,17.3038,0,0.458093
108.117,-456.011,127.876,10668.3,1.08805,17.3014,0,0.458093
108.133,-455.063,127.883,10668.2,1.08804,17.2989,0,0.458093
108.15,-454.115,127.89,10668.1,1.08803,17.2965,0,0.458093
108.167,-453.166,127.896,10668,1.08802,17.294,0,0.458093
108.183,-452.216,127.903,10667.8,1.088,17.2916,0,0.458093
108.2,-451.266,127.91,10667.7,1.08799,17.2891,0,0.458093
108.217,-450.317,127.917,10667.6,1.08798,17.2867,0,0.458093
108.233,-449.367,127.924,10667.5,1.08797,17.2842,0,0.458093
108.25,-448.417,127.931,10667.3,1.08795,17.2818,0,0.458093
108.267,-447.467,127.938,10667.2,1.08794,17.2794,0,0.458093
108.283,-446.518,127.944,10667.1,1.08793,17.2769,0,0.458093
108.3,-445.569,127.951,10667,1.08792,17.2745,0,0.458093
108.317,-444.621,127.958,10666.8,1.08791,17.2721,0,0.458093
108.333,-443.673,127.965,10666.7,1.0879,17.2696,0,0.458093
108.35,-442.726,127.972,10666.6,1.08788,17.2672,0,0.458093
108.367,-441.779,127.979,10666.5,1.08787,17.2648,0,0.458093
108.383,-440.834,127.985,10666.3,1.08786,17.2624,0,0.458093
108.4,-439.889,127.992,10666.2,1.08785,17.26,0,0.458093
108.417,-438.945,127.999,10666.1,1.08784,17.2576,0,0.458093
108.433,-438.002,128.006,10666,1.08783,17.2551,0,0.458093
108.45,-437.061,128.013,10665.9,1.08782,17.2527,0,0.458093
108.467,-436.12,128.02,10665.7,1.08781,17.2503,0,0.458093
108.483,-435.18,128.026,10665.6,1.0878,17.2479,0,0.458093
108.5,-434.242,128.033,10665.5,1.08779,17.2456,0,0.458093
108.517,-433.305,128.04,10665.4,1.08778,17.2432,0,0.458093
108.533,-432.369,128.047,10665.3,1.08777,17.2408,0,0.458093
108.55,-431.434,128.054,10665.1,1.08776,17.2384,0,0.458093
108.567,-430.5,128.06,10665,1.08775,17.236,0,0.458093
108.583,-429.568,128.067,10664.9,1.08774,17.2336,0,0.458093
108.6,-428.637,128.074,10664.8,1.08773,17.2313,0,0.458093
108.617,-427.708,128.081,10664.7,1.08772,17.2289,0,0.458093
108.633,-426.78,128.088,10664.5,1.08771,17.2265,0,0.458093
108.65,-425.853,128.095,10664.4,1.0877,17.2242,0,0.458093
108.667,-424.928,128.101,10664.3,1.08769,17.2218,0,0.458093
108.683,-424.004,128.108,10664.2,1.08768,17.2195,0,0.458093
108.7,-423.081,128.115,10664.1,1.08767,17.2171,0,0.458093
108.717,-422.16,128.122,10664,1.08766,17.2148,0,0.458093
108.733,-421.24,128.129,10663.8,1.08766,17.2124,0,0.458093
108.75,-420.322,128.135,10663.7,1.08765,17.2101,0,0.458093
108.767,-419.406,128.142,10663.6,1.08764,17.2078,0,0.458093
108.783,-418.49,128.149,10663.5,1.08763,17.2054,0,0.458093
108.8,-417.577,128.156,10663.4,1.08762,17.2031,0,0.458093
108.817,-416.665,128.163,10663.3,1.08762,17.2008,0,0.458093
108.833,-415.754,128.169,10663.1,1.08761,17.1985,0,0.458093
108.85,-414.845,128.176,10663,1.0876,17.1961,0,0.458093
108.867,-413.937,128.183,10662.9,1.08759,17.1938,0,0.458093
108.883,-413.031,128.19,10662.8,1.08759,17.1915,0,0.458093
108.9,-412.126,128.197,10662.7,1.08758,17.1892,0,0.458093
108.917,-411.223,128.203,10662.6,1.08757,17.1869,0,0.458093
108.933,-410.322,128.21,10662.5,1.08757,17.1846,0,0.458093
108.95,-409.422,128.217,10662.3,1.08756,17.1823,0,0.458093
108.967,-408.523,128.224,10662.2,1.08755,17.1801,0,0.458093
108.983,-407.626,128.231,10662.1,1.08755,17.1778,0,0.458093
109,-406.731,128.237,10662,1.08754,17.1755,0,0.458093
109.017,-405.837,128.244,10661.9,1.08754,17.1732,0,0.458093
109.033,-404.944,128.251,10661.8,1.08753,17.1709,0,0.458093
109.05,-404.054,128.258,10661.7,1.08752,17.1687,0,0.458093
109.067,-403.164,128.264,10661.5,1.08752,17.1664,0,0.458093
109.083,-402.277,128.271,10661.4,1.08751,17.1642,0,0.458093
109.1,-401.39,128.278,10661.3,1.08751,17.1619,0,0.458093
109.117,-400.506,128.285,10661.2,1.0875,17.1597,0,0.458093
109.133,-399.622,128.291,10661.1,1.0875,17.1574,0,0.458093
109.15,-398.741,128.298,10661,1.0875,17.1552,0,0.458093
109.167,-397.86,128.305,10660.9,1.08749,17.1529,0,0.458093
109.183,-396.982,128.312,10660.8,1.08749,17.1507,0,0.458093
109.2,-396.104,128.319,10660.7,1.08748,17.1485,0,0.458093
109.217,-395.229,128.325,10660.5,1.08748,17.1463,0,0.458093
109.233,-394.355,128.332,10660.4,1.08748,17.144,0,0.458093
109.25,-393.482,128.339,10660.3,1.08747,17.1418,0,0.458093
109.267,-392.611,128.346,10660.2,1.08747,17.1396,0,0.458093
109.283,-391.741,128.352,10660.1,1.08747,17.1374,0,0.458093
109.3,-390.873,128.359,10660,1.08746,17.1352,0,0.458093
109.317,-390.006,128.366,10659.9,1.08746,17.133,0,0.458093
109.333,-389.141,128.373,10659.8,1.08746,17.1308,0,0.458093
109.35,-388.277,128.379,10659.7,1.08745,17.1286,0,0.458093
109.367,-387.414,128.386,10659.6,1.08745,17.1264,0,0.458093
109.383,-386.553,128.393,10659.5,1.08745,17.1242,0,0.458093
109.4,-385.694,128.4,10659.4,1.08745,17.1221,0,0.458093
109.417,-384.836,128.406,10659.2,1.08745,17.1199,0,0.458093
109.433,-383.979,128.413,10659.1,1.08744,17.1177,0,0.458093
109.45,-383.124,128.42,10659,1.08744,17.1155,0,0.458093
109.467,-382.27,128.427,10658.9,1.08744,17.1134,0,0.458093
109.483,-381.418,128.433,10658.8,1.08744,17.1112,0,0.458093
109.5,-380.567,128.44,10658.7,1.08744,17.1091,0,0.458093
109.517,-379.717,128.447,10658.6,1.08744,17.1069,0,0.458093
109.533,-378.869,128.453,10658.5,1.08744,17.1048,0,0.458093
109.55,-378.022,128.46,10658.4,1.08744,17.1026,0,0.458093
109.567,-377.177,128.467,10658.3,1.08744,17.1005,0,0.458093
109.583,-376.333,128.474,10658.2,1.08744,17.0984,0,0.458093
109.6,-375.49,128.48,10658.1,1.08744,17.0962,0,0.458093
109.617,-374.649,128.487,10658,1.08744,17.0941,0,0.458093
109.633,-373.809,128.494,10657.9,1.08744,17.092,0,0.458093
109.65,-372.97,128.5,10657.8,1.08744,17.0899,0,0.458093
109.667,-372.133,128.507,10657.7,1.08744,17.0877,0,0.458093
109.683,-371.297,128.514,10657.6,1.08744,17.0856,0,0.458093
109.7,-370.462,128.521,10657.5,1.08744,17.0835,0,0.458093
109.717,-369.629,128.527,10657.4,1.08744,17.0814,0,0.458093
109.733,-368.796,128.534,10657.3,1.08744,17.0793,0,0.458093
109.75,-367.966,128.541,10657.2,1.08744,17.0772,0,0.458093
109.767,-367.136,128.547,10657.1,1.08744,17.0751,0,0.458093
109.783,-366.308,128.554,10657,1.08744,17.0731,0,0.458093
109.8,-365.481,128.561,10656.9,1.08745,17.071,0,0.458093
109.817,-364.655,128.568,10656.8,1.08745,17.0689,0,0.458093
109.833,-363.831,128.574,10656.7,1.08745,17.0668,0,0.458093
109.85,-363.008,128.581,10656.5,1.08745,17.0648,0,0.458093
109.867,-362.186,128.588,10656.4,1.08745,17.0627,0,0.458093
109.883,-361.365,128.594,10656.3,1.08746,17.0606,0,0.458093
109.9,-360.546,128.601,10656.2,1.08746,17.0586,0,0.458093
109.917,-359.727,128.608,10656.1,1.08746,17.0565,0,0.458093
109.933,-358.91,128.614,10656,1.08747,17.0545,0,0.458093
109.95,-358.094,128.621,10655.9,1.08747,17.0524,0,0.458093
109.967,-357.28,128.628,10655.8,1.08747,17.0504,0,0.458093
109.983,-356.466,128.634,10655.8,1.08747,17.0483,0,0.458093
110,-355.654,128.641,10655.7,1.08748,17.0463,0,0.458093
110.017,-354.843,128.648,10655.6,1.08748,17.0443,0,0.458093
110.033,-354.033,128.654,10655.5,1.08749,17.0422,0,0.458093
110.05,-353.224,128.661,10655.4,1.08749,17.0402,0,0.458093
110.067,-352.416,128.668,10655.3,1.08749,17.0382,0,0.458093
110.083,-351.609,128.674,10655.2,1.0875,17.0362,0,0.458093
110.1,-350.804,128.681,10655.1,1.0875,17.0341,0,0.458093
110.117,-350,128.688,10655,1.08751,17.0321,0,0.458093
110.133,-349.196,128.694,10654.9,1.08751,17.0301,0,0.458093
110.15,-348.394,128.701,10654.8,1.08751,17.0281,0,0.458093
110.167,-347.593,128.708,10654.7,1.08752,17.0261,0,0.458093
110.183,-346.793,128.714,10654.6,1.08752,17.0241,0,0.458093
110.2,-345.994,128.721,10654.5,1.08753,17.0221,0,0.458093
110.217,-345.197,128.728,10654.4,1.08753,17.0201,0,0.458093
110.233,-344.4,128.734,10654.3,1.08754,17.0182,0,0.458093
110.25,-343.604,128.741,10654.2,1.08755,17.0162,0,0.458093
110.267,-342.809,128.747,10654.1,1.08755,17.0142,0,0.458093
110.283,-342.016,128.754,10654,1.08756,17.0122,0,0.458093
110.3,-341.223,128.761,10653.9,1.08756,17.0102,0,0.458093
110.317,-340.431,128.767,10653.8,1.08757,17.0083,0,0.458093
110.333,-339.641,128.774,10653.7,1.08757,17.0063,0,0.458093
110.35,-338.851,128.781,10653.6,1.08758,17.0044,0,0.458093
110.367,-338.063,128.787,10653.5,1.08759,17.0024,0,0.458093
110.383,-337.275,128.794,10653.4,1.08759,17.0004,0,0.458093
110.4,-336.488,128.801,10653.3,1.0876,16.9985,0,0.458093
110.417,-335.703,128.807,10653.3,1.08761,16.9965,0,0.458093
110.433,-334.918,128.814,10653.2,1.08761,16.9946,0,0.458093
110.45,-334.134,128.82,10653.1,1.08762,16.9927,0,0.458093
110.467,-333.351,128.827,10653,1.08763,16.9907,0,0.458093
110.483,-332.57,128.834,10652.9,1.08763,16.9888,0,0.458093
110.5,-331.789,128.84,10652.8,1.08764,16.9869,0,0.458093
110.517,-331.009,128.847,10652.7,1.08765,16.9849,0,0.458093
110.533,-330.23,128.853,10652.6,1.08766,16.983,0,0.458093
110.55,-329.451,128.86,10652.5,1.08766,16.9811,0,0.458093
110.567,-328.674,128.867,10652.4,1.08767,16.9792,0,0.458093
110.583,-327.898,128.873,10652.3,1.08768,16.9773,0,0.458093
110.6,-327.122,128.88,10652.2,1.08769,16.9753,0,0.458093
110.617,-326.347,128.886,10652.1,1.08769,16.9734,0,0.458093
110.633,-325.574,128.893,10652.1,1.0877,16.9715,0,0.458093
110.65,-324.801,128.9,10652,1.08771,16.9696,0,0.458093
110.667,-324.029,128.906,10651.9,1.08772,16.9677,0,0.458093
110.683,-323.257,128.913,10651.8,1.08773,16.9658,0,0.458093
110.7,-322.487,128.919,10651.7,1.08774,16.9639,0,0.458093
110.717,-321.717,128.926,10651.6,1.08775,16.9621,0,0.458093
110.733,-320.949,128.932,10651.5,1.08775,16.9602,0,0.458093
110.75,-320.181,128.939,10651.4,1.08776,16.9583,0,0.458093
110.767,-319.414,128.946,10651.3,1.08777,16.9564,0,0.458093
110.783,-318.647,128.952,10651.3,1.08778,16.9545,0,0.458093
110.8,-317.882,128.959,10651.2,1.08779,16.9527,0,0.458093
110.817,-317.117,128.965,10651.1,1.0878,16.9508,0,0.458093
110.833,-316.353,128.972,10651,1.08781,16.9489,0,0.458093
110.85,-315.59,128.978,10650.9,1.08782,16.9471,0,0.458093
110.867,-314.828,128.985,10650.8,1.08783,16.9452,0,0.458093
110.883,-314.066,128.991,10650.7,1.08784,16.9433,0,0.458093
110.9,-313.305,128.998,10650.6,1.08785,16.9415,0,0.458093
110.917,-312.545,129.005,10650.6,1.08786,16.9396,0,0.458093
110.933,-311.785,129.011,10650.5,1.08787,16.9378,0,0.458093
110.95,-311.027,129.018,10650.4,1.08788,16.9359,0,0.458093
110.967,-310.269,129.024,10650.3,1.08789,16.9341,0,0.458093
110.983,-309.511,129.031,10650.2,1.0879,16.9323,0,0.458093
111,-308.755,129.037,10650.1,1.08791,16.9304,0,0.458093
111.017,-307.999,129.044,10650,1.08792,16.9286,0,0.458093
111.033,-307.244,129.05,10649.9,1.08793,16.9268,0,0.458093
111.05,-306.489,129.057,10649.9,1.08794,16.9249,0,0.458093
111.067,-305.736,129.063,10649.8,1.08795,16.9231,0,0.458093
111.083,-304.983,129.07,10649.7,1.08796,16.9213,0,0.458093
111.1,-304.23,129.076,10649.6,1.08797,16.9195,0,0.458093
111.117,-303.478,129.083,10649.5,1.08798,16.9176,0,0.458093
111.133,-302.727,129.089,10649.4,1.08799,16.9158,0,0.458093
111.15,-301.977,129.096,10649.4,1.088,16.914,0,0.458093
111.167,-301.227,129.102,10649.3,1.08802,16.9122,0,0.458093
111.183,-300.478,129.109,10649.2,1.08803,16.9104,0,0.458093
111.2,-299.729,129.115,10649.1,1.08804,16.9086,0,0.458093
111.217,-298.981,129.122,10649,1.08805,16.9068,0,0.458093
111.233,-298.234,129.128,10648.9,1.08806,16.905,0,0.458093
111.25,-297.487,129.135,10648.9,1.08807,16.9032,0,0.458093
111.267,-296.741,129.141,10648.8,1.08808,16.9014,0,0.458093
111.283,-295.996,129.148,10648.7,1.0881,16.8996,0,0.458093
111.3,-295.251,129.154,10648.6,1.08811,16.8978,0,0.458093
111.317,-294.506,129.161,10648.5,1.08812,16.8961,0,0.458093
111.333,-293.763,129.167,10648.4,1.08813,16.8943,0,0.458093
111.35,-293.019,129.174,10648.4,1.08814,16.8925,0,0.458093
111.367,-292.277,129.18,10648.3,1.08816,16.8907,0,0.458093
111.383,-291.535,129.187,10648.2,1.08817,16.8889,0,0.458093
111.4,-290.793,129.193,10648.1,1.08818,16.8872,0,0.458093
111.417,-290.052,129.2,10648,1.08819,16.8854,0,0.458093
111.433,-289.312,129.206,10648,1.08821,16.8836,0,0.458093
111.45,-288.572,129.212,10647.9,1.08822,16.8819,0,0.458093
111.467,-287.833,129.219,10647.8,1.08823,16.8801,0,0.458093
111.483,-287.094,129.225,10647.7,1.08824,16.8784,0,0.458093
111.5,-286.356,129.232,10647.6,1.08826,16.8766,0,0.458093
111.517,-285.618,129.238,10647.6,1.08827,16.8748,0,0.458093
111.533,-284.881,129.245,10647.5,1.08828,16.8731,0,0.458093
111.55,-284.144,129.251,10647.4,1.08829,16.8713,0,0.458093
111.567,-283.408,129.258,10647.3,1.08831,16.8696,0,0.458093
111.583,-282.672,129.264,10647.2,1.08832,16.8679,0,0.458093
111.6,-281.937,129.27,10647.2,1.08833,16.8661,0,0.458093
111.617,-281.203,129.277,10647.1,1.08835,16.8644,0,0.458093
111.633,-280.468,129.283,10647,1.08836,16.8626,0,0.458093
111.65,-279.735,129.29,10646.9,1.08837,16.8609,0,0.458093
111.667,-279.001,129.296,10646.9,1.08839,16.8592,0,0.458093
111.683,-278.268,129.302,10646.8,1.0884,16.8575,0,0.458093
111.7,-277.536,129.309,10646.7,1.08841,16.8557,0,0.458093
111.717,-276.804,129.315,10646.6,1.08843,16.854,0,0.458093
111.733,-276.073,129.322,10646.5,1.08844,16.8523,0,0.458093
111.75,-275.342,129.328,10646.5,1.08845,16.8506,0,0.458093
111.767,-274.611,129.334,10646.4,1.08847,16.8489,0,0.458093
111.783,-273.881,129.341,10646.3,1.08848,16.8471,0,0.458093
111.8,-273.151,129.347,10646.2,1.0885,16.8454,0,0.458093
111.817,-272.422,129.354,10646.2,1.08851,16.8437,0,0.458093
111.833,-271.693,129.36,10646.1,1.08852,16.842,0,0.458093
111.85,-270.965,129.366,10646,1.08854,16.8403,0,0.458093
111.867,-270.237,129.373,10645.9,1.08855,16.8386,0,0.458093
111.883,-269.509,129.379,10645.9,1.08857,16.8369,0,0.458093
111.9,-268.782,129.386,10645.8,1.08858,16.8352,0,0.458093
111.917,-268.055,129.392,10645.7,1.08859,16.8335,0,0.458093
111.933,-267.329,129.398,10645.6,1.08861,16.8318,0,0.458093
111.95,-266.603,129.405,10645.6,1.08862,16.8301,0,0.458093
111.967,-265.877,129.411,10645.5,1.08864,16.8284,0,0.458093
111.983,-265.152,129.417,10645.4,1.08865,16.8268,0,0.458093
112,-264.427,129.424,10645.3,1.08867,16.8251,0,0.458093
112.017,-263.702,129.43,10645.3,1.08868,16.8234,0,0.458093
112.033,-262.978,129.436,10645.2,1.0887,16.8217,0,0.458093
112.05,-262.254,129.443,10645.1,1.08871,16.82,0,0.458093
112.067,-261.531,129.449,10645.1,1.08873,16.8184,0,0.458093
112.083,-260.808,129.455,10645,1.08874,16.8167,0,0.458093
112.1,-260.085,129.462,10644.9,1.08876,16.815,0,0.458093
112.117,-259.363,129.468,10644.8,1.08877,16.8133,0,0.458093
112.133,-258.641,129.474,10644.8,1.08878,16.8117,0,0.458093
112.15,-257.919,129.481,10644.7,1.0888,16.81,0,0.458093
112.167,-257.198,129.487,10644.6,1.08881,16.8084,0,0.458093
112.183,-256.477,129.493,10644.6,1.08883,16.8067,0,0.458093
112.2,-255.756,129.5,10644.5,1.08885,16.805,0,0.458093
112.217,-255.036,129.506,10644.4,1.08886,16.8034,0,0.458093
112.233,-254.315,129.512,10644.3,1.08888,16.8017,0,0.458093
112.25,-253.596,129.519,10644.3,1.08889,16.8001,0,0.458093
112.267,-252.876,129.525,10644.2,1.08891,16.7984,0,0.458093
112.283,-252.157,129.531,10644.1,1.08892,16.7968,0,0.458093
112.3,-251.438,129.537,10644.1,1.08894,16.7951,0,0.458093
112.317,-250.72,129.544,10644,1.08895,16.7935,0,0.458093
112.333,-250.002,129.55,10643.9,1.08897,16.7919,0,0.458093
112.35,-249.284,129.556,10643.8,1.08898,16.7902,0,0.458093
112.367,-248.566,129.563,10643.8,1.089,16.7886,0,0.458093
112.383,-247.849,129.569,10643.7,1.08901,16.7869,0,0.458093
112.4,-247.132,129.575,10643.6,1.08903,16.7853,0,0.458093
112.417,-246.415,129.581,10643.6,1.08905,16.7837,0,0.458093
112.433,-245.698,129.588,10643.5,1.08906,16.7821,0,0.458093
112.45,-244.982,129.594,10643.4,1.08908,16.7804,0,0.458093
112.467,-244.266,129.6,10643.4,1.08909,16.7788,0,0.458093
112.483,-243.55,129.606,10643.3,1.08911,16.7772,0,0.458093
112.5,-242.835,129.613,10643.2,1.08912,16.7756,0,0.458093
112.517,-242.12,129.619,10643.2,1.08914,16.7739,0,0.458093
112.533,-241.405,129.625,10643.1,1.08916,16.7723,0,0.458093
112.55,-240.69,129.631,10643,1.08917,16.7707,0,0.458093
112.567,-239.976,129.638,10643,1.08919,16.7691,0,0.458093
112.583,-239.262,129.644,10642.9,1.0892,16.7675,0,0.458093
112.6,-238.548,129.65,10642.8,1.08922,16.7659,0,0.458093
112.617,-237.834,129.656,10642.8,1.08924,16.7643,0,0.458093
112.633,-237.12,129.663,10642.7,1.08925,16.7627,0,0.458093
112.65,-236.407,129.669,10642.6,1.08927,16.7611,0,0.458093
112.667,-235.694,129.675,10642.6,1.08928,16.7595,0,0.458093
112.683,-234.981,129.681,10642.5,1.0893,16.7579,0,0.458093
112.7,-234.269,129.687,10642.4,1.08932,16.7563,0,0.458093
112.717,-233.557,129.694,10642.4,1.08933,16.7547,0,0.458093
112.733,-232.844,129.7,10642.3,1.08935,16.7531,0,0.458093
112.75,-232.133,129.706,10642.2,1.08937,16.7515,0,0.458093
112.767,-231.421,129.712,10642.2,1.08938,16.7499,0,0.458093
112.783,-230.709,129.718,10642.1,1.0894,16.7483,0,0.458093
112.8,-229.998,129.725,10642.1,1.08942,16.7467,0,0.458093
112.817,-229.287,129.731,10642,1.08943,16.7452,0,0.458093
112.833,-228.576,129.737,10641.9,1.08945,16.7436,0,0.458093
112.85,-227.866,129.743,10641.9,1.08946,16.742,0,0.458093
112.867,-227.155,129.749,10641.8,1.08948,16.7404,0,0.458093
112.883,-226.445,129.755,10641.7,1.0895,16.7388,0,0.458093
112.9,-225.735,129.762,10641.7,1.08951,16.7373,0,0.458093
112.917,-225.025,129.768,10641.6,1.08953,16.7357,0,0.458093
112.933,-224.315,129.774,10641.5,1.08955,16.7341,0,0.458093
112.95,-223.606,129.78,10641.5,1.08956,16.7326,0,0.458093
112.967,-222.896,129.786,10641.4,1.08958,16.731,0,0.458093
112.983,-222.187,129.792,10641.4,1.0896,16.7294,0,0.458093
113,-221.478,129.798,10641.3,1.08961,16.7279,0,0.458093
113.017,-220.769,129.805,10641.2,1.08963,16.7263,0,0.458093
113.033,-220.061,129.811,10641.2,1.08965,16.7248,0,0.458093
113.05,-219.352,129.817,10641.1,1.08967,16.7232,0,0.458093
113.067,-218.644,129.823,10641.1,1.08968,16.7216,0,0.458093
113.083,-217.936,129.829,10641,1.0897,16.7201,0,0.458093
113.1,-217.228,129.835,10640.9,1.08972,16.7185,0,0.458093
113.117,-216.52,129.841,10640.9,1.08973,16.717,0,0.458093
113.133,-215.813,129.847,10640.8,1.08975,16.7154,0,0.458093
113.15,-215.105,129.854,10640.8,1.08977,16.7139,0,0.458093
113.167,-214.398,129.86,10640.7,1.08978,16.7123,0,0.458093
113.183,-213.691,129.866,10640.6,1.0898,16.7108,0,0.458093
113.2,-212.984,129.872,10640.6,1.08982,16.7093,0,0.458093
113.217,-212.277,129.878,10640.5,1.08983,16.7077,0,0.458093
113.233,-211.57,129.884,10640.5,1.08985,16.7062,0,0.458093
113.25,-210.863,129.89,10640.4,1.08987,16.7047,0,0.458093
113.267,-210.157,129.896,10640.3,1.08989,16.7031,0,0.458093
113.283,-209.451,129.902,10640.3,1.0899,16.7016,0,0.458093
113.3,-208.744,129.908,10640.2,1.08992,16.7001,0,0.458093
113.317,-208.038,129.914,10640.2,1.08994,16.6985,0,0.458093
113.333,-207.332,129.92,10640.1,1.08995,16.697,0,0.458093
113.35,-206.627,129.927,10640.1,1.08997,16.6955,0,0.458093
113.367,-205.921,129.933,10640,1.08999,16.694,0,0.458093
113.383,-205.215,129.939,10639.9,1.09001,16.6924,0,0.458093
113.4,-204.51,129.945,10639.9,1.09002,16.6909,0,0.458093
113.417,-203.805,129.951,10639.8,1.09004,16.6894,0,0.458093
113.433,-203.1,129.957,10639.8,1.09006,16.6879,0,0.458093
113.45,-202.395,129.963,10639.7,1.09008,16.6864,0,0.458093
113.467,-201.69,129.969,10639.7,1.09009,16.6849,0,0.458093
113.483,-200.985,129.975,10639.6,1.09011,16.6833,0,0.458093
113.5,-200.28,129.981,10639.5,1.09013,16.6818,0,0.458093
113.517,-199.576,129.987,10639.5,1.09015,16.6803,0,0.458093
113.533,-198.871,129.993,10639.4,1.09016,16.6788,0,0.458093
113.55,-198.167,129.999,10639.4,1.09018,16.6773,0,0.458093
113.567,-197.463,130.005,10639.3,1.0902,16.6758,0,0.458093
113.583,-196.758,130.011,10639.3,1.09021,16.6743,0,0.458093
113.6,-196.054,130.017,10639.2,1.09023,16.6728,0,0.458093
113.617,-195.35,130.023,10639.2,1.09025,16.6713,0,0.458093
113.633,-194.647,130.029,10639.1,1.09027,16.6698,0,0.458093
113.65,-193.943,130.035,10639.1,1.09028,16.6683,0,0.458093
113.667,-193.239,130.041,10639,1.0903,16.6668,0,0.458093
113.683,-192.536,130.047,10638.9,1.09032,16.6653,0,0.458093
113.7,-191.832,130.053,10638.9,1.09034,16.6638,0,0.458093
113.717,-191.129,130.059,10638.8,1.09035,16.6624,0,0.458093
113.733,-190.426,130.065,10638.8,1.09037,16.6609,0,0.458093
113.75,-189.723,130.071,10638.7,1.09039,16.6594,0,0.458093
113.767,-189.02,130.077,10638.7,1.09041,16.6579,0,0.458093
113.783,-188.317,130.083,10638.6,1.09042,16.6564,0,0.458093
113.8,-187.614,130.089,10638.6,1.09044,16.6549,0,0.458093
113.817,-186.911,130.095,10638.5,1.09046,16.6535,0,0.458093
113.833,-186.208,130.1,10638.5,1.09048,16.652,0,0.458093
113.85,-185.506,130.106,10638.4,1.0905,16.6505,0,0.458093
113.867,-184.803,130.112,10638.4,1.09051,16.649,0,0.458093
113.883,-184.1,130.118,10638.3,1.09053,16.6476,0,0.458093
113.9,-183.398,130.124,10638.3,1.09055,16.6461,0,0.458093
113.917,-182.696,130.13,10638.2,1.09057,16.6446,0,0.458093
113.933,-181.994,130.136,10638.2,1.09058,16.6432,0,0.458093
113.95,-181.291,130.142,10638.1,1.0906,16.6417,0,0.458093
113.967,-180.589,130.148,10638.1,1.09062,16.6402,0,0.458093
113.983,-179.887,130.154,10638,1.09064,16.6388,0,0.458093
114,-179.185,130.16,10638,1.09065,16.6373,0,0.458093
114.017,-178.483,130.166,10637.9,1.09067,16.6359,0,0.458093
114.033,-177.782,130.171,10637.9,1.09069,16.6344,0,0.458093
114.05,-177.08,130.177,10637.8,1.09071,16.633,0,0.458093
114.067,-176.378,130.183,10637.8,1.09073,16.6315,0,0.458093
114.083,-175.677,130.189,10637.7,1.09074,16.63,0,0.458093
114.1,-174.975,130.195,10637.7,1.09076,16.6286,0,0.458093
114.117,-174.274,130.201,10637.6,1.09078,16.6272,0,0.458093
114.133,-173.572,130.207,10637.6,1.0908,16.6257,0,0.458093
114.15,-172.871,130.213,10637.5,1.09081,16.6243,0,0.458093
114.167,-172.169,130.218,10637.5,1.09083,16.6228,0,0.458093
114.183,-171.468,130.224,10637.4,1.09085,16.6214,0,0.458093
114.2,-170.767,130.23,10637.4,1.09087,16.6199,0,0.458093
114.217,-170.066,130.236,10637.3,1.09088,16.6185,0,0.458093
114.233,-169.365,130.242,10637.3,1.0909,16.6171,0,0.458093
114.25,-168.664,130.248,10637.2,1.09092,16.6156,0,0.458093
114.267,-167.963,130.253,10637.2,1.09094,16.6142,0,0.458093
114.283,-167.262,130.259,10637.1,1.09096,16.6128,0,0.458093
114.3,-166.561,130.265,10637.1,1.09097,16.6113,0,0.458093
114.317,-165.86,130.271,10637.1,1.09099,16.6099,0,0.458093
114.333,-165.16,130.277,10637,1.09101,16.6085,0,0.458093
114.35,-164.459,130.283,10637,1.09103,16.607,0,0.458093
114.367,-163.758,130.288,10636.9,1.09104,16.6056,0,0.458093
114.383,-163.058,130.294,10636.9,1.09106,16.6042,0,0.458093
114.4,-162.357,130.3,10636.8,1.09108,16.6028,0,0.458093
114.417,-161.657,130.306,10636.8,1.0911,16.6013,0,0.458093
114.433,-160.956,130.311,10636.7,1.09112,16.5999,0,0.458093
114.45,-160.256,130.317,10636.7,1.09113,16.5985,0,0.458093
114.467,-159.555,130.323,10636.6,1.09115,16.5971,0,0.458093
114.483,-158.855,130.329,10636.6,1.09117,16.5957,0,0.458093
114.5,-158.155,130.335,10636.6,1.09119,16.5943,0,0.458093
114.517,-157.455,130.34,10636.5,1.09121,16.5929,0,0.458093
114.533,-156.754,130.346,10636.5,1.09122,16.5914,0,0.458093
114.55,-156.054,130.352,10636.4,1.09124,16.59,0,0.458093
114.567,-155.354,130.358,10636.4,1.09126,16.5886,0,0.458093
114.583,-154.654,130.363,10636.3,1.09128,16.5872,0,0.458093
114.6,-153.954,130.369,10636.3,1.09129,16.5858,0,0.458093
114.617,-153.254,130.375,10636.3,1.09131,16.5844,0,0.458093
114.633,-152.554,130.381,10636.2,1.09133,16.583,0,0.458093
114.65,-151.854,130.386,10636.2,1.09135,16.5816,0,0.458093
114.667,-151.154,130.392,10636.1,1.09137,16.5802,0,0.458093
114.683,-150.455,130.398,10636.1,1.09138,16.5788,0,0.458093
114.7,-149.755,130.403,10636,1.0914,16.5774,0,0.458093
114.717,-149.055,130.409,10636,1.09142,16.576,0,0.458093
114.733,-148.355,130.415,10636,1.09144,16.5747,0,0.458093
114.75,-147.656,130.421,10635.9,1.09146,16.5733,0,0.458093
114.767,-146.956,130.426,10635.9,1.09147,16.5719,0,0.458093
114.783,-146.256,130.432,10635.8,1.09149,16.5705,0,0.458093
114.8,-145.557,130.438,10635.8,1.09151,16.5691,0,0.458093
114.817,-144.857,130.443,10635.8,1.09153,16.5677,0,0.458093
114.833,-144.158,130.449,10635.7,1.09154,16.5663,0,0.458093
114.85,-143.458,130.455,10635.7,1.09156,16.565,0,0.458093
114.867,-142.759,130.46,10635.6,1.09158,16.5636,0,0.458093
114.883,-142.059,130.466,10635.6,1.0916,16.5622,0,0.458093
114.9,-141.36,130.472,10635.6,1.09162,16.5608,0,0.458093
114.917,-140.66,130.477,10635.5,1.09163,16.5595,0,0.458093
114.933,-139.961,130.483,10635.5,1.09165,16.5581,0,0.458093
114.95,-139.262,130.489,10635.4,1.09167,16.5567,0,0.458093
114.967,-138.562,130.494,10635.4,1.09169,16.5553,0,0.458093
114.983,-137.863,130.5,10635.4,1.0917,16.554,0,0.458093
115,-137.164,130.506,10635.3,1.09172,16.5526,0,0.458093
115.017,-136.465,130.511,10635.3,1.09174,16.5512,0,0.458093
115.033,-135.765,130.517,10635.3,1.09176,16.5499,0,0.458093
115.05,-135.066,130.522,10635.2,1.09178,16.5485,0,0.458093
115.067,-134.367,130.528,10635.2,1.09179,16.5472,0,0.458093
115.083,-133.668,130.534,10635.1,1.09181,16.5458,0,0.458093
115.1,-132.969,130.539,10635.1,1.09183,16.5444,0,0.458093
115.117,-132.27,130.545,10635.1,1.09185,16.5431,0,0.458093
115.133,-131.571,130.55,10635,1.09186,16.5417,0,0.458093
115.15,-130.872,130.556,10635,1.09188,16.5404,0,0.458093
115.167,-130.173,130.562,10635,1.0919,16.539,0,0.458093
115.183,-129.474,130.567,10634.9,1.09192,16.5377,0,0.458093
115.2,-128.775,130.573,10634.9,1.09194,16.5363,0,0.458093
115.217,-128.076,130.578,10634.8,1.09195,16.535,0,0.458093
115.233,-127.377,130.584,10634.8,1.09197,16.5336,0,0.458093
115.25,-126.678,130.589,10634.8,1.09199,16.5323,0,0.458093
115.267,-125.979,130.595,10634.7,1.09201,16.5309,0,0.458093
115.283,-125.28,130.601,10634.7,1.09202,16.5296,0,0.458093
115.3,-124.581,130.606,10634.7,1.09204,16.5283,0,0.458093
115.317,-123.883,130.612,10634.6,1.09206,16.5269,0,0.458093
115.333,-123.184,130.617,10634.6,1.09208,16.5256,0,0.458093
115.35,-122.485,130.623,10634.6,1.09209,16.5242,0,0.458093
115.367,-121.786,130.628,10634.5,1.09211,16.5229,0,0.458093
115.383,-121.088,130.634,10634.5,1.09213,16.5216,0,0.458093
115.4,-120.389,130.639,10634.5,1.09215,16.5202,0,0.458093
115.417,-119.69,130.645,10634.4,1.09217,16.5189,0,0.458093
115.433,-118.992,130.65,10634.4,1.09218,16.5176,0,0.458093
115.45,-118.293,130.656,10634.4,1.0922,16.5163,0,0.458093
115.467,-117.594,130.661,10634.3,1.09222,16.5149,0,0.458093
115.483,-116.896,130.667,10634.3,1.09224,16.5136,0,0.458093
115.5,-116.197,130.672,10634.3,1.09225,16.5123,0,0.458093
115.517,-115.499,130.678,10634.2,1.09227,16.511,0,0.458093
115.533,-114.8,130.683,10634.2,1.09229,16.5097,0,0.458093
115.55,-114.101,130.689,10634.2,1.09231,16.5083,0,0.458093
115.567,-113.403,130.694,10634.1,1.09232,16.507,0,0.458093
115.583,-112.704,130.7,10634.1,1.09234,16.5057,0,0.458093
115.6,-112.006,130.705,10634.1,1.09236,16.5044,0,0.458093
115.617,-111.308,130.71,10634.1,1.09238,16.5031,0,0.458093
115.633,-110.609,130.716,10634,1.09239,16.5018,0,0.458093
115.65,-109.911,130.721,10634,1.09241,16.5005,0,0.458093
115.667,-109.212,130.727,10634,1.09243,16.4992,0,0.458093
115.683,-108.514,130.732,10633.9,1.09245,16.4978,0,0.458093
115.7,-107.816,130.738,10633.9,1.09246,16.4965,0,0.458093
115.717,-107.117,130.743,10633.9,1.09248,16.4952,0,0.458093
115.733,-106.419,130.748,10633.8,1.0925,16.4939,0,0.458093
115.75,-105.721,130.754,10633.8,1.09252,16.4926,0,0.458093
115.767,-105.022,130.759,10633.8,1.09253,16.4913,0,0.458093
115.783,-104.324,130.765,10633.8,1.09255,16.49,0,0.458093
115.8,-103.626,130.77,10633.7,1.09257,16.4888,0,0.458093
115.817,-102.928,130.776,10633.7,1.09259,16.4875,0,0.458093
115.833,-102.229,130.781,10633.7,1.0926,16.4862,0,0.458093
115.85,-101.531,130.786,10633.6,1.09262,16.4849,0,0.458093
115.867,-100.833,130.792,10633.6,1.09264,16.4836,0,0.458093
115.883,-100.135,130.797,10633.6,1.09266,16.4823,0,0.458093
115.9,-99.4367,130.802,10633.6,1.09267,16.481,0,0.458093
115.917,-98.7386,130.808,10633.5,1.09269,16.4797,0,0.458093
115.933,-98.0405,130.813,10633.5,1.09271,16.4784,0,0.458093
115.95,-97.3424,130.818,10633.5,1.09273,16.4772,0,0.458093
115.967,-96.6443,130.824,10633.4,1.09274,16.4759,0,0.458093
115.983,-95.9463,130.829,10633.4,1.09276,16.4746,0,0.458093
116,-95.2483,130.834,10633.4,1.09278,16.4733,0,0.458093
116.017,-94.5503,130.84,10633.4,1.0928,16.472,0,0.458093
116.033,-93.8523,130.845,10633.3,1.09281,16.4708,0,0.458093
116.05,-93.1543,130.85,10633.3,1.09283,16.4695,0,0.458093
116.067,-92.4564,130.856,10633.3,1.09285,16.4682,0,0.458093
116.083,-91.7584,130.861,10633.3,1.09287,16.467,0,0.458093
116.1,-91.0605,130.866,10633.2,1.09288,16.4657,0,0.458093
116.117,-90.3627,130.872,10633.2,1.0929,16.4644,0,0.458093
116.133,-89.6648,130.877,10633.2,1.09292,16.4632,0,0.458093
116.15,-88.9669,130.882,10633.2,1.09293,16.4619,0,0.458093
116.167,-88.2691,130.888,10633.1,1.09295,16.4606,0,0.458093
116.183,-87.5713,130.893,10633.1,1.09297,16.4594,0,0.458093
116.2,-86.8735,130.898,10633.1,1.09299,16.4581,0,0.458093
116.217,-86.1758,130.903,10633.1,1.093,16.4568,0,0.458093
116.233,-85.478,130.909,10633,1.09302,16.4556,0,0.458093
116.25,-84.7803,130.914,10633,1.09304,16.4543,0,0.458093
116.267,-84.0826,130.919,10633,1.09306,16.4531,0,0.458093
116.283,-83.3849,130.924,10633,1.09307,16.4518,0,0.458093
116.3,-82.6872,130.93,10632.9,1.09309,16.4506,0,0.458093
116.317,-81.9896,130.935,10632.9,1.09311,16.4493,0,0.458093
116.333,-81.292,130.94,10632.9,1.09312,16.4481,0,0.458093
116.35,-80.5944,130.945,10632.9,1.09314,16.4468,0,0.458093
116.367,-79.8968,130.951,10632.9,1.09316,16.4456,0,0.458093
116.383,-79.1993,130.956,10632.8,1.09318,16.4443,0,0.458093
116.4,-78.5018,130.961,10632.8,1.09319,16.4431,0,0.458093
116.417,-77.8043,130.966,10632.8,1.09321,16.4419,0,0.458093
116.433,-77.1068,130.971,10632.8,1.09323,16.4406,0,0.458093
116.45,-76.4093,130.977,10632.7,1.09324,16.4394,0,0.458093
116.467,-75.7119,130.982,10632.7,1.09326,16.4381,0,0.458093
116.483,-75.0145,130.987,10632.7,1.09328,16.4369,0,0.458093
116.5,-74.3171,130.992,10632.7,1.09329,16.4357,0,0.458093
116.517,-73.6197,130.997,10632.7,1.09331,16.4344,0,0.458093
116.533,-72.9224,131.002,10632.6,1.09333,16.4332,0,0.458093
116.55,-72.2251,131.008,10632.6,1.09335,16.432,0,0.458093
116.567,-71.5278,131.013,10632.6,1.09336,16.4308,0,0.458093
116.583,-70.8306,131.018,10632.6,1.09338,16.4295,0,0.458093
116.6,-70.1333,131.023,10632.6,1.0934,16.4283,0,0.458093
116.617,-69.4361,131.028,10632.5,1.09341,16.4271,0,0.458093
116.633,-68.7389,131.033,10632.5,1.09343,16.4259,0,0.458093
116.65,-68.0418,131.039,10632.5,1.09345,16.4246,0,0.458093
116.667,-67.3447,131.044,10632.5,1.09346,16.4234,0,0.458093
116.683,-66.6476,131.049,10632.5,1.09348,16.4222,0,0.458093
116.7,-65.9505,131.054,10632.5,1.0935,16.421,0,0.458093
116.717,-65.2534,131.059,10632.4,1.09351,16.4198,0,0.458093
116.733,-64.5564,131.064,10632.4,1.09353,16.4186,0,0.458093
116.75,-63.8594,131.069,10632.4,1.09355,16.4173,0,0.458093
116.767,-63.1625,131.074,10632.4,1.09357,16.4161,0,0.458093
116.783,-62.4656,131.079,10632.4,1.09358,16.4149,0,0.458093
116.8,-61.7687,131.084,10632.3,1.0936,16.4137,0,0.458093
116.817,-61.0718,131.09,10632.3,1.09362,16.4125,0,0.458093
116.833,-60.3749,131.095,10632.3,1.09363,16.4113,0,0.458093
116.85,-59.6781,131.1,10632.3,1.09365,16.4101,0,0.458093
116.867,-58.9814,131.105,10632.3,1.09367,16.4089,0,0.458093
116.883,-58.2846,131.11,10632.3,1.09368,16.4077,0,0.458093
116.9,-57.5879,131.115,10632.2,1.0937,16.4065,0,0.458093
116.917,-56.8912,131.12,10632.2,1.09372,16.4053,0,0.458093
116.933,-56.1946,131.125,10632.2,1.09373,16.4041,0,0.458093
116.95,-55.4979,131.13,10632.2,1.09375,16.4029,0,0.458093
116.967,-54.8014,131.135,10632.2,1.09377,16.4017,0,0.458093
116.983,-54.1048,131.14,10632.2,1.09378,16.4005,0,0.458093
117,-53.4083,131.145,10632.2,1.0938,16.3993,0,0.458093
117.017,-52.7118,131.15,10632.1,1.09382,16.3982,0,0.458093
117.033,-52.0154,131.155,10632.1,1.09383,16.397,0,0.458093
117.05,-51.3189,131.16,10632.1,1.09385,16.3958,0,0.458093
117.067,-50.6226,131.165,10632.1,1.09387,16.3946,0,0.458093
117.083,-49.9262,131.17,10632.1,1.09388,16.3934,0,0.458093
117.1,-49.2299,131.175,10632.1,1.0939,16.3922,0,0.458093
117.117,-48.5336,131.18,10632.1,1.09391,16.3911,0,0.458093
117.133,-47.8374,131.185,10632,1.09393,16.3899,0,0.458093
117.15,-47.1412,131.19,10632,1.09395,16.3887,0,0.458093
117.167,-46.4451,131.195,10632,1.09396,16.3875,0,0.458093
117.183,-45.7489,131.2,10632,1.09398,16.3864,0,0.458093
117.2,-45.0528,131.205,10632,1.094,16.3852,0,0.458093
117.217,-44.3568,131.21,10632,1.09401,16.384,0,0.458093
117.233,-43.6608,131.215,10632,1.09403,16.3828,0,0.458093
117.25,-42.9648,131.22,10632,1.09405,16.3817,0,0.458093
117.267,-42.2689,131.224,10631.9,1.09406,16.3805,0,0.458093
117.283,-41.573,131.229,10631.9,1.09408,16.3794,0,0.458093
117.3,-40.8772,131.234,10631.9,1.0941,16.3782,0,0.458093
117.317,-40.1814,131.239,10631.9,1.09411,16.377,0,0.458093
117.333,-39.4856,131.244,10631.9,1.09413,16.3759,0,0.458093
117.35,-38.7899,131.249,10631.9,1.09414,16.3747,0,0.458093
117.367,-38.0943,131.254,10631.9,1.09416,16.3736,0,0.458093
117.383,-37.3986,131.259,10631.9,1.09418,16.3724,0,0.458093
117.4,-36.703,131.264,10631.9,1.09419,16.3712,0,0.458093
117.417,-36.0075,131.269,10631.8,1.09421,16.3701,0,0.458093
117.433,-35.312,131.273,10631.8,1.09423,16.3689,0,0.458093
117.45,-34.6166,131.278,10631.8,1.09424,16.3678,0,0.458093
117.467,-33.9211,131.283,10631.8,1.09426,16.3666,0,0.458093
117.483,-33.2258,131.288,10631.8,1.09427,16.3655,0,0.458093
117.5,-32.5305,131.293,10631.8,1.09429,16.3644,0,0.458093
117.517,-31.8352,131.298,10631.8,1.09431,16.3632,0,0.458093
117.533,-31.14,131.303,10631.8,1.09432,16.3621,0,0.458093
117.55,-30.4448,131.307,10631.8,1.09434,16.3609,0,0.458093
117.567,-29.7497,131.312,10631.8,1.09435,16.3598,0,0.458093
117.583,-29.0546,131.317,10631.8,1.09437,16.3587,0,0.458093
117.6,-28.3596,131.322,10631.7,1.09439,16.3575,0,0.458093
117.617,-27.6647,131.327,10631.7,1.0944,16.3564,0,0.458093
117.633,-26.9697,131.331,10631.7,1.09442,16.3552,0,0.458093
117.65,-26.2749,131.336,10631.7,1.09443,16.3541,0,0.458093
117.667,-25.5801,131.341,10631.7,1.09445,16.353,0,0.458093
117.683,-24.8853,131.346,10631.7,1.09447,16.3519,0,0.458093
117.7,-24.1906,131.351,10631.7,1.09448,16.3507,0,0.458093
117.717,-23.4959,131.355,10631.7,1.0945,16.3496,0,0.458093
117.733,-22.8013,131.36,10631.7,1.09451,16.3485,0,0.458093
117.75,-22.1068,131.365,10631.7,1.09453,16.3474,0,0.458093
117.767,-21.4123,131.37,10631.7,1.09455,16.3462,0,0.458093
117.783,-20.7178,131.374,10631.7,1.09456,16.3451,0,0.458093
117.8,-20.0234,131.379,10631.7,1.09458,16.344,0,0.458093
117.817,-19.3291,131.384,10631.7,1.09459,16.3429,0,0.458093
117.833,-18.6348,131.389,10631.7,1.09461,16.3418,0,0.458093
117.85,-17.9406,131.393,10631.7,1.09462,16.3407,0,0.458093
117.867,-17.2465,131.398,10631.6,1.09464,16.3395,0,0.458093
117.883,-16.5524,131.403,10631.6,1.09466,16.3384,0,0.458093
117.9,-15.8583,131.407,10631.6,1.09467,16.3373,0,0.458093
117.917,-15.1644,131.412,10631.6,1.09469,16.3362,0,0.458093
117.933,-14.4704,131.417,10631.6,1.0947,16.3351,0,0.458093
117.95,-13.7766,131.422,10631.6,1.09472,16.334,0,0.458093
117.967,-13.0828,131.426,10631.6,1.09473,16.3329,0,0.458093
117.983,-12.3891,131.431,10631.6,1.09475,16.3318,0,0.458093
118,-11.6954,131.436,10631.6,1.09477,16.3307,0,0.458093
118.017,-11.0018,131.44,10631.6,1.09478,16.3296,0,0.458093
118.033,-10.3082,131.445,10631.6,1.0948,16.3285,0,0.458093
118.05,-9.61476,131.45,10631.6,1.09481,16.3274,0,0.458093
118.067,-8.92134,131.454,10631.6,1.09483,16.3263,0,0.458093
118.083,-8.22799,131.459,10631.6,1.09484,16.3252,0,0.458093
118.1,-7.5347,131.463,10631.6,1.09486,16.3241,0,0.458093
118.117,-6.84149,131.468,10631.6,1.09487,16.323,0,0.458093
118.133,-6.14833,131.473,10631.6,1.09489,16.322,0,0.458093
118.15,-5.45525,131.477,10631.6,1.0949,16.3209,0,0.458093
118.167,-4.76224,131.482,10631.6,1.09492,16.3198,0,0.458093
118.183,-4.06929,131.487,10631.6,1.09494,16.3187,0,0.458093
118.2,-3.37641,131.491,10631.6,1.09495,16.3176,0,0.458093
118.217,-2.6836,131.496,10631.6,1.09497,16.3165,0,0.458093
118.233,-1.99087,131.5,10631.6,1.09498,16.3155,0,0.458093
118.25,-1.2982,131.505,10631.6,1.095,16.3144,0,0.458093
118.267,-0.605607,131.51,10631.6,1.09501,16.3133,0,0.458093
118.283,0.0869151,131.514,10631.6,1.09503,16.3122,0,0.458093
118.3,0.779364,131.519,10631.6,1.09504,16.3112,0,0.458093
118.317,1.47174,131.523,10631.6,1.09506,16.3101,0,0.458093
118.333,2.16404,131.528,10631.6,1.09507,16.309,0,0.458093
118.35,2.85627,131.532,10631.6,1.09509,16.308,0,0.458093
118.367,3.54842,131.537,10631.6,1.0951,16.3069,0,0.458093
118.383,4.24049,131.541,10631.6,1.09512,16.3058,0,0.458093
118.4,4.93249,131.546,10631.6,1.09513,16.3048,0,0.458093
118.417,5.62441,131.55,10631.6,1.09515,16.3037,0,0.458093
118.433,6.31626,131.555,10631.6,1.09516,16.3026,0,0.458093
118.45,7.00802,131.559,10631.6,1.09518,16.3016,0,0.458093
118.467,7.69971,131.564,10631.6,1.09519,16.3005,0,0.458093
118.483,8.39132,131.568,10631.6,1.09521,16.2995,0,0.458093
118.5,9.08284,131.573,10631.6,1.09522,16.2984,0,0.458093
118.517,9.77429,131.577,10631.6,1.09524,16.2974,0,0.458093
118.533,10.4657,131.582,10631.6,1.09525,16.2963,0,0.458093
118.55,11.1569,131.586,10631.6,1.09527,16.2953,0,0.458093
118.567,11.8481,131.591,10631.6,1.09528,16.2942,0,0.458093
118.583,12.5392,131.595,10631.6,1.0953,16.2932,0,0.458093
118.6,13.2303,131.6,10631.6,1.09531,16.2921,0,0.458093
118.617,13.9212,131.604,10631.6,1.09533,16.2911,0,0.458093
118.633,14.6121,131.609,10631.6,1.09534,16.29,0,0.458093
118.65,15.3029,131.613,10631.6,1.09536,16.289,0,0.458093
118.667,15.9935,131.618,10631.6,1.09537,16.288,0,0.458093
118.683,16.6842,131.622,10631.6,1.09539,16.2869,0,0.458093
118.7,17.3747,131.626,10631.6,1.0954,16.2859,0,0.458093
118.717,18.0651,131.631,10631.7,1.09542,16.2849,0,0.458093
118.733,18.7554,131.635,10631.7,1.09543,16.2838,0,0.458093
118.75,19.4457,131.64,10631.7,1.09545,16.2828,0,0.458093
118.767,20.1358,131.644,10631.7,1.09546,16.2818,0,0.458093
118.783,20.8259,131.648,10631.7,1.09548,16.2807,0,0.458093
118.8,21.5159,131.653,10631.7,1.09549,16.2797,0,0.458093
118.817,22.2057,131.657,10631.7,1.09551,16.2787,0,0.458093
118.833,22.8955,131.661,10631.7,1.09552,16.2777,0,0.458093
118.85,23.5852,131.666,10631.7,1.09553,16.2766,0,0.458093
118.867,24.2748,131.67,10631.7,1.09555,16.2756,0,0.458093
118.883,24.9643,131.675,10631.7,1.09556,16.2746,0,0.458093
118.9,25.6537,131.679,10631.7,1.09558,16.2736,0,0.458093
118.917,26.343,131.683,10631.7,1.09559,16.2726,0,0.458093
118.933,27.0323,131.688,10631.7,1.09561,16.2715,0,0.458093
118.95,27.7214,131.692,10631.7,1.09562,16.2705,0,0.458093
118.967,28.4104,131.696,10631.7,1.09564,16.2695,0,0.458093
118.983,29.0993,131.7,10631.8,1.09565,16.2685,0,0.458093
119,29.7881,131.705,10631.8,1.09566,16.2675,0,0.458093
119.017,30.4768,131.709,10631.8,1.09568,16.2665,0,0.458093
119.033,31.1655,131.713,10631.8,1.09569,16.2655,0,0.458093
119.05,31.854,131.718,10631.8,1.09571,16.2645,0,0.458093
119.067,32.5424,131.722,10631.8,1.09572,16.2635,0,0.458093
119.083,33.2307,131.726,10631.8,1.09574,16.2625,0,0.458093
119.1,33.9189,131.73,10631.8,1.09575,16.2615,0,0.458093
119.117,34.607,131.735,10631.8,1.09576,16.2605,0,0.458093
119.133,35.295,131.739,10631.8,1.09578,16.2595,0,0.458093
119.15,35.9829,131.743,10631.8,1.09579,16.2585,0,0.458093
119.167,36.6707,131.747,10631.9,1.09581,16.2575,0,0.458093
119.183,37.3583,131.752,10631.9,1.09582,16.2565,0,0.458093
119.2,38.0459,131.756,10631.9,1.09584,16.2555,0,0.458093
119.217,38.7333,131.76,10631.9,1.09585,16.2545,0,0.458093
119.233,39.4207,131.764,10631.9,1.09586,16.2536,0,0.458093
119.25,40.1079,131.769,10631.9,1.09588,16.2526,0,0.458093
119.267,40.7951,131.773,10631.9,1.09589,16.2516,0,0.458093
119.283,41.4821,131.777,10631.9,1.09591,16.2506,0,0.458093
119.3,42.169,131.781,10631.9,1.09592,16.2496,0,0.458093
119.317,42.8558,131.785,10632,1.09593,16.2487,0,0.458093
119.333,43.5424,131.79,10632,1.09595,16.2477,0,0.458093
119.35,44.229,131.794,10632,1.09596,16.2467,0,0.458093
119.367,44.9154,131.798,10632,1.09598,16.2457,0,0.458093
119.383,45.6018,131.802,10632,1.09599,16.2448,0,0.458093
119.4,46.288,131.806,10632,1.096,16.2438,0,0.458093
119.417,46.9741,131.81,10632,1.09602,16.2428,0,0.458093
119.433,47.6601,131.814,10632,1.09603,16.2419,0,0.458093
119.45,48.3459,131.819,10632.1,1.09605,16.2409,0,0.458093
119.467,49.0317,131.823,10632.1,1.09606,16.2399,0,0.458093
119.483,49.7173,131.827,10632.1,1.09607,16.239,0,0.458093
119.5,50.4028,131.831,10632.1,1.09609,16.238,0,0.458093
119.517,51.0881,131.835,10632.1,1.0961,16.237,0,0.458093
119.533,51.7734,131.839,10632.1,1.09611,16.2361,0,0.458093
119.55,52.4585,131.843,10632.1,1.09613,16.2351,0,0.458093
119.567,53.1435,131.847,10632.2,1.09614,16.2342,0,0.458093
119.583,53.8284,131.851,10632.2,1.09616,16.2332,0,0.458093
119.6,54.5132,131.855,10632.2,1.09617,16.2323,0,0.458093
119.617,55.1978,131.86,10632.2,1.09618,16.2313,0,0.458093
119.633,55.8823,131.864,10632.2,1.0962,16.2304,0,0.458093
119.65,56.5667,131.868,10632.2,1.09621,16.2294,0,0.458093
119.667,57.2509,131.872,10632.2,1.09622,16.2285,0,0.458093
119.683,57.9351,131.876,10632.3,1.09624,16.2275,0,0.458093
119.7,58.6191,131.88,10632.3,1.09625,16.2266,0,0.458093
119.717,59.3029,131.884,10632.3,1.09626,16.2257,0,0.458093
119.733,59.9866,131.888,10632.3,1.09628,16.2247,0,0.458093
119.75,60.6702,131.892,10632.3,1.09629,16.2238,0,0.458093
119.767,61.3537,131.896,10632.3,1.0963,16.2228,0,0.458093
119.783,62.037,131.9,10632.4,1.09632,16.2219,0,0.458093
119.8,62.7202,131.904,10632.4,1.09633,16.221,0,0.458093
119.817,63.4033,131.908,10632.4,1.09634,16.22,0,0.458093
119.833,64.0862,131.912,10632.4,1.09636,16.2191,0,0.458093
119.85,64.769,131.916,10632.4,1.09637,16.2182,0,0.458093
119.867,65.4517,131.92,10632.5,1.09638,16.2173,0,0.458093
119.883,66.1342,131.924,10632.5,1.0964,16.2163,0,0.458093
119.9,66.8166,131.928,10632.5,1.09641,16.2154,0,0.458093
119.917,67.4988,131.932,10632.5,1.09642,16.2145,0,0.458093
119.933,68.1809,131.936,10632.5,1.09644,16.2136,0,0.458093
119.95,68.8628,131.939,10632.5,1.09645,16.2127,0,0.458093
119.967,69.5447,131.943,10632.6,1.09646,16.2117,0,0.458093
119.983,70.2263,131.947,10632.6,1.09648,16.2108,0,0.458093
120,70.9079,131.951,10632.6,1.09649,16.2099,0,0.458093
120.017,71.5892,131.955,10632.6,1.0965,16.209,0,0.458093
120.033,72.2705,131.959,10632.6,1.09651,16.2081,0,0.458093
120.05,72.9516,131.963,10632.7,1.09653,16.2072,0,0.458093
120.067,73.6325,131.967,10632.7,1.09654,16.2063,0,0.458093
120.083,74.3133,131.971,10632.7,1.09655,16.2054,0,0.458093
120.1,74.994,131.975,10632.7,1.09657,16.2045,0,0.458093
120.117,75.6745,131.978,10632.7,1.09658,16.2036,0,0.458093
120.133,76.3548,131.982,10632.8,1.09659,16.2027,0,0.458093
120.15,77.0351,131.986,10632.8,1.09661,16.2018,0,0.458093
120.167,77.7151,131.99,10632.8,1.09662,16.2009,0,0.458093
120.183,78.395,131.994,10632.8,1.09663,16.2,0,0.458093
120.2,79.0748,131.998,10632.9,1.09664,16.1991,0,0.458093
120.217,79.7544,132.002,10632.9,1.09666,16.1982,0,0.458093
120.233,80.4338,132.005,10632.9,1.09667,16.1973,0,0.458093
120.25,81.1131,132.009,10632.9,1.09668,16.1964,0,0.458093
120.267,81.7922,132.013,10632.9,1.09669,16.1955,0,0.458093
120.283,82.4712,132.017,10633,1.09671,16.1946,0,0.458093
120.3,83.15,132.021,10633,1.09672,16.1938,0,0.458093
120.317,83.8287,132.024,10633,1.09673,16.1929,0,0.458093
120.333,84.5072,132.028,10633,1.09675,16.192,0,0.458093
120.35,85.1856,132.032,10633.1,1.09676,16.1911,0,0.458093
120.367,85.8637,132.036,10633.1,1.09677,16.1902,0,0.458093
120.383,86.5418,132.039,10633.1,1.09678,16.1894,0,0.458093
120.4,87.2196,132.043,10633.1,1.0968,16.1885,0,0.458093
120.417,87.8973,132.047,10633.2,1.09681,16.1876,0,0.458093
120.433,88.5749,132.051,10633.2,1.09682,16.1867,0,0.458093
120.45,89.2522,132.054,10633.2,1.09683,16.1859,0,0.458093
120.467,89.9295,132.058,10633.2,1.09685,16.185,0,0.458093
120.483,90.6065,132.062,10633.3,1.09686,16.1841,0,0.458093
120.5,91.2834,132.066,10633.3,1.09687,16.1833,0,0.458093
120.517,91.9601,132.069,10633.3,1.09688,16.1824,0,0.458093
120.533,92.6366,132.073,10633.3,1.09689,16.1815,0,0.458093
120.55,93.313,132.077,10633.4,1.09691,16.1807,0,0.458093
120.567,93.9892,132.08,10633.4,1.09692,16.1798,0,0.458093
120.583,94.6652,132.084,10633.4,1.09693,16.179,0,0.458093
120.6,95.3411,132.088,10633.4,1.09694,16.1781,0,0.458093
120.617,96.0168,132.091,10633.5,1.09696,16.1773,0,0.458093
120.633,96.6923,132.095,10633.5,1.09697,16.1764,0,0.458093
120.65,97.3677,132.099,10633.5,1.09698,16.1756,0,0.458093
120.667,98.0428,132.102,10633.5,1.09699,16.1747,0,0.458093
120.683,98.7178,132.106,10633.6,1.097,16.1739,0,0.458093
120.7,99.3927,132.11,10633.6,1.09702,16.173,0,0.458093
120.717,100.067,132.113,10633.6,1.09703,16.1722,0,0.458093
120.733,100.742,132.117,10633.7,1.09704,16.1713,0,0.458093
120.75,101.416,132.12,10633.7,1.09705,16.1705,0,0.458093
120.767,102.09,132.124,10633.7,1.09706,16.1697,0,0.458093
120.783,102.764,132.128,10633.7,1.09708,16.1688,0,0.458093
120.8,103.438,132.131,10633.8,1.09709,16.168,0,0.458093
120.817,104.111,132.135,10633.8,1.0971,16.1672,0,0.458093
120.833,104.785,132.138,10633.8,1.09711,16.1663,0,0.458093
120.85,105.458,132.142,10633.9,1.09712,16.1655,0,0.458093
120.867,106.131,132.145,10633.9,1.09714,16.1647,0,0.458093
120.883,106.804,132.149,10633.9,1.09715,16.1638,0,0.458093
120.9,107.476,132.153,10633.9,1.09716,16.163,0,0.458093
120.917,108.149,132.156,10634,1.09717,16.1622,0,0.458093
120.933,108.821,132.16,10634,1.09718,16.1614,0,0.458093
120.95,109.493,132.163,10634,1.09719,16.1605,0,0.458093
120.967,110.165,132.167,10634.1,1.09721,16.1597,0,0.458093
120.983,110.837,132.17,10634.1,1.09722,16.1589,0,0.458093
121,111.508,132.174,10634.1,1.09723,16.1581,0,0.458093
121.017,112.18,132.177,10634.2,1.09724,16.1573,0,0.458093
121.033,112.851,132.181,10634.2,1.09725,16.1565,0,0.458093
121.05,113.522,132.184,10634.2,1.09726,16.1557,0,0.458093
121.067,114.193,132.188,10634.3,1.09728,16.1549,0,0.458093
121.083,114.863,132.191,10634.3,1.09729,16.154,0,0.458093
121.1,115.534,132.194,10634.3,1.0973,16.1532,0,0.458093
121.117,116.204,132.198,10634.3,1.09731,16.1524,0,0.458093
121.133,116.874,132.201,10634.4,1.09732,16.1516,0,0.458093
121.15,117.543,132.205,10634.4,1.09733,16.1508,0,0.458093
121.167,118.213,132.208,10634.4,1.09734,16.15,0,0.458093
121.183,118.882,132.212,10634.5,1.09736,16.1492,0,0.458093
121.2,119.552,132.215,10634.5,1.09737,16.1484,0,0.458093
121.217,120.22,132.219,10634.5,1.09738,16.1476,0,0.458093
121.233,120.889,132.222,10634.6,1.09739,16.1469,0,0.458093
121.25,121.558,132.225,10634.6,1.0974,16.1461,0,0.458093
121.267,122.226,132.229,10634.6,1.09741,16.1453,0,0.458093
121.283,122.894,132.232,10634.7,1.09742,16.1445,0,0.458093
121.3,123.562,132.235,10634.7,1.09743,16.1437,0,0.458093
121.317,124.23,132.239,10634.8,1.09745,16.1429,0,0.458093
121.333,124.898,132.242,10634.8,1.09746,16.1421,0,0.458093
121.35,125.565,132.246,10634.8,1.09747,16.1414,0,0.458093
121.367,126.232,132.249,10634.9,1.09748,16.1406,0,0.458093
121.383,126.899,132.252,10634.9,1.09749,16.1398,0,0.458093
121.4,127.566,132.256,10634.9,1.0975,16.139,0,0.458093
121.417,128.232,132.259,10635,1.09751,16.1383,0,0.458093
121.433,128.898,132.262,10635,1.09752,16.1375,0,0.458093
121.45,129.564,132.265,10635,1.09753,16.1367,0,0.458093
121.467,130.23,132.269,10635.1,1.09755,16.1359,0,0.458093
121.483,130.896,132.272,10635.1,1.09756,16.1352,0,0.458093
121.5,131.561,132.275,10635.1,1.09757,16.1344,0,0.458093
121.517,132.227,132.279,10635.2,1.09758,16.1337,0,0.458093
121.533,132.892,132.282,10635.2,1.09759,16.1329,0,0.458093
121.55,133.556,132.285,10635.3,1.0976,16.1321,0,0.458093
121.567,134.221,132.288,10635.3,1.09761,16.1314,0,0.458093
121.583,134.885,132.292,10635.3,1.09762,16.1306,0,0.458093
121.6,135.549,132.295,10635.4,1.09763,16.1299,0,0.458093
121.617,136.213,132.298,10635.4,1.09764,16.1291,0,0.458093
121.633,136.877,132.301,10635.4,1.09765,16.1284,0,0.458093
121.65,137.54,132.305,10635.5,1.09766,16.1276,0,0.458093
121.667,138.204,132.308,10635.5,1.09767,16.1269,0,0.458093
121.683,138.867,132.311,10635.6,1.09768,16.1261,0,0.458093
121.7,139.529,132.314,10635.6,1.0977,16.1254,0,0.458093
121.717,140.192,132.317,10635.6,1.09771,16.1246,0,0.458093
121.733,140.854,132.321,10635.7,1.09772,16.1239,0,0.458093
121.75,141.516,132.324,10635.7,1.09773,16.1231,0,0.458093
121.767,142.178,132.327,10635.7,1.09774,16.1224,0,0.458093
121.783,142.84,132.33,10635.8,1.09775,16.1217,0,0.458093
121.8,143.501,132.333,10635.8,1.09776,16.1209,0,0.458093
121.817,144.163,132.336,10635.9,1.09777,16.1202,0,0.458093
121.833,144.824,132.34,10635.9,1.09778,16.1195,0,0.458093
121.85,145.484,132.343,10635.9,1.09779,16.1187,0,0.458093
121.867,146.145,132.346,10636,1.0978,16.118,0,0.458093
121.883,146.805,132.349,10636,1.09781,16.1173,0,0.458093
121.9,147.465,132.352,10636.1,1.09782,16.1166,0,0.458093
121.917,148.125,132.355,10636.1,1.09783,16.1158,0,0.458093
121.933,148.784,132.358,10636.2,1.09784,16.1151,0,0.458093
121.95,149.444,132.361,10636.2,1.09785,16.1144,0,0.458093
121.967,150.103,132.364,10636.2,1.09786,16.1137,0,0.458093
121.983,150.761,132.368,10636.3,1.09787,16.113,0,0.458093
122,151.42,132.371,10636.3,1.09788,16.1123,0,0.458093
122.017,152.078,132.374,10636.4,1.09789,16.1115,0,0.458093
122.033,152.737,132.377,10636.4,1.0979,16.1108,0,0.458093
122.05,153.394,132.38,10636.4,1.09791,16.1101,0,0.458093
122.067,154.052,132.383,10636.5,1.09792,16.1094,0,0.458093
122.083,154.709,132.386,10636.5,1.09793,16.1087,0,0.458093
122.1,155.366,132.389,10636.6,1.09794,16.108,0,0.458093
122.117,156.023,132.392,10636.6,1.09795,16.1073,0,0.458093
122.133,156.68,132.395,10636.7,1.09796,16.1066,0,0.458093
122.15,157.336,132.398,10636.7,1.09797,16.1059,0,0.458093
122.167,157.993,132.401,10636.8,1.09798,16.1052,0,0.458093
122.183,158.648,132.404,10636.8,1.09799,16.1045,0,0.458093
122.2,159.304,132.407,10636.8,1.098,16.1038,0,0.458093
122.217,159.959,132.41,10636.9,1.09801,16.1031,0,0.458093
122.233,160.615,132.413,10636.9,1.09802,16.1024,0,0.458093
122.25,161.269,132.416,10637,1.09803,16.1017,0,0.458093
122.267,161.924,132.419,10637,1.09804,16.1011,0,0.458093
122.283,162.578,132.422,10637.1,1.09805,16.1004,0,0.458093
122.3,163.233,132.425,10637.1,1.09806,16.0997,0,0.458093
122.317,163.886,132.428,10637.2,1.09807,16.099,0,0.458093
122.333,164.54,132.43,10637.2,1.09808,16.0983,0,0.458093
122.35,165.193,132.433,10637.2,1.09809,16.0977,0,0.458093
122.367,165.846,132.436,10637.3,1.0981,16.097,0,0.458093
122.383,166.499,132.439,10637.3,1.09811,16.0963,0,0.458093
122.4,167.152,132.442,10637.4,1.09812,16.0956,0,0.458093
122.417,167.804,132.445,10637.4,1.09813,16.095,0,0.458093
122.433,168.456,132.448,10637.5,1.09813,16.0943,0,0.458093
122.45,169.108,132.451,10637.5,1.09814,16.0936,0,0.458093
122.467,169.759,132.454,10637.6,1.09815,16.093,0,0.458093
122.483,170.411,132.456,10637.6,1.09816,16.0923,0,0.458093
122.5,171.062,132.459,10637.7,1.09817,16.0916,0,0.458093
122.517,171.712,132.462,10637.7,1.09818,16.091,0,0.458093
122.533,172.363,132.465,10637.8,1.09819,16.0903,0,0.458093
122.55,173.013,132.468,10637.8,1.0982,16.0897,0,0.458093
122.567,173.663,132.471,10637.9,1.09821,16.089,0,0.458093
122.583,174.312,132.473,10637.9,1.09822,16.0883,0,0.458093
122.6,174.962,132.476,10638,1.09823,16.0877,0,0.458093
122.617,175.611,132.479,10638,1.09824,16.087,0,0.458093
122.633,176.26,132.482,10638.1,1.09825,16.0864,0,0.458093
122.65,176.908,132.484,10638.1,1.09825,16.0858,0,0.458093
122.667,177.557,132.487,10638.1,1.09826,16.0851,0,0.458093
122.683,178.205,132.49,10638.2,1.09827,16.0845,0,0.458093
122.7,178.852,132.493,10638.2,1.09828,16.0838,0,0.458093
122.717,179.5,132.495,10638.3,1.09829,16.0832,0,0.458093
122.733,180.147,132.498,10638.3,1.0983,16.0825,0,0.458093
122.75,180.794,132.501,10638.4,1.09831,16.0819,0,0.458093
122.767,181.44,132.504,10638.4,1.09832,16.0813,0,0.458093
122.783,182.087,132.506,10638.5,1.09833,16.0806,0,0.458093
122.8,182.733,132.509,10638.6,1.09833,16.08,0,0.458093
122.817,183.378,132.512,10638.6,1.09834,16.0794,0,0.458093
122.833,184.024,132.515,10638.7,1.09835,16.0788,0,0.458093
122.85,184.669,132.517,10638.7,1.09836,16.0781,0,0.458093
122.867,185.314,132.52,10638.8,1.09837,16.0775,0,0.458093
122.883,185.959,132.523,10638.8,1.09838,16.0769,0,0.458093
122.9,186.603,132.525,10638.9,1.09839,16.0763,0,0.458093
122.917,187.247,132.528,10638.9,1.0984,16.0756,0,0.458093
122.933,187.891,132.53,10639,1.0984,16.075,0,0.458093
122.95,188.534,132.533,10639,1.09841,16.0744,0,0.458093
122.967,189.177,132.536,10639.1,1.09842,16.0738,0,0.458093
122.983,189.82,132.538,10639.1,1.09843,16.0732,0,0.458093
123,190.463,132.541,10639.2,1.09844,16.0726,0,0.458093
123.017,191.105,132.544,10639.2,1.09845,16.072,0,0.458093
123.033,191.747,132.546,10639.3,1.09846,16.0714,0,0.458093
123.05,192.389,132.549,10639.3,1.09846,16.0708,0,0.458093
123.067,193.03,132.551,10639.4,1.09847,16.0702,0,0.458093
123.083,193.671,132.554,10639.4,1.09848,16.0696,0,0.458093
123.1,194.312,132.557,10639.5,1.09849,16.069,0,0.458093
123.117,194.953,132.559,10639.5,1.0985,16.0684,0,0.458093
123.133,195.593,132.562,10639.6,1.09851,16.0678,0,0.458093
123.15,196.233,132.564,10639.7,1.09851,16.0672,0,0.458093
123.167,196.872,132.567,10639.7,1.09852,16.0666,0,0.458093
123.183,197.512,132.569,10639.8,1.09853,16.066,0,0.458093
123.2,198.151,132.572,10639.8,1.09854,16.0654,0,0.458093
123.217,198.789,132.574,10639.9,1.09855,16.0648,0,0.458093
123.233,199.428,132.577,10639.9,1.09855,16.0642,0,0.458093
123.25,200.066,132.579,10640,1.09856,16.0636,0,0.458093
123.267,200.704,132.582,10640,1.09857,16.0631,0,0.458093
123.283,201.341,132.584,10640.1,1.09858,16.0625,0,0.458093
123.3,201.978,132.587,10640.2,1.09859,16.0619,0,0.458093
123.317,202.615,132.589,10640.2,1.09859,16.0613,0,0.458093
123.333,203.252,132.592,10640.3,1.0986,16.0608,0,0.458093
123.35,203.888,132.594,10640.3,1.09861,16.0602,0,0.458093
123.367,204.524,132.597,10640.4,1.09862,16.0596,0,0.458093
123.383,205.16,132.599,10640.4,1.09863,16.059,0,0.458093
123.4,205.795,132.601,10640.5,1.09863,16.0585,0,0.458093
123.417,206.43,132.604,10640.6,1.09864,16.0579,0,0.458093
123.433,207.065,132.606,10640.6,1.09865,16.0574,0,0.458093
123.45,207.699,132.609,10640.7,1.09866,16.0568,0,0.458093
123.467,208.333,132.611,10640.7,1.09866,16.0562,0,0.458093
123.483,208.967,132.613,10640.8,1.09867,16.0557,0,0.458093
123.5,209.6,132.616,10640.8,1.09868,16.0551,0,0.458093
123.517,210.233,132.618,10640.9,1.09869,16.0546,0,0.458093
123.533,210.866,132.621,10641,1.09869,16.054,0,0.458093
123.55,211.498,132.623,10641,1.0987,16.0535,0,0.458093
123.567,212.13,132.625,10641.1,1.09871,16.0529,0,0.458093
123.583,212.762,132.628,10641.1,1.09872,16.0524,0,0.458093
123.6,213.394,132.63,10641.2,1.09872,16.0518,0,0.458093
123.617,214.025,132.632,10641.3,1.09873,16.0513,0,0.458093
123.633,214.656,132.635,10641.3,1.09874,16.0507,0,0.458093
123.65,215.286,132.637,10641.4,1.09875,16.0502,0,0.458093
123.667,215.916,132.639,10641.4,1.09875,16.0497,0,0.458093
123.683,216.546,132.642,10641.5,1.09876,16.0491,0,0.458093
123.7,217.176,132.644,10641.6,1.09877,16.0486,0,0.458093
123.717,217.805,132.646,10641.6,1.09878,16.048,0,0.458093
123.733,218.434,132.648,10641.7,1.09878,16.0475,0,0.458093
123.75,219.062,132.651,10641.7,1.09879,16.047,0,0.458093
123.767,219.69,132.653,10641.8,1.0988,16.0465,0,0.458093
123.783,220.318,132.655,10641.9,1.09881,16.0459,0,0.458093
123.8,220.946,132.657,10641.9,1.09881,16.0454,0,0.458093
123.817,221.573,132.66,10642,1.09882,16.0449,0,0.458093
123.833,222.2,132.662,10642,1.09883,16.0444,0,0.458093
123.85,222.826,132.664,10642.1,1.09883,16.0438,0,0.458093
123.867,223.452,132.666,10642.2,1.09884,16.0433,0,0.458093
123.883,224.078,132.668,10642.2,1.09885,16.0428,0,0.458093
123.9,224.704,132.671,10642.3,1.09885,16.0423,0,0.458093
123.917,225.329,132.673,10642.4,1.09886,16.0418,0,0.458093
123.933,225.954,132.675,10642.4,1.09887,16.0413,0,0.458093
123.95,226.578,132.677,10642.5,1.09888,16.0408,0,0.458093
123.967,227.202,132.679,10642.5,1.09888,16.0403,0,0.458093
123.983,227.826,132.681,10642.6,1.09889,16.0398,0,0.458093
124,228.449,132.684,10642.7,1.0989,16.0393,0,0.458093
124.017,229.072,132.686,10642.7,1.0989,16.0388,0,0.458093
124.033,229.695,132.688,10642.8,1.09891,16.0383,0,0.458093
124.05,230.318,132.69,10642.9,1.09892,16.0378,0,0.458093
124.067,230.94,132.692,10642.9,1.09892,16.0373,0,0.458093
124.083,231.561,132.694,10643,1.09893,16.0368,0,0.458093
124.1,232.183,132.696,10643,1.09894,16.0363,0,0.458093
124.117,232.804,132.698,10643.1,1.09894,16.0358,0,0.458093
124.133,233.424,132.7,10643.2,1.09895,16.0353,0,0.458093
124.15,234.044,132.703,10643.2,1.09896,16.0348,0,0.458093
124.167,234.664,132.705,10643.3,1.09896,16.0343,0,0.458093
124.183,235.284,132.707,10643.4,1.09897,16.0339,0,0.458093
124.2,235.903,132.709,10643.4,1.09898,16.0334,0,0.458093
124.217,236.522,132.711,10643.5,1.09898,16.0329,0,0.458093
124.233,237.14,132.713,10643.6,1.09899,16.0324,0,0.458093
124.25,237.759,132.715,10643.6,1.09899,16.032,0,0.458093
124.267,238.376,132.717,10643.7,1.099,16.0315,0,0.458093
124.283,238.994,132.719,10643.8,1.09901,16.031,0,0.458093
124.3,239.611,132.721,10643.8,1.09901,16.0305,0,0.458093
124.317,240.227,132.723,10643.9,1.09902,16.0301,0,0.458093
124.333,240.844,132.725,10644,1.09903,16.0296,0,0.458093
124.35,241.46,132.727,10644,1.09903,16.0291,0,0.458093
124.367,242.075,132.729,10644.1,1.09904,16.0287,0,0.458093
124.383,242.69,132.731,10644.2,1.09904,16.0282,0,0.458093
124.4,243.305,132.733,10644.2,1.09905,16.0278,0,0.458093
124.417,243.92,132.735,10644.3,1.09906,16.0273,0,0.458093
124.433,244.534,132.737,10644.4,1.09906,16.0269,0,0.458093
124.45,245.148,132.738,10644.4,1.09907,16.0264,0,0.458093
124.467,245.761,132.74,10644.5,1.09907,16.026,0,0.458093
124.483,246.374,132.742,10644.6,1.09908,16.0255,0,0.458093
124.5,246.987,132.744,10644.6,1.09909,16.0251,0,0.458093
124.517,247.599,132.746,10644.7,1.09909,16.0246,0,0.458093
124.533,248.211,132.748,10644.8,1.0991,16.0242,0,0.458093
124.55,248.822,132.75,10644.9,1.0991,16.0237,0,0.458093
124.567,249.433,132.752,10644.9,1.09911,16.0233,0,0.458093
124.583,250.044,132.754,10645,1.09912,16.0228,0,0.458093
124.6,250.654,132.755,10645.1,1.09912,16.0224,0,0.458093
124.617,251.264,132.757,10645.1,1.09913,16.022,0,0.458093
124.633,251.874,132.759,10645.2,1.09913,16.0215,0,0.458093
124.65,252.483,132.761,10645.3,1.09914,16.0211,0,0.458093
124.667,253.092,132.763,10645.3,1.09914,16.0207,0,0.458093
124.683,253.701,132.765,10645.4,1.09915,16.0203,0,0.458093
124.7,254.309,132.766,10645.5,1.09915,16.0198,0,0.458093
124.717,254.916,132.768,10645.6,1.09916,16.0194,0,0.458093
124.733,255.524,132.77,10645.6,1.09917,16.019,0,0.458093
124.75,256.131,132.772,10645.7,1.09917,16.0186,0,0.458093
124.767,256.737,132.773,10645.8,1.09918,16.0182,0,0.458093
124.783,257.343,132.775,10645.8,1.09918,16.0177,0,0.458093
124.8,257.949,132.777,10645.9,1.09919,16.0173,0,0.458093
124.817,258.554,132.779,10646,1.09919,16.0169,0,0.458093
124.833,259.159,132.78,10646.1,1.0992,16.0165,0,0.458093
124.85,259.764,132.782,10646.1,1.0992,16.0161,0,0.458093
124.867,260.368,132.784,10646.2,1.09921,16.0157,0,0.458093
124.883,260.972,132.786,10646.3,1.09921,16.0153,0,0.458093
124.9,261.575,132.787,10646.3,1.09922,16.0149,0,0.458093
124.917,262.178,132.789,10646.4,1.09922,16.0145,0,0.458093
124.933,262.781,132.791,10646.5,1.09923,16.0141,0,0.458093
124.95,263.383,132.792,10646.6,1.09923,16.0137,0,0.458093
124.967,263.985,132.794,10646.6,1.09924,16.0133,0,0.458093
124.983,264.586,132.796,10646.7,1.09925,16.0129,0,0.458093
125,265.187,132.797,10646.8,1.09925,16.0125,0,0.458093
125.017,265.788,132.799,10646.9,1.09926,16.0121,0,0.458093
125.033,266.388,132.801,10646.9,1.09926,16.0117,0,0.458093
125.05,266.988,132.802,10647,1.09927,16.0113,0,0.458093
125.067,267.587,132.804,10647.1,1.09927,16.011,0,0.458093
125.083,268.186,132.806,10647.2,1.09927,16.0106,0,0.458093
125.1,268.785,132.807,10647.2,1.09928,16.0102,0,0.458093
125.117,269.383,132.809,10647.3,1.09928,16.0098,0,0.458093
125.133,269.981,132.81,10647.4,1.09929,16.0094,0,0.458093
125.15,270.578,132.812,10647.5,1.09929,16.0091,0,0.458093
125.167,271.175,132.813,10647.5,1.0993,16.0087,0,0.458093
125.183,271.772,132.815,10647.6,1.0993,16.0083,0,0.458093
125.2,272.368,132.817,10647.7,1.09931,16.008,0,0.458093
125.217,272.964,132.818,10647.8,1.09931,16.0076,0,0.458093
125.233,273.559,132.82,10647.8,1.09932,16.0072,0,0.458093
125.25,274.154,132.821,10647.9,1.09932,16.0069,0,0.458093
125.267,274.748,132.823,10648,1.09933,16.0065,0,0.458093
125.283,275.342,132.824,10648.1,1.09933,16.0061,0,0.458093
125.3,275.936,132.826,10648.1,1.09934,16.0058,0,0.458093
125.317,276.529,132.827,10648.2,1.09934,16.0054,0,0.458093
125.333,277.122,132.829,10648.3,1.09934,16.0051,0,0.458093
125.35,277.714,132.83,10648.4,1.09935,16.0047,0,0.458093
125.367,278.306,132.832,10648.4,1.09935,16.0044,0,0.458093
125.383,278.898,132.833,10648.5,1.09936,16.004,0,0.458093
125.4,279.489,132.835,10648.6,1.09936,16.0037,0,0.458093
125.417,280.08,132.836,10648.7,1.09937,16.0033,0,0.458093
125.433,280.67,132.837,10648.8,1.09937,16.003,0,0.458093
125.45,281.26,132.839,10648.8,1.09937,16.0026,0,0.458093
125.467,281.849,132.84,10648.9,1.09938,16.0023,0,0.458093
125.483,282.438,132.842,10649,1.09938,16.002,0,0.458093
125.5,283.027,132.843,10649.1,1.09939,16.0016,0,0.458093
125.517,283.615,132.845,10649.1,1.09939,16.0013,0,0.458093
125.533,284.203,132.846,10649.2,1.0994,16.001,0,0.458093
125.55,284.79,132.847,10649.3,1.0994,16.0006,0,0.458093
125.567,285.377,132.849,10649.4,1.0994,16.0003,0,0.458093
125.583,285.963,132.85,10649.5,1.09941,16,0,0.458093
125.6,286.549,132.851,10649.5,1.09941,15.9997,0,0.458093
125.617,287.135,132.853,10649.6,1.09942,15.9993,0,0.458093
125.633,287.72,132.854,10649.7,1.09942,15.999,0,0.458093
125.65,288.305,132.855,10649.8,1.09942,15.9987,0,0.458093
125.667,288.889,132.857,10649.9,1.09943,15.9984,0,0.458093
125.683,289.473,132.858,10649.9,1.09943,15.9981,0,0.458093
125.7,290.056,132.859,10650,1.09943,15.9978,0,0.458093
125.717,290.639,132.861,10650.1,1.09944,15.9975,0,0.458093
125.733,291.221,132.862,10650.2,1.09944,15.9972,0,0.458093
125.75,291.803,132.863,10650.3,1.09945,15.9968,0,0.458093
125.767,292.385,132.864,10650.3,1.09945,15.9965,0,0.458093
125.783,292.966,132.866,10650.4,1.09945,15.9962,0,0.458093
125.8,293.547,132.867,10650.5,1.09946,15.9959,0,0.458093
125.817,294.127,132.868,10650.6,1.09946,15.9956,0,0.458093
125.833,294.707,132.869,10650.7,1.09946,15.9953,0,0.458093
125.85,295.286,132.871,10650.8,1.09947,15.995,0,0.458093
125.867,295.865,132.872,10650.8,1.09947,15.9948,0,0.458093
125.883,296.444,132.873,10650.9,1.09947,15.9945,0,0.458093
125.9,297.022,132.874,10651,1.09948,15.9942,0,0.458093
125.917,297.599,132.875,10651.1,1.09948,15.9939,0,0.458093
125.933,298.176,132.877,10651.2,1.09948,15.9936,0,0.458093
125.95,298.753,132.878,10651.2,1.09949,15.9933,0,0.458093
125.967,299.329,132.879,10651.3,1.09949,15.993,0,0.458093
125.983,299.905,132.88,10651.4,1.09949,15.9928,0,0.458093
126,300.48,132.881,10651.5,1.0995,15.9925,0,0.458093
126.017,301.055,132.882,10651.6,1.0995,15.9922,0,0.458093
126.033,301.63,132.884,10651.7,1.0995,15.9919,0,0.458093
126.05,302.204,132.885,10651.8,1.09951,15.9917,0,0.458093
126.067,302.777,132.886,10651.8,1.09951,15.9914,0,0.458093
126.083,303.35,132.887,10651.9,1.09951,15.9911,0,0.458093
126.1,303.923,132.888,10652,1.09952,15.9909,0,0.458093
126.117,304.495,132.889,10652.1,1.09952,15.9906,0,0.458093
126.133,305.066,132.89,10652.2,1.09952,15.9903,0,0.458093
126.15,305.638,132.891,10652.3,1.09953,15.9901,0,0.458093
126.167,306.208,132.892,10652.3,1.09953,15.9898,0,0.458093
126.183,306.779,132.893,10652.4,1.09953,15.9896,0,0.458093
126.2,307.348,132.894,10652.5,1.09953,15.9893,0,0.458093
126.217,307.918,132.895,10652.6,1.09954,15.989,0,0.458093
126.233,308.486,132.896,10652.7,1.09954,15.9888,0,0.458093
126.25,309.055,132.898,10652.8,1.09954,15.9885,0,0.458093
126.267,309.623,132.899,10652.9,1.09955,15.9883,0,0.458093
126.283,310.19,132.9,10652.9,1.09955,15.9881,0,0.458093
126.3,310.757,132.901,10653,1.09955,15.9878,0,0.458093
126.317,311.324,132.902,10653.1,1.09955,15.9876,0,0.458093
126.333,311.89,132.902,10653.2,1.09956,15.9873,0,0.458093
126.35,312.455,132.903,10653.3,1.09956,15.9871,0,0.458093
126.367,313.02,132.904,10653.4,1.09956,15.9869,0,0.458093
126.383,313.585,132.905,10653.5,1.09956,15.9866,0,0.458093
126.4,314.149,132.906,10653.5,1.09957,15.9864,0,0.458093
126.417,314.713,132.907,10653.6,1.09957,15.9862,0,0.458093
126.433,315.276,132.908,10653.7,1.09957,15.9859,0,0.458093
126.45,315.838,132.909,10653.8,1.09957,15.9857,0,0.458093
126.467,316.401,132.91,10653.9,1.09958,15.9855,0,0.458093
126.483,316.962,132.911,10654,1.09958,15.9853,0,0.458093
126.5,317.523,132.912,10654.1,1.09958,15.985,0,0.458093
126.517,318.084,132.913,10654.2,1.09958,15.9848,0,0.458093
126.533,318.644,132.914,10654.3,1.09958,15.9846,0,0.458093
126.55,319.204,132.914,10654.3,1.09959,15.9844,0,0.458093
126.567,319.763,132.915,10654.4,1.09959,15.9842,0,0.458093
126.583,320.322,132.916,10654.5,1.09959,15.984,0,0.458093
126.6,320.881,132.917,10654.6,1.09959,15.9838,0,0.458093
126.617,321.438,132.918,10654.7,1.0996,15.9836,0,0.458093
126.633,321.996,132.919,10654.8,1.0996,15.9834,0,0.458093
126.65,322.553,132.919,10654.9,1.0996,15.9832,0,0.458093
126.667,323.109,132.92,10655,1.0996,15.983,0,0.458093
126.683,323.665,132.921,10655.1,1.0996,15.9828,0,0.458093
126.7,324.22,132.922,10655.1,1.09961,15.9826,0,0.458093
126.717,324.775,132.923,10655.2,1.09961,15.9824,0,0.458093
126.733,325.329,132.923,10655.3,1.09961,15.9822,0,0.458093
126.75,325.883,132.924,10655.4,1.09961,15.982,0,0.458093
126.767,326.437,132.925,10655.5,1.09961,15.9818,0,0.458093
126.783,326.989,132.926,10655.6,1.09961,15.9816,0,0.458093
126.8,327.542,132.926,10655.7,1.09962,15.9814,0,0.458093
126.817,328.094,132.927,10655.8,1.09962,15.9812,0,0.458093
126.833,328.645,132.928,10655.9,1.09962,15.9811,0,0.458093
126.85,329.196,132.929,10656,1.09962,15.9809,0,0.458093
126.867,329.746,132.929,10656.1,1.09962,15.9807,0,0.458093
126.883,330.296,132.93,10656.1,1.09963,15.9805,0,0.458093
126.9,330.846,132.931,10656.2,1.09963,15.9804,0,0.458093
126.917,331.394,132.931,10656.3,1.09963,15.9802,0,0.458093
126.933,331.943,132.932,10656.4,1.09963,15.98,0,0.458093
126.95,332.491,132.933,10656.5,1.09963,15.9799,0,0.458093
126.967,333.038,132.933,10656.6,1.09963,15.9797,0,0.458093
126.983,333.585,132.934,10656.7,1.09963,15.9795,0,0.458093
127,334.131,132.934,10656.8,1.09964,15.9794,0,0.458093
127.017,334.677,132.935,10656.9,1.09964,15.9792,0,0.458093
127.033,335.222,132.936,10657,1.09964,15.979,0,0.458093
127.05,335.767,132.936,10657.1,1.09964,15.9789,0,0.458093
127.067,336.311,132.937,10657.2,1.09964,15.9787,0,0.458093
127.083,336.855,132.938,10657.3,1.09964,15.9786,0,0.458093
127.1,337.398,132.938,10657.4,1.09964,15.9784,0,0.458093
127.117,337.941,132.939,10657.4,1.09964,15.9783,0,0.458093
127.133,338.483,132.939,10657.5,1.09965,15.9781,0,0.458093
127.15,339.025,132.94,10657.6,1.09965,15.978,0,0.458093
127.167,339.566,132.94,10657.7,1.09965,15.9779,0,0.458093
127.183,340.106,132.941,10657.8,1.09965,15.9777,0,0.458093
127.2,340.647,132.941,10657.9,1.09965,15.9776,0,0.458093
127.217,341.186,132.942,10658,1.09965,15.9775,0,0.458093
127.233,341.725,132.942,10658.1,1.09965,15.9773,0,0.458093
127.25,342.264,132.943,10658.2,1.09965,15.9772,0,0.458093
127.267,342.802,132.943,10658.3,1.09965,15.9771,0,0.458093
127.283,343.339,132.944,10658.4,1.09965,15.9769,0,0.458093
127.3,343.876,132.944,10658.5,1.09965,15.9768,0,0.458093
127.317,344.413,132.945,10658.6,1.09966,15.9767,0,0.458093
127.333,344.949,132.945,10658.7,1.09966,15.9766,0,0.458093
127.35,345.484,132.946,10658.8,1.09966,15.9764,0,0.458093
127.367,346.019,132.946,10658.9,1.09966,15.9763,0,0.458093
127.383,346.553,132.947,10659,1.09966,15.9762,0,0.458093
127.4,347.087,132.947,10659.1,1.09966,15.9761,0,0.458093
127.417,347.62,132.947,10659.2,1.09966,15.976,0,0.458093
127.433,348.153,132.948,10659.3,1.09966,15.9759,0,0.458093
127.45,348.685,132.948,10659.4,1.09966,15.9758,0,0.458093
127.467,349.217,132.949,10659.4,1.09966,15.9757,0,0.458093
127.483,349.748,132.949,10659.5,1.09966,15.9756,0,0.458093
127.5,350.278,132.949,10659.6,1.09966,15.9755,0,0.458093
127.517,350.808,132.95,10659.7,1.09966,15.9754,0,0.458093
127.533,351.338,132.95,10659.8,1.09966,15.9753,0,0.458093
127.55,351.867,132.95,10659.9,1.09966,15.9752,0,0.458093
127.567,352.395,132.951,10660,1.09966,15.9751,0,0.458093
127.583,352.923,132.951,10660.1,1.09966,15.975,0,0.458093
127.6,353.45,132.951,10660.2,1.09966,15.9749,0,0.458093
127.617,353.977,132.952,10660.3,1.09966,15.9748,0,0.458093
127.633,354.503,132.952,10660.4,1.09966,15.9747,0,0.458093
127.65,355.029,132.952,10660.5,1.09967,15.9746,0,0.458093
127.667,355.554,132.952,10660.6,1.09967,15.9745,0,0.458093
127.683,356.079,132.953,10660.7,1.09967,15.9745,0,0.458093
127.7,356.603,132.953,10660.8,1.09967,15.9744,0,0.458093
127.717,357.126,132.953,10660.9,1.09967,15.9743,0,0.458093
127.733,357.649,132.953,10661,1.09967,15.9742,0,0.458093
127.75,358.172,132.954,10661.1,1.09967,15.9742,0,0.458093
127.767,358.694,132.954,10661.2,1.09967,15.9741,0,0.458093
127.783,359.215,132.954,10661.3,1.09967,15.974,0,0.458093
127.8,359.736,132.954,10661.4,1.09967,15.974,0,0.458093
127.817,360.256,132.955,10661.5,1.09966,15.9739,0,0.458093
127.833,360.775,132.955,10661.6,1.09966,15.9738,0,0.458093
127.85,361.294,132.955,10661.7,1.09966,15.9738,0,0.458093
127.867,361.813,132.955,10661.8,1.09966,15.9737,0,0.458093
127.883,362.331,132.955,10661.9,1.09966,15.9737,0,0.458093
127.9,362.848,132.955,10662,1.09966,15.9736,0,0.458093
127.917,363.365,132.956,10662.1,1.09966,15.9736,0,0.458093
127.933,363.881,132.956,10662.2,1.09966,15.9735,0,0.458093
127.95,364.397,132.956,10662.3,1.09966,15.9735,0,0.458093
127.967,364.912,132.956,10662.4,1.09966,15.9734,0,0.458093
127.983,365.427,132.956,10662.5,1.09966,15.9734,0,0.458093
128,365.941,132.956,10662.6,1.09966,15.9733,0,0.458093
128.017,366.454,132.956,10662.7,1.09966,15.9733,0,0.458093
128.033,366.967,132.956,10662.8,1.09966,15.9732,0,0.458093
128.05,367.479,132.956,10662.9,1.09966,15.9732,0,0.458093
128.067,367.991,132.956,10663,1.09966,15.9732,0,0.458093
128.083,368.502,132.956,10663.1,1.09966,15.9731,0,0.458093
128.1,369.013,132.957,10663.2,1.09966,15.9731,0,0.458093
128.117,369.523,132.957,10663.3,1.09966,15.9731,0,0.458093
128.133,370.032,132.957,10663.4,1.09966,15.9731,0,0.458093
128.15,370.541,132.957,10663.5,1.09966,15.973,0,0.458093
128.167,371.05,132.957,10663.7,1.09965,15.973,0,0.458093
128.183,371.557,132.957,10663.8,1.09965,15.973,0,0.458093
128.2,372.065,132.957,10663.9,1.09965,15.973,0,0.458093
128.217,372.571,132.957,10664,1.09965,15.973,0,0.458093
128.233,373.077,132.957,10664.1,1.09965,15.973,0,0.458093
128.25,373.583,132.957,10664.2,1.09965,15.9729,0,0.458093
128.267,374.087,132.956,10664.3,1.09965,15.9729,0,0.458093
128.283,374.592,132.956,10664.4,1.09965,15.9729,0,0.458093
128.3,375.095,132.956,10664.5,1.09965,15.9729,0,0.458093
128.317,375.598,132.956,10664.6,1.09965,15.9729,0,0.458093
128.333,376.101,132.956,10664.7,1.09964,15.9729,0,0.458093
128.35,376.603,132.956,10664.8,1.09964,15.9729,0,0.458093
128.367,377.104,132.956,10664.9,1.09964,15.9729,0,0.458093
128.383,377.605,132.956,10665,1.09964,15.9729,0,0.458093
128.4,378.105,132.956,10665.1,1.09964,15.9729,0,0.458093
128.417,378.605,132.956,10665.2,1.09964,15.9729,0,0.458093
128.433,379.104,132.956,10665.3,1.09964,15.9729,0,0.458093
128.45,379.602,132.955,10665.4,1.09964,15.973,0,0.458093
128.467,380.1,132.955,10665.5,1.09963,15.973,0,0.458093
128.483,380.597,132.955,10665.6,1.09963,15.973,0,0.458093
128.5,381.094,132.955,10665.7,1.09963,15.973,0,0.458093
128.517,381.59,132.955,10665.8,1.09963,15.973,0,0.458093
128.533,382.085,132.955,10666,1.09963,15.9731,0,0.458093
128.55,382.58,132.954,10666.1,1.09963,15.9731,0,0.458093
128.567,383.074,132.954,10666.2,1.09963,15.9731,0,0.458093
128.583,383.568,132.954,10666.3,1.09962,15.9731,0,0.458093
128.6,384.061,132.954,10666.4,1.09962,15.9732,0,0.458093
128.617,384.554,132.953,10666.5,1.09962,15.9732,0,0.458093
128.633,385.045,132.953,10666.6,1.09962,15.9732,0,0.458093
128.65,385.537,132.953,10666.7,1.09962,15.9733,0,0.458093
128.667,386.027,132.953,10666.8,1.09962,15.9733,0,0.458093
128.683,386.517,132.952,10666.9,1.09961,15.9734,0,0.458093
128.7,387.007,132.952,10667,1.09961,15.9734,0,0.458093
128.717,387.496,132.952,10667.1,1.09961,15.9734,0,0.458093
128.733,387.984,132.952,10667.2,1.09961,15.9735,0,0.458093
128.75,388.472,132.951,10667.3,1.09961,15.9735,0,0.458093
128.767,388.959,132.951,10667.5,1.0996,15.9736,0,0.458093
128.783,389.445,132.951,10667.6,1.0996,15.9736,0,0.458093
128.8,389.931,132.95,10667.7,1.0996,15.9737,0,0.458093
128.817,390.416,132.95,10667.8,1.0996,15.9738,0,0.458093
128.833,390.901,132.95,10667.9,1.0996,15.9738,0,0.458093
128.85,391.385,132.949,10668,1.09959,15.9739,0,0.458093
128.867,391.868,132.949,10668.1,1.09959,15.9739,0,0.458093
128.883,392.351,132.948,10668.2,1.09959,15.974,0,0.458093
128.9,392.833,132.948,10668.3,1.09959,15.9741,0,0.458093
128.917,393.315,132.948,10668.4,1.09959,15.9741,0,0.458093
128.933,393.796,132.947,10668.5,1.09958,15.9742,0,0.458093
128.95,394.276,132.947,10668.6,1.09958,15.9743,0,0.458093
128.967,394.756,132.946,10668.8,1.09958,15.9744,0,0.458093
128.983,395.235,132.946,10668.9,1.09958,15.9744,0,0.458093
129,395.713,132.946,10669,1.09957,15.9745,0,0.458093
129.017,396.191,132.945,10669.1,1.09957,15.9746,0,0.458093
129.033,396.668,132.945,10669.2,1.09957,15.9747,0,0.458093
129.05,397.145,132.944,10669.3,1.09957,15.9748,0,0.458093
129.067,397.621,132.944,10669.4,1.09956,15.9749,0,0.458093
129.083,398.096,132.943,10669.5,1.09956,15.975,0,0.458093
129.1,398.571,132.943,10669.6,1.09956,15.975,0,0.458093
129.117,399.045,132.942,10669.8,1.09956,15.9751,0,0.458093
129.133,399.518,132.942,10669.9,1.09955,15.9752,0,0.458093
129.15,399.991,132.941,10670,1.09955,15.9753,0,0.458093
129.167,400.463,132.941,10670.1,1.09955,15.9754,0,0.458093
129.183,400.935,132.94,10670.2,1.09954,15.9755,0,0.458093
129.2,401.406,132.94,10670.3,1.09954,15.9756,0,0.458093
129.217,401.876,132.939,10670.4,1.09954,15.9757,0,0.458093
129.233,402.346,132.938,10670.5,1.09954,15.9759,0,0.458093
129.25,402.815,132.938,10670.6,1.09953,15.976,0,0.458093
129.267,403.283,132.937,10670.8,1.09953,15.9761,0,0.458093
129.283,403.751,132.937,10670.9,1.09953,15.9762,0,0.458093
129.3,404.218,132.936,10671,1.09952,15.9763,0,0.458093
129.317,404.685,132.935,10671.1,1.09952,15.9764,0,0.458093
129.333,405.151,132.935,10671.2,1.09952,15.9766,0,0.458093
129.35,405.616,132.934,10671.3,1.09952,15.9767,0,0.458093
129.367,406.081,132.934,10671.4,1.09951,15.9768,0,0.458093
129.383,406.545,132.933,10671.5,1.09951,15.9769,0,0.458093
129.4,407.008,132.932,10671.7,1.09951,15.9771,0,0.458093
129.417,407.471,132.932,10671.8,1.0995,15.9772,0,0.458093
129.433,407.933,132.931,10671.9,1.0995,15.9773,0,0.458093
129.45,408.394,132.93,10672,1.0995,15.9775,0,0.458093
129.467,408.855,132.929,10672.1,1.09949,15.9776,0,0.458093
129.483,409.315,132.929,10672.2,1.09949,15.9777,0,0.458093
129.5,409.774,132.928,10672.3,1.09949,15.9779,0,0.458093
129.517,410.233,132.927,10672.4,1.09948,15.978,0,0.458093
129.533,410.691,132.927,10672.6,1.09948,15.9782,0,0.458093
129.55,411.149,132.926,10672.7,1.09948,15.9783,0,0.458093
129.567,411.606,132.925,10672.8,1.09947,15.9785,0,0.458093
129.583,412.062,132.924,10672.9,1.09947,15.9786,0,0.458093
129.6,412.518,132.924,10673,1.09947,15.9788,0,0.458093
129.617,412.973,132.923,10673.1,1.09946,15.9789,0,0.458093
129.633,413.427,132.922,10673.3,1.09946,15.9791,0,0.458093
129.65,413.88,132.921,10673.4,1.09946,15.9792,0,0.458093
129.667,414.333,132.92,10673.5,1.09945,15.9794,0,0.458093
129.683,414.786,132.92,10673.6,1.09945,15.9796,0,0.458093
129.7,415.237,132.919,10673.7,1.09944,15.9797,0,0.458093
129.717,415.688,132.918,10673.8,1.09944,15.9799,0,0.458093
129.733,416.139,132.917,10673.9,1.09944,15.9801,0,0.458093
129.75,416.588,132.916,10674.1,1.09943,15.9802,0,0.458093
129.767,417.037,132.915,10674.2,1.09943,15.9804,0,0.458093
129.783,417.486,132.914,10674.3,1.09942,15.9806,0,0.458093
129.8,417.934,132.914,10674.4,1.09942,15.9808,0,0.458093
129.817,418.381,132.913,10674.5,1.09942,15.981,0,0.458093
129.833,418.827,132.912,10674.6,1.09941,15.9811,0,0.458093
129.85,419.273,132.911,10674.8,1.09941,15.9813,0,0.458093
129.867,419.718,132.91,10674.9,1.0994,15.9815,0,0.458093
129.883,420.162,132.909,10675,1.0994,15.9817,0,0.458093
129.9,420.606,132.908,10675.1,1.0994,15.9819,0,0.458093
129.917,421.049,132.907,10675.2,1.09939,15.9821,0,0.458093
129.933,421.491,132.906,10675.3,1.09939,15.9823,0,0.458093
129.95,421.933,132.905,10675.5,1.09938,15.9825,0,0.458093
129.967,422.374,132.904,10675.6,1.09938,15.9827,0,0.458093
129.983,422.814,132.903,10675.7,1.09938,15.9829,0,0.458093
130,423.254,132.902,10675.8,1.09937,15.9831,0,0.458093
130.017,423.693,132.901,10675.9,1.09937,15.9833,0,0.458093
130.033,424.131,132.9,10676,1.09936,15.9835,0,0.458093
130.05,424.569,132.899,10676.2,1.09936,15.9837,0,0.458093
130.067,425.006,132.898,10676.3,1.09935,15.9839,0,0.458093
130.083,425.442,132.897,10676.4,1.09935,15.9841,0,0.458093
130.1,425.878,132.896,10676.5,1.09934,15.9844,0,0.458093
130.117,426.313,132.895,10676.6,1.09934,15.9846,0,0.458093
130.133,426.747,132.894,10676.8,1.09934,15.9848,0,0.458093
130.15,427.181,132.893,10676.9,1.09933,15.985,0,0.458093
130.167,427.614,132.892,10677,1.09933,15.9852,0,0.458093
130.183,428.046,132.891,10677.1,1.09932,15.9855,0,0.458093
130.2,428.478,132.89,10677.2,1.09932,15.9857,0,0.458093
130.217,428.909,132.888,10677.3,1.09931,15.9859,0,0.458093
130.233,429.339,132.887,10677.5,1.09931,15.9862,0,0.458093
130.25,429.768,132.886,10677.6,1.0993,15.9864,0,0.458093
130.267,430.197,132.885,10677.7,1.0993,15.9866,0,0.458093
130.283,430.625,132.884,10677.8,1.09929,15.9869,0,0.458093
130.3,431.053,132.883,10677.9,1.09929,15.9871,0,0.458093
130.317,431.48,132.882,10678.1,1.09928,15.9874,0,0.458093
130.333,431.906,132.88,10678.2,1.09928,15.9876,0,0.458093
130.35,432.331,132.879,10678.3,1.09927,15.9879,0,0.458093
130.367,432.756,132.878,10678.4,1.09927,15.9881,0,0.458093
130.383,433.18,132.877,10678.5,1.09926,15.9884,0,0.458093
130.4,433.603,132.876,10678.7,1.09926,15.9886,0,0.458093
130.417,434.026,132.874,10678.8,1.09925,15.9889,0,0.458093
130.433,434.448,132.873,10678.9,1.09925,15.9891,0,0.458093
130.45,434.869,132.872,10679,1.09924,15.9894,0,0.458093
130.467,435.29,132.871,10679.1,1.09924,15.9896,0,0.458093
130.483,435.709,132.869,10679.3,1.09923,15.9899,0,0.458093
130.5,436.129,132.868,10679.4,1.09923,15.9902,0,0.458093
130.517,436.547,132.867,10679.5,1.09922,15.9904,0,0.458093
130.533,436.965,132.866,10679.6,1.09922,15.9907,0,0.458093
130.55,437.382,132.864,10679.8,1.09921,15.991,0,0.458093
130.567,437.798,132.863,10679.9,1.09921,15.9913,0,0.458093
130.583,438.214,132.862,10680,1.0992,15.9915,0,0.458093
130.6,438.629,132.86,10680.1,1.09919,15.9918,0,0.458093
130.617,439.043,132.859,10680.2,1.09919,15.9921,0,0.458093
130.633,439.457,132.858,10680.4,1.09918,15.9924,0,0.458093
130.65,439.869,132.856,10680.5,1.09918,15.9927,0,0.458093
130.667,440.282,132.855,10680.6,1.09917,15.993,0,0.458093
130.683,440.693,132.854,10680.7,1.09917,15.9933,0,0.458093
130.7,441.104,132.852,10680.9,1.09916,15.9935,0,0.458093
130.717,441.514,132.851,10681,1.09916,15.9938,0,0.458093
130.733,441.923,132.849,10681.1,1.09915,15.9941,0,0.458093
130.75,442.332,132.848,10681.2,1.09914,15.9944,0,0.458093
130.767,442.74,132.847,10681.3,1.09914,15.9947,0,0.458093
130.783,443.147,132.845,10681.5,1.09913,15.995,0,0.458093
130.8,443.553,132.844,10681.6,1.09913,15.9953,0,0.458093
130.817,443.959,132.842,10681.7,1.09912,15.9956,0,0.458093
130.833,444.364,132.841,10681.8,1.09911,15.996,0,0.458093
130.85,444.768,132.839,10682,1.09911,15.9963,0,0.458093
130.867,445.172,132.838,10682.1,1.0991,15.9966,0,0.458093
130.883,445.575,132.836,10682.2,1.0991,15.9969,0,0.458093
130.9,445.977,132.835,10682.3,1.09909,15.9972,0,0.458093
130.917,446.378,132.833,10682.5,1.09908,15.9975,0,0.458093
130.933,446.779,132.832,10682.6,1.09908,15.9979,0,0.458093
130.95,447.179,132.83,10682.7,1.09907,15.9982,0,0.458093
130.967,447.579,132.829,10682.8,1.09907,15.9985,0,0.458093
130.983,447.977,132.827,10683,1.09906,15.9988,0,0.458093
131,448.375,132.826,10683.1,1.09905,15.9992,0,0.458093
131.017,448.772,132.824,10683.2,1.09905,15.9995,0,0.458093
131.033,449.169,132.823,10683.3,1.09904,15.9998,0,0.458093
131.05,449.564,132.821,10683.4,1.09904,16.0002,0,0.458093
131.067,449.959,132.819,10683.6,1.09903,16.0005,0,0.458093
131.083,450.353,132.818,10683.7,1.09902,16.0008,0,0.458093
131.1,450.747,132.816,10683.8,1.09902,16.0012,0,0.458093
131.117,451.14,132.815,10683.9,1.09901,16.0015,0,0.458093
131.133,451.532,132.813,10684.1,1.099,16.0019,0,0.458093
131.15,451.923,132.811,10684.2,1.099,16.0022,0,0.458093
131.167,452.314,132.81,10684.3,1.09899,16.0026,0,0.458093
131.183,452.703,132.808,10684.5,1.09898,16.0029,0,0.458093
131.2,453.093,132.806,10684.6,1.09898,16.0033,0,0.458093
131.217,453.481,132.805,10684.7,1.09897,16.0036,0,0.458093
131.233,453.869,132.803,10684.8,1.09896,16.004,0,0.458093
131.25,454.256,132.801,10685,1.09896,16.0044,0,0.458093
131.267,454.642,132.8,10685.1,1.09895,16.0047,0,0.458093
131.283,455.027,132.798,10685.2,1.09894,16.0051,0,0.458093
131.3,455.412,132.796,10685.3,1.09894,16.0055,0,0.458093
131.317,455.796,132.795,10685.5,1.09893,16.0058,0,0.458093
131.333,456.179,132.793,10685.6,1.09892,16.0062,0,0.458093
131.35,456.562,132.791,10685.7,1.09892,16.0066,0,0.458093
131.367,456.943,132.789,10685.8,1.09891,16.007,0,0.458093
131.383,457.324,132.788,10686,1.0989,16.0073,0,0.458093
131.4,457.705,132.786,10686.1,1.0989,16.0077,0,0.458093
131.417,458.084,132.784,10686.2,1.09889,16.0081,0,0.458093
131.433,458.463,132.782,10686.4,1.09888,16.0085,0,0.458093
131.45,458.841,132.78,10686.5,1.09887,16.0089,0,0.458093
131.467,459.218,132.779,10686.6,1.09887,16.0093,0,0.458093
131.483,459.595,132.777,10686.7,1.09886,16.0097,0,0.458093
131.5,459.971,132.775,10686.9,1.09885,16.01,0,0.458093
131.517,460.346,132.773,10687,1.09885,16.0104,0,0.458093
131.533,460.72,132.771,10687.1,1.09884,16.0108,0,0.458093
131.55,461.094,132.769,10687.2,1.09883,16.0112,0,0.458093
131.567,461.466,132.768,10687.4,1.09882,16.0116,0,0.458093
131.583,461.838,132.766,10687.5,1.09882,16.012,0,0.458093
131.6,462.21,132.764,10687.6,1.09881,16.0125,0,0.458093
131.617,462.58,132.762,10687.8,1.0988,16.0129,0,0.458093
131.633,462.95,132.76,10687.9,1.09879,16.0133,0,0.458093
131.65,463.319,132.758,10688,1.09879,16.0137,0,0.458093
131.667,463.687,132.756,10688.1,1.09878,16.0141,0,0.458093
131.683,464.055,132.754,10688.3,1.09877,16.0145,0,0.458093
131.7,464.422,132.752,10688.4,1.09876,16.0149,0,0.458093
131.717,464.788,132.75,10688.5,1.09876,16.0154,0,0.458093
131.733,465.153,132.748,10688.7,1.09875,16.0158,0,0.458093
131.75,465.518,132.746,10688.8,1.09874,16.0162,0,0.458093
131.767,465.881,132.744,10688.9,1.09873,16.0166,0,0.458093
131.783,466.244,132.742,10689,1.09873,16.0171,0,0.458093
131.8,466.607,132.74,10689.2,1.09872,16.0175,0,0.458093
131.817,466.968,132.738,10689.3,1.09871,16.0179,0,0.458093
131.833,467.329,132.736,10689.4,1.0987,16.0184,0,0.458093
131.85,467.689,132.734,10689.6,1.09869,16.0188,0,0.458093
131.867,468.048,132.732,10689.7,1.09869,16.0192,0,0.458093
131.883,468.406,132.73,10689.8,1.09868,16.0197,0,0.458093
131.9,468.764,132.728,10690,1.09867,16.0201,0,0.458093
131.917,469.121,132.726,10690.1,1.09866,16.0206,0,0.458093
131.933,469.477,132.724,10690.2,1.09865,16.021,0,0.458093
131.95,469.832,132.722,10690.3,1.09865,16.0215,0,0.458093
131.967,470.187,132.72,10690.5,1.09864,16.0219,0,0.458093
131.983,470.541,132.718,10690.6,1.09863,16.0224,0,0.458093
132,470.894,132.716,10690.7,1.09862,16.0228,0,0.458093
132.017,471.246,132.714,10690.9,1.09861,16.0233,0,0.458093
132.033,471.597,132.712,10691,1.09861,16.0238,0,0.458093
132.05,471.948,132.709,10691.1,1.0986,16.0242,0,0.458093
132.067,472.298,132.707,10691.3,1.09859,16.0247,0,0.458093
132.083,472.647,132.705,10691.4,1.09858,16.0252,0,0.458093
132.1,472.996,132.703,10691.5,1.09857,16.0256,0,0.458093
132.117,473.343,132.701,10691.7,1.09856,16.0261,0,0.458093
132.133,473.69,132.699,10691.8,1.09856,16.0266,0,0.458093
132.15,474.036,132.696,10691.9,1.09855,16.0271,0,0.458093
132.167,474.381,132.694,10692.1,1.09854,16.0275,0,0.458093
132.183,474.726,132.692,10692.2,1.09853,16.028,0,0.458093
132.2,475.07,132.69,10692.3,1.09852,16.0285,0,0.458093
132.217,475.413,132.688,10692.4,1.09851,16.029,0,0.458093
132.233,475.755,132.685,10692.6,1.09851,16.0295,0,0.458093
132.25,476.096,132.683,10692.7,1.0985,16.03,0,0.458093
132.267,476.437,132.681,10692.8,1.09849,16.0305,0,0.458093
132.283,476.777,132.679,10693,1.09848,16.031,0,0.458093
132.3,477.116,132.676,10693.1,1.09847,16.0314,0,0.458093
132.317,477.454,132.674,10693.2,1.09846,16.0319,0,0.458093
132.333,477.791,132.672,10693.4,1.09845,16.0324,0,0.458093
132.35,478.128,132.669,10693.5,1.09844,16.033,0,0.458093
132.367,478.464,132.667,10693.6,1.09844,16.0335,0,0.458093
132.383,478.799,132.665,10693.8,1.09843,16.034,0,0.458093
132.4,479.133,132.662,10693.9,1.09842,16.0345,0,0.458093
132.417,479.467,132.66,10694,1.09841,16.035,0,0.458093
132.433,479.8,132.658,10694.2,1.0984,16.0355,0,0.458093
132.45,480.132,132.655,10694.3,1.09839,16.036,0,0.458093
132.467,480.463,132.653,10694.4,1.09838,16.0365,0,0.458093
132.483,480.793,132.651,10694.6,1.09837,16.0371,0,0.458093
132.5,481.123,132.648,10694.7,1.09836,16.0376,0,0.458093
132.517,481.451,132.646,10694.8,1.09836,16.0381,0,0.458093
132.533,481.779,132.643,10695,1.09835,16.0386,0,0.458093
132.55,482.106,132.641,10695.1,1.09834,16.0392,0,0.458093
132.567,482.433,132.639,10695.2,1.09833,16.0397,0,0.458093
132.583,482.758,132.636,10695.4,1.09832,16.0402,0,0.458093
132.6,483.083,132.634,10695.5,1.09831,16.0408,0,0.458093
132.617,483.407,132.631,10695.6,1.0983,16.0413,0,0.458093
132.633,483.73,132.629,10695.8,1.09829,16.0418,0,0.458093
132.65,484.053,132.626,10695.9,1.09828,16.0424,0,0.458093
132.667,484.374,132.624,10696,1.09827,16.0429,0,0.458093
132.683,484.695,132.621,10696.2,1.09826,16.0435,0,0.458093
132.7,485.015,132.619,10696.3,1.09825,16.044,0,0.458093
132.717,485.334,132.616,10696.5,1.09824,16.0446,0,0.458093
132.733,485.653,132.614,10696.6,1.09823,16.0451,0,0.458093
132.75,485.97,132.611,10696.7,1.09822,16.0457,0,0.458093
132.767,486.287,132.609,10696.9,1.09821,16.0462,0,0.458093
132.783,486.603,132.606,10697,1.09821,16.0468,0,0.458093
132.8,486.918,132.604,10697.1,1.0982,16.0473,0,0.458093
132.817,487.232,132.601,10697.3,1.09819,16.0479,0,0.458093
132.833,487.546,132.599,10697.4,1.09818,16.0485,0,0.458093
132.85,487.859,132.596,10697.5,1.09817,16.049,0,0.458093
132.867,488.171,132.593,10697.7,1.09816,16.0496,0,0.458093
132.883,488.482,132.591,10697.8,1.09815,16.0502,0,0.458093
132.9,488.792,132.588,10697.9,1.09814,16.0507,0,0.458093
132.917,489.102,132.586,10698.1,1.09813,16.0513,0,0.458093
132.933,489.41,132.583,10698.2,1.09812,16.0519,0,0.458093
132.95,489.718,132.58,10698.3,1.09811,16.0525,0,0.458093
132.967,490.025,132.578,10698.5,1.0981,16.0531,0,0.458093
132.983,490.331,132.575,10698.6,1.09809,16.0537,0,0.458093
133,490.637,132.572,10698.8,1.09808,16.0542,0,0.458093
133.017,490.941,132.57,10698.9,1.09807,16.0548,0,0.458093
133.033,491.245,132.567,10699,1.09806,16.0554,0,0.458093
133.05,491.548,132.564,10699.2,1.09805,16.056,0,0.458093
133.067,491.85,132.562,10699.3,1.09804,16.0566,0,0.458093
133.083,492.152,132.559,10699.4,1.09803,16.0572,0,0.458093
133.1,492.452,132.556,10699.6,1.09802,16.0578,0,0.458093
133.117,492.752,132.553,10699.7,1.09801,16.0584,0,0.458093
133.133,493.051,132.551,10699.9,1.098,16.059,0,0.458093
133.15,493.349,132.548,10700,1.09799,16.0596,0,0.458093
133.167,493.646,132.545,10700.1,1.09798,16.0602,0,0.458093
133.183,493.942,132.542,10700.3,1.09797,16.0608,0,0.458093
133.2,494.238,132.54,10700.4,1.09796,16.0614,0,0.458093
133.217,494.532,132.537,10700.5,1.09795,16.0621,0,0.458093
133.233,494.826,132.534,10700.7,1.09793,16.0627,0,0.458093
133.25,495.119,132.531,10700.8,1.09792,16.0633,0,0.458093
133.267,495.412,132.528,10700.9,1.09791,16.0639,0,0.458093
133.283,495.703,132.526,10701.1,1.0979,16.0645,0,0.458093
133.3,495.994,132.523,10701.2,1.09789,16.0652,0,0.458093
133.317,496.284,132.52,10701.4,1.09788,16.0658,0,0.458093
133.333,496.572,132.517,10701.5,1.09787,16.0664,0,0.458093
133.35,496.861,132.514,10701.6,1.09786,16.0671,0,0.458093
133.367,497.148,132.511,10701.8,1.09785,16.0677,0,0.458093
133.383,497.434,132.509,10701.9,1.09784,16.0683,0,0.458093
133.4,497.72,132.506,10702.1,1.09783,16.069,0,0.458093
133.417,498.005,132.503,10702.2,1.09782,16.0696,0,0.458093
133.433,498.289,132.5,10702.3,1.09781,16.0703,0,0.458093
133.45,498.572,132.497,10702.5,1.0978,16.0709,0,0.458093
133.467,498.854,132.494,10702.6,1.09779,16.0715,0,0.458093
133.483,499.136,132.491,10702.7,1.09777,16.0722,0,0.458093
133.5,499.416,132.488,10702.9,1.09776,16.0728,0,0.458093
133.517,499.696,132.485,10703,1.09775,16.0735,0,0.458093
133.533,499.975,132.482,10703.2,1.09774,16.0742,0,0.458093
133.55,500.253,132.479,10703.3,1.09773,16.0748,0,0.458093
133.567,500.53,132.476,10703.4,1.09772,16.0755,0,0.458093
133.583,500.807,132.473,10703.6,1.09771,16.0761,0,0.458093
133.6,501.082,132.47,10703.7,1.0977,16.0768,0,0.458093
133.617,501.357,132.467,10703.9,1.09769,16.0775,0,0.458093
133.633,501.631,132.464,10704,1.09768,16.0781,0,0.458093
133.65,501.904,132.461,10704.1,1.09766,16.0788,0,0.458093
133.667,502.176,132.458,10704.3,1.09765,16.0795,0,0.458093
133.683,502.447,132.455,10704.4,1.09764,16.0802,0,0.458093
133.7,502.718,132.452,10704.6,1.09763,16.0808,0,0.458093
133.717,502.987,132.449,10704.7,1.09762,16.0815,0,0.458093
133.733,503.256,132.446,10704.8,1.09761,16.0822,0,0.458093
133.75,503.524,132.443,10705,1.0976,16.0829,0,0.458093
133.767,503.791,132.44,10705.1,1.09758,16.0836,0,0.458093
133.783,504.058,132.437,10705.3,1.09757,16.0843,0,0.458093
133.8,504.323,132.434,10705.4,1.09756,16.085,0,0.458093
133.817,504.588,132.43,10705.5,1.09755,16.0856,0,0.458093
133.833,504.851,132.427,10705.7,1.09754,16.0863,0,0.458093
133.85,505.114,132.424,10705.8,1.09753,16.087,0,0.458093
133.867,505.376,132.421,10706,1.09752,16.0877,0,0.458093
133.883,505.637,132.418,10706.1,1.0975,16.0884,0,0.458093
133.9,505.898,132.415,10706.2,1.09749,16.0891,0,0.458093
133.917,506.157,132.411,10706.4,1.09748,16.0898,0,0.458093
133.933,506.416,132.408,10706.5,1.09747,16.0906,0,0.458093
133.95,506.673,132.405,10706.7,1.09746,16.0913,0,0.458093
133.967,506.93,132.402,10706.8,1.09745,16.092,0,0.458093
133.983,507.186,132.399,10706.9,1.09743,16.0927,0,0.458093
134,507.442,132.395,10707.1,1.09742,16.0934,0,0.458093
134.017,507.696,132.392,10707.2,1.09741,16.0941,0,0.458093
134.033,507.949,132.389,10707.4,1.0974,16.0949,0,0.458093
134.05,508.202,132.386,10707.5,1.09739,16.0956,0,0.458093
134.067,508.454,132.382,10707.6,1.09737,16.0963,0,0.458093
134.083,508.705,132.379,10707.8,1.09736,16.097,0,0.458093
134.1,508.955,132.376,10707.9,1.09735,16.0978,0,0.458093
134.117,509.204,132.373,10708.1,1.09734,16.0985,0,0.458093
134.133,509.452,132.369,10708.2,1.09733,16.0992,0,0.458093
134.15,509.699,132.366,10708.4,1.09731,16.1,0,0.458093
134.167,509.946,132.363,10708.5,1.0973,16.1007,0,0.458093
134.183,510.192,132.359,10708.6,1.09729,16.1014,0,0.458093
134.2,510.436,132.356,10708.8,1.09728,16.1022,0,0.458093
134.217,510.68,132.353,10708.9,1.09727,16.1029,0,0.458093
134.233,510.924,132.349,10709.1,1.09725,16.1037,0,0.458093
134.25,511.166,132.346,10709.2,1.09724,16.1044,0,0.458093
134.267,511.407,132.343,10709.3,1.09723,16.1052,0,0.458093
134.283,511.648,132.339,10709.5,1.09722,16.1059,0,0.458093
134.3,511.887,132.336,10709.6,1.0972,16.1067,0,0.458093
134.317,512.126,132.332,10709.8,1.09719,16.1074,0,0.458093
134.333,512.364,132.329,10709.9,1.09718,16.1082,0,0.458093
134.35,512.601,132.326,10710.1,1.09717,16.109,0,0.458093
134.367,512.837,132.322,10710.2,1.09715,16.1097,0,0.458093
134.383,513.072,132.319,10710.3,1.09714,16.1105,0,0.458093
134.4,513.307,132.315,10710.5,1.09713,16.1113,0,0.458093
134.417,513.54,132.312,10710.6,1.09712,16.112,0,0.458093
134.433,513.773,132.308,10710.8,1.0971,16.1128,0,0.458093
134.45,514.005,132.305,10710.9,1.09709,16.1136,0,0.458093
134.467,514.236,132.302,10711.1,1.09708,16.1144,0,0.458093
134.483,514.466,132.298,10711.2,1.09707,16.1151,0,0.458093
134.5,514.695,132.295,10711.3,1.09705,16.1159,0,0.458093
134.517,514.923,132.291,10711.5,1.09704,16.1167,0,0.458093
134.533,515.15,132.287,10711.6,1.09703,16.1175,0,0.458093
134.55,515.377,132.284,10711.8,1.09701,16.1183,0,0.458093
134.567,515.602,132.28,10711.9,1.097,16.1191,0,0.458093
134.583,515.827,132.277,10712.1,1.09699,16.1199,0,0.458093
134.6,516.051,132.273,10712.2,1.09698,16.1207,0,0.458093
134.617,516.274,132.27,10712.3,1.09696,16.1215,0,0.458093
134.633,516.496,132.266,10712.5,1.09695,16.1223,0,0.458093
134.65,516.717,132.263,10712.6,1.09694,16.1231,0,0.458093
134.667,516.938,132.259,10712.8,1.09692,16.1239,0,0.458093
134.683,517.157,132.255,10712.9,1.09691,16.1247,0,0.458093
134.7,517.376,132.252,10713.1,1.0969,16.1255,0,0.458093
134.717,517.593,132.248,10713.2,1.09688,16.1263,0,0.458093
134.733,517.81,132.245,10713.3,1.09687,16.1271,0,0.458093
134.75,518.026,132.241,10713.5,1.09686,16.1279,0,0.458093
134.767,518.241,132.237,10713.6,1.09685,16.1287,0,0.458093
134.783,518.455,132.234,10713.8,1.09683,16.1296,0,0.458093
134.8,518.669,132.23,10713.9,1.09682,16.1304,0,0.458093
134.817,518.881,132.226,10714.1,1.09681,16.1312,0,0.458093
134.833,519.092,132.223,10714.2,1.09679,16.132,0,0.458093
134.85,519.303,132.219,10714.4,1.09678,16.1329,0,0.458093
134.867,519.513,132.215,10714.5,1.09677,16.1337,0,0.458093
134.883,519.722,132.212,10714.6,1.09675,16.1345,0,0.458093
134.9,519.929,132.208,10714.8,1.09674,16.1354,0,0.458093
134.917,520.136,132.204,10714.9,1.09673,16.1362,0,0.458093
134.933,520.343,132.2,10715.1,1.09671,16.137,0,0.458093
134.95,520.548,132.197,10715.2,1.0967,16.1379,0,0.458093
134.967,520.752,132.193,10715.4,1.09668,16.1387,0,0.458093
134.983,520.956,132.189,10715.5,1.09667,16.1396,0,0.458093
135,521.158,132.185,10715.7,1.09666,16.1404,0,0.458093
135.017,521.36,132.182,10715.8,1.09664,16.1413,0,0.458093
135.033,521.561,132.178,10715.9,1.09663,16.1421,0,0.458093
135.05,521.76,132.174,10716.1,1.09662,16.143,0,0.458093
135.067,521.959,132.17,10716.2,1.0966,16.1438,0,0.458093
135.083,522.157,132.166,10716.4,1.09659,16.1447,0,0.458093
135.1,522.355,132.162,10716.5,1.09658,16.1455,0,0.458093
135.117,522.551,132.159,10716.7,1.09656,16.1464,0,0.458093
135.133,522.746,132.155,10716.8,1.09655,16.1473,0,0.458093
135.15,522.941,132.151,10717,1.09653,16.1481,0,0.458093
135.167,523.134,132.147,10717.1,1.09652,16.149,0,0.458093
135.183,523.327,132.143,10717.3,1.09651,16.1499,0,0.458093
135.2,523.519,132.139,10717.4,1.09649,16.1508,0,0.458093
135.217,523.71,132.135,10717.5,1.09648,16.1516,0,0.458093
135.233,523.9,132.132,10717.7,1.09646,16.1525,0,0.458093
135.25,524.089,132.128,10717.8,1.09645,16.1534,0,0.458093
135.267,524.277,132.124,10718,1.09644,16.1543,0,0.458093
135.283,524.464,132.12,10718.1,1.09642,16.1552,0,0.458093
135.3,524.65,132.116,10718.3,1.09641,16.156,0,0.458093
135.317,524.836,132.112,10718.4,1.09639,16.1569,0,0.458093
135.333,525.02,132.108,10718.6,1.09638,16.1578,0,0.458093
135.35,525.204,132.104,10718.7,1.09636,16.1587,0,0.458093
135.367,525.387,132.1,10718.9,1.09635,16.1596,0,0.458093
135.383,525.568,132.096,10719,1.09634,16.1605,0,0.458093
135.4,525.749,132.092,10719.1,1.09632,16.1614,0,0.458093
135.417,525.929,132.088,10719.3,1.09631,16.1623,0,0.458093
135.433,526.108,132.084,10719.4,1.09629,16.1632,0,0.458093
135.45,526.287,132.08,10719.6,1.09628,16.1641,0,0.458093
135.467,526.464,132.076,10719.7,1.09626,16.165,0,0.458093
135.483,526.64,132.072,10719.9,1.09625,16.1659,0,0.458093
135.5,526.816,132.068,10720,1.09624,16.1669,0,0.458093
135.517,526.99,132.064,10720.2,1.09622,16.1678,0,0.458093
135.533,527.164,132.06,10720.3,1.09621,16.1687,0,0.458093
135.55,527.336,132.056,10720.5,1.09619,16.1696,0,0.458093
135.567,527.508,132.052,10720.6,1.09618,16.1705,0,0.458093
135.583,527.679,132.048,10720.8,1.09616,16.1715,0,0.458093
135.6,527.849,132.043,10720.9,1.09615,16.1724,0,0.458093
135.617,528.018,132.039,10721,1.09613,16.1733,0,0.458093
135.633,528.186,132.035,10721.2,1.09612,16.1742,0,0.458093
135.65,528.353,132.031,10721.3,1.0961,16.1752,0,0.458093
135.667,528.52,132.027,10721.5,1.09609,16.1761,0,0.458093
135.683,528.685,132.023,10721.6,1.09607,16.177,0,0.458093
135.7,528.849,132.019,10721.8,1.09606,16.178,0,0.458093
135.717,529.013,132.015,10721.9,1.09604,16.1789,0,0.458093
135.733,529.176,132.01,10722.1,1.09603,16.1799,0,0.458093
135.75,529.337,132.006,10722.2,1.09601,16.1808,0,0.458093
135.767,529.498,132.002,10722.4,1.096,16.1818,0,0.458093
135.783,529.658,131.998,10722.5,1.09598,16.1827,0,0.458093
135.8,529.817,131.994,10722.7,1.09597,16.1837,0,0.458093
135.817,529.975,131.989,10722.8,1.09595,16.1846,0,0.458093
135.833,530.132,131.985,10723,1.09594,16.1856,0,0.458093
135.85,530.288,131.981,10723.1,1.09592,16.1865,0,0.458093
135.867,530.443,131.977,10723.3,1.09591,16.1875,0,0.458093
135.883,530.597,131.972,10723.4,1.09589,16.1885,0,0.458093
135.9,530.751,131.968,10723.5,1.09588,16.1894,0,0.458093
135.917,530.903,131.964,10723.7,1.09586,16.1904,0,0.458093
135.933,531.055,131.96,10723.8,1.09585,16.1914,0,0.458093
135.95,531.205,131.955,10724,1.09583,16.1923,0,0.458093
135.967,531.355,131.951,10724.1,1.09582,16.1933,0,0.458093
135.983,531.504,131.947,10724.3,1.0958,16.1943,0,0.458093
136,531.652,131.942,10724.4,1.09579,16.1953,0,0.458093
136.017,531.799,131.938,10724.6,1.09577,16.1962,0,0.458093
136.033,531.944,131.934,10724.7,1.09576,16.1972,0,0.458093
136.05,532.09,131.929,10724.9,1.09574,16.1982,0,0.458093
136.067,532.234,131.925,10725,1.09573,16.1992,0,0.458093
136.083,532.377,131.921,10725.2,1.09571,16.2002,0,0.458093
136.1,532.519,131.916,10725.3,1.0957,16.2012,0,0.458093
136.117,532.66,131.912,10725.5,1.09568,16.2022,0,0.458093
136.133,532.801,131.908,10725.6,1.09566,16.2032,0,0.458093
136.15,532.94,131.903,10725.8,1.09565,16.2042,0,0.458093
136.167,533.079,131.899,10725.9,1.09563,16.2052,0,0.458093
136.183,533.216,131.894,10726.1,1.09562,16.2062,0,0.458093
136.2,533.353,131.89,10726.2,1.0956,16.2072,0,0.458093
136.217,533.489,131.885,10726.4,1.09559,16.2082,0,0.458093
136.233,533.623,131.881,10726.5,1.09557,16.2092,0,0.458093
136.25,533.757,131.877,10726.7,1.09555,16.2102,0,0.458093
136.267,533.89,131.872,10726.8,1.09554,16.2112,0,0.458093
136.283,534.022,131.868,10726.9,1.09552,16.2122,0,0.458093
136.3,534.153,131.863,10727.1,1.09551,16.2132,0,0.458093
136.317,534.283,131.859,10727.2,1.09549,16.2143,0,0.458093
136.333,534.412,131.854,10727.4,1.09548,16.2153,0,0.458093
136.35,534.54,131.85,10727.5,1.09546,16.2163,0,0.458093
136.367,534.668,131.845,10727.7,1.09544,16.2173,0,0.458093
136.383,534.794,131.841,10727.8,1.09543,16.2184,0,0.458093
136.4,534.919,131.836,10728,1.09541,16.2194,0,0.458093
136.417,535.044,131.832,10728.1,1.0954,16.2204,0,0.458093
136.433,535.167,131.827,10728.3,1.09538,16.2215,0,0.458093
136.45,535.29,131.823,10728.4,1.09536,16.2225,0,0.458093
136.467,535.412,131.818,10728.6,1.09535,16.2235,0,0.458093
136.483,535.532,131.813,10728.7,1.09533,16.2246,0,0.458093
136.5,535.652,131.809,10728.9,1.09531,16.2256,0,0.458093
136.517,535.771,131.804,10729,1.0953,16.2267,0,0.458093
136.533,535.889,131.8,10729.2,1.09528,16.2277,0,0.458093
136.55,536.006,131.795,10729.3,1.09527,16.2288,0,0.458093
136.567,536.122,131.79,10729.5,1.09525,16.2298,0,0.458093
136.583,536.237,131.786,10729.6,1.09523,16.2309,0,0.458093
136.6,536.351,131.781,10729.8,1.09522,16.2319,0,0.458093
136.617,536.464,131.776,10729.9,1.0952,16.233,0,0.458093
136.633,536.576,131.772,10730.1,1.09518,16.2341,0,0.458093
136.65,536.687,131.767,10730.2,1.09517,16.2351,0,0.458093
136.667,536.798,131.763,10730.4,1.09515,16.2362,0,0.458093
136.683,536.907,131.758,10730.5,1.09514,16.2373,0,0.458093
136.7,537.015,131.753,10730.7,1.09512,16.2383,0,0.458093
136.717,537.123,131.748,10730.8,1.0951,16.2394,0,0.458093
136.733,537.229,131.744,10731,1.09509,16.2405,0,0.458093
136.75,537.335,131.739,10731.1,1.09507,16.2416,0,0.458093
136.767,537.439,131.734,10731.3,1.09505,16.2426,0,0.458093
136.783,537.543,131.73,10731.4,1.09504,16.2437,0,0.458093
136.8,537.646,131.725,10731.6,1.09502,16.2448,0,0.458093
136.817,537.747,131.72,10731.7,1.095,16.2459,0,0.458093
136.833,537.848,131.715,10731.9,1.09499,16.247,0,0.458093
136.85,537.948,131.711,10732,1.09497,16.2481,0,0.458093
136.867,538.047,131.706,10732.2,1.09495,16.2491,0,0.458093
136.883,538.145,131.701,10732.3,1.09494,16.2502,0,0.458093
136.9,538.242,131.696,10732.5,1.09492,16.2513,0,0.458093
136.917,538.338,131.691,10732.6,1.0949,16.2524,0,0.458093
136.933,538.433,131.687,10732.8,1.09488,16.2535,0,0.458093
136.95,538.527,131.682,10732.9,1.09487,16.2546,0,0.458093
136.967,538.62,131.677,10733.1,1.09485,16.2557,0,0.458093
136.983,538.713,131.672,10733.2,1.09483,16.2568,0,0.458093
137,538.804,131.667,10733.4,1.09482,16.258,0,0.458093
137.017,538.894,131.662,10733.5,1.0948,16.2591,0,0.458093
137.033,538.983,131.658,10733.7,1.09478,16.2602,0,0.458093
137.05,539.072,131.653,10733.8,1.09477,16.2613,0,0.458093
137.067,539.159,131.648,10734,1.09475,16.2624,0,0.458093
137.083,539.246,131.643,10734.1,1.09473,16.2635,0,0.458093
137.1,539.331,131.638,10734.3,1.09471,16.2647,0,0.458093
137.117,539.416,131.633,10734.4,1.0947,16.2658,0,0.458093
137.133,539.499,131.628,10734.6,1.09468,16.2669,0,0.458093
137.15,539.582,131.623,10734.7,1.09466,16.268,0,0.458093
137.167,539.664,131.618,10734.9,1.09465,16.2692,0,0.458093
137.183,539.744,131.613,10735,1.09463,16.2703,0,0.458093
137.2,539.824,131.608,10735.2,1.09461,16.2714,0,0.458093
137.217,539.903,131.604,10735.3,1.09459,16.2726,0,0.458093
137.233,539.981,131.599,10735.5,1.09458,16.2737,0,0.458093
137.25,540.058,131.594,10735.6,1.09456,16.2749,0,0.458093
137.267,540.134,131.589,10735.8,1.09454,16.276,0,0.458093
137.283,540.209,131.584,10735.9,1.09452,16.2771,0,0.458093
137.3,540.282,131.579,10736.1,1.09451,16.2783,0,0.458093
137.317,540.356,131.574,10736.2,1.09449,16.2794,0,0.458093
137.333,540.428,131.569,10736.4,1.09447,16.2806,0,0.458093
137.35,540.499,131.564,10736.5,1.09445,16.2817,0,0.458093
137.367,540.569,131.559,10736.7,1.09444,16.2829,0,0.458093
137.383,540.638,131.553,10736.8,1.09442,16.2841,0,0.458093
137.4,540.706,131.548,10737,1.0944,16.2852,0,0.458093
137.417,540.773,131.543,10737.1,1.09438,16.2864,0,0.458093
137.433,540.84,131.538,10737.3,1.09437,16.2876,0,0.458093
137.45,540.905,131.533,10737.4,1.09435,16.2887,0,0.458093
137.467,540.969,131.528,10737.6,1.09433,16.2899,0,0.458093
137.483,541.033,131.523,10737.7,1.09431,16.2911,0,0.458093
137.5,541.095,131.518,10737.9,1.0943,16.2922,0,0.458093
137.517,541.156,131.513,10738,1.09428,16.2934,0,0.458093
137.533,541.217,131.508,10738.2,1.09426,16.2946,0,0.458093
137.55,541.276,131.503,10738.3,1.09424,16.2958,0,0.458093
137.567,541.335,131.497,10738.5,1.09422,16.297,0,0.458093
137.583,541.392,131.492,10738.6,1.09421,16.2981,0,0.458093
137.6,541.449,131.487,10738.8,1.09419,16.2993,0,0.458093
137.617,541.505,131.482,10738.9,1.09417,16.3005,0,0.458093
137.633,541.559,131.477,10739.1,1.09415,16.3017,0,0.458093
137.65,541.613,131.472,10739.2,1.09413,16.3029,0,0.458093
137.667,541.666,131.466,10739.4,1.09412,16.3041,0,0.458093
137.683,541.717,131.461,10739.5,1.0941,16.3053,0,0.458093
137.7,541.768,131.456,10739.7,1.09408,16.3065,0,0.458093
137.717,541.818,131.451,10739.8,1.09406,16.3077,0,0.458093
137.733,541.867,131.446,10740,1.09404,16.3089,0,0.458093
137.75,541.915,131.44,10740.1,1.09403,16.3101,0,0.458093
137.767,541.962,131.435,10740.3,1.09401,16.3113,0,0.458093
137.783,542.007,131.43,10740.4,1.09399,16.3125,0,0.458093
137.8,542.052,131.425,10740.6,1.09397,16.3137,0,0.458093
137.817,542.096,131.419,10740.7,1.09395,16.315,0,0.458093
137.833,542.139,131.414,10740.9,1.09393,16.3162,0,0.458093
137.85,542.181,131.409,10741,1.09392,16.3174,0,0.458093
137.867,542.222,131.403,10741.2,1.0939,16.3186,0,0.458093
137.883,542.262,131.398,10741.3,1.09388,16.3198,0,0.458093
137.9,542.301,131.393,10741.5,1.09386,16.3211,0,0.458093
137.917,542.339,131.388,10741.6,1.09384,16.3223,0,0.458093
137.933,542.377,131.382,10741.8,1.09382,16.3235,0,0.458093
137.95,542.413,131.377,10741.9,1.09381,16.3247,0,0.458093
137.967,542.448,131.372,10742.1,1.09379,16.326,0,0.458093
137.983,542.482,131.366,10742.2,1.09377,16.3272,0,0.458093
138,542.515,131.361,10742.4,1.09375,16.3285,0,0.458093
138.017,542.548,131.355,10742.5,1.09373,16.3297,0,0.458093
138.033,542.579,131.35,10742.7,1.09371,16.3309,0,0.458093
138.05,542.609,131.345,10742.8,1.09369,16.3322,0,0.458093
138.067,542.638,131.339,10743,1.09368,16.3334,0,0.458093
138.083,542.667,131.334,10743.1,1.09366,16.3347,0,0.458093
138.1,542.694,131.328,10743.3,1.09364,16.3359,0,0.458093
138.117,542.72,131.323,10743.4,1.09362,16.3372,0,0.458093
138.133,542.746,131.318,10743.6,1.0936,16.3384,0,0.458093
138.15,542.77,131.312,10743.7,1.09358,16.3397,0,0.458093
138.167,542.794,131.307,10743.9,1.09356,16.341,0,0.458093
138.183,542.816,131.301,10744,1.09355,16.3422,0,0.458093
138.2,542.837,131.296,10744.2,1.09353,16.3435,0,0.458093
138.217,542.858,131.29,10744.3,1.09351,16.3448,0,0.458093
138.233,542.877,131.285,10744.5,1.09349,16.346,0,0.458093
138.25,542.896,131.279,10744.6,1.09347,16.3473,0,0.458093
138.267,542.913,131.274,10744.8,1.09345,16.3486,0,0.458093
138.283,542.93,131.268,10744.9,1.09343,16.3498,0,0.458093
138.3,542.946,131.263,10745.1,1.09341,16.3511,0,0.458093
138.317,542.96,131.257,10745.2,1.09339,16.3524,0,0.458093
138.333,542.974,131.252,10745.4,1.09337,16.3537,0,0.458093
138.35,542.986,131.246,10745.5,1.09336,16.355,0,0.458093
138.367,542.998,131.241,10745.7,1.09334,16.3562,0,0.458093
138.383,543.009,131.235,10745.8,1.09332,16.3575,0,0.458093
138.4,543.018,131.23,10746,1.0933,16.3588,0,0.458093
138.417,543.027,131.224,10746.1,1.09328,16.3601,0,0.458093
138.433,543.035,131.219,10746.3,1.09326,16.3614,0,0.458093
138.45,543.041,131.213,10746.4,1.09324,16.3627,0,0.458093
138.467,543.047,131.207,10746.6,1.09322,16.364,0,0.458093
138.483,543.052,131.202,10746.7,1.0932,16.3653,0,0.458093
138.5,543.055,131.196,10746.9,1.09318,16.3666,0,0.458093
138.517,543.058,131.191,10747,1.09316,16.3679,0,0.458093
138.533,543.06,131.185,10747.2,1.09314,16.3692,0,0.458093
138.55,543.061,131.179,10747.4,1.09313,16.3705,0,0.458093
138.567,543.061,131.174,10747.5,1.09311,16.3718,0,0.458093
138.583,543.059,131.168,10747.7,1.09309,16.3732,0,0.458093
138.6,543.057,131.162,10747.8,1.09307,16.3745,0,0.458093
138.617,543.054,131.157,10748,1.09305,16.3758,0,0.458093
138.633,543.05,131.151,10748.1,1.09303,16.3771,0,0.458093
138.65,543.045,131.145,10748.3,1.09301,16.3784,0,0.458093
138.667,543.039,131.14,10748.4,1.09299,16.3798,0,0.458093
138.683,543.031,131.134,10748.6,1.09297,16.3811,0,0.458093
138.7,543.023,131.128,10748.7,1.09295,16.3824,0,0.458093
138.717,543.014,131.122,10748.9,1.09293,16.3837,0,0.458093
138.733,543.004,131.117,10749,1.09291,16.3851,0,0.458093
138.75,542.993,131.111,10749.2,1.09289,16.3864,0,0.458093
138.767,542.981,131.105,10749.3,1.09287,16.3877,0,0.458093
138.783,542.968,131.1,10749.5,1.09285,16.3891,0,0.458093
138.8,542.954,131.094,10749.6,1.09283,16.3904,0,0.458093
138.817,542.939,131.088,10749.8,1.09281,16.3918,0,0.458093
138.833,542.923,131.082,10749.9,1.09279,16.3931,0,0.458093
138.85,542.906,131.076,10750.1,1.09277,16.3945,0,0.458093
138.867,542.888,131.071,10750.2,1.09275,16.3958,0,0.458093
138.883,542.869,131.065,10750.4,1.09273,16.3972,0,0.458093
138.9,542.849,131.059,10750.5,1.09271,16.3985,0,0.458093
138.917,542.828,131.053,10750.7,1.09269,16.3999,0,0.458093
138.933,542.806,131.047,10750.8,1.09267,16.4012,0,0.458093
138.95,542.783,131.042,10751,1.09265,16.4026,0,0.458093
138.967,542.759,131.036,10751.1,1.09263,16.404,0,0.458093
138.983,542.734,131.03,10751.3,1.09261,16.4053,0,0.458093
139,542.708,131.024,10751.4,1.09259,16.4067,0,0.458093
139.017,542.681,131.018,10751.6,1.09257,16.4081,0,0.458093
139.033,542.653,131.012,10751.7,1.09255,16.4094,0,0.458093
139.05,542.624,131.006,10751.9,1.09253,16.4108,0,0.458093
139.067,542.594,131.001,10752,1.09251,16.4122,0,0.458093
139.083,542.563,130.995,10752.2,1.09249,16.4135,0,0.458093
139.1,542.531,130.989,10752.3,1.09247,16.4149,0,0.458093
139.117,542.498,130.983,10752.5,1.09245,16.4163,0,0.458093
139.133,542.464,130.977,10752.6,1.09243,16.4177,0,0.458093
139.15,542.429,130.971,10752.8,1.09241,16.4191,0,0.458093
139.167,542.393,130.965,10752.9,1.09239,16.4205,0,0.458093
139.183,542.357,130.959,10753.1,1.09237,16.4219,0,0.458093
139.2,542.319,130.953,10753.2,1.09235,16.4232,0,0.458093
139.217,542.28,130.947,10753.4,1.09233,16.4246,0,0.458093
139.233,542.24,130.941,10753.5,1.09231,16.426,0,0.458093
139.25,542.199,130.935,10753.7,1.09229,16.4274,0,0.458093
139.267,542.157,130.929,10753.8,1.09227,16.4288,0,0.458093
139.283,542.114,130.923,10754,1.09225,16.4302,0,0.458093
139.3,542.07,130.917,10754.1,1.09223,16.4316,0,0.458093
139.317,542.025,130.911,10754.3,1.09221,16.4331,0,0.458093
139.333,541.98,130.905,10754.4,1.09219,16.4345,0,0.458093
139.35,541.933,130.899,10754.6,1.09217,16.4359,0,0.458093
139.367,541.885,130.893,10754.7,1.09215,16.4373,0,0.458093
139.383,541.836,130.887,10754.9,1.09213,16.4387,0,0.458093
139.4,541.786,130.881,10755,1.09211,16.4401,0,0.458093
139.417,541.735,130.875,10755.2,1.09209,16.4415,0,0.458093
139.433,541.683,130.869,10755.3,1.09207,16.443,0,0.458093
139.45,541.63,130.863,10755.5,1.09205,16.4444,0,0.458093
139.467,541.577,130.857,10755.6,1.09202,16.4458,0,0.458093
139.483,541.522,130.851,10755.8,1.092,16.4472,0,0.458093
139.5,541.466,130.845,10755.9,1.09198,16.4487,0,0.458093
139.517,541.409,130.839,10756.1,1.09196,16.4501,0,0.458093
139.533,541.351,130.832,10756.2,1.09194,16.4515,0,0.458093
139.55,541.292,130.826,10756.4,1.09192,16.453,0,0.458093
139.567,541.233,130.82,10756.5,1.0919,16.4544,0,0.458093
139.583,541.172,130.814,10756.7,1.09188,16.4558,0,0.458093
139.6,541.11,130.808,10756.8,1.09186,16.4573,0,0.458093
139.617,541.047,130.802,10757,1.09184,16.4587,0,0.458093
139.633,540.983,130.796,10757.1,1.09182,16.4602,0,0.458093
139.65,540.918,130.789,10757.3,1.0918,16.4616,0,0.458093
139.667,540.852,130.783,10757.4,1.09178,16.4631,0,0.458093
139.683,540.786,130.777,10757.6,1.09175,16.4645,0,0.458093
139.7,540.718,130.771,10757.7,1.09173,16.466,0,0.458093
139.717,540.649,130.765,10757.9,1.09171,16.4674,0,0.458093
139.733,540.579,130.758,10758,1.09169,16.4689,0,0.458093
139.75,540.508,130.752,10758.2,1.09167,16.4704,0,0.458093
139.767,540.436,130.746,10758.3,1.09165,16.4718,0,0.458093
139.783,540.363,130.74,10758.5,1.09163,16.4733,0,0.458093
139.8,540.29,130.734,10758.6,1.09161,16.4748,0,0.458093
139.817,540.215,130.727,10758.8,1.09159,16.4762,0,0.458093
139.833,540.139,130.721,10758.9,1.09156,16.4777,0,0.458093
139.85,540.062,130.715,10759.1,1.09154,16.4792,0,0.458093
139.867,539.984,130.709,10759.2,1.09152,16.4806,0,0.458093
139.883,539.905,130.702,10759.4,1.0915,16.4821,0,0.458093
139.9,539.825,130.696,10759.5,1.09148,16.4836,0,0.458093
139.917,539.745,130.69,10759.7,1.09146,16.4851,0,0.458093
139.933,539.663,130.683,10759.8,1.09144,16.4866,0,0.458093
139.95,539.58,130.677,10760,1.09142,16.4881,0,0.458093
139.967,539.496,130.671,10760.1,1.0914,16.4895,0,0.458093
139.983,539.411,130.664,10760.3,1.09137,16.491,0,0.458093
140,539.325,130.658,10760.4,1.09135,16.4925,0,0.458093
140.017,539.238,130.652,10760.6,1.09133,16.494,0,0.458093
140.033,539.15,130.645,10760.7,1.09131,16.4955,0,0.458093
140.05,539.061,130.639,10760.9,1.09129,16.497,0,0.458093
140.067,538.972,130.633,10761,1.09127,16.4985,0,0.458093
140.083,538.881,130.626,10761.2,1.09125,16.5,0,0.458093
140.1,538.789,130.62,10761.3,1.09122,16.5015,0,0.458093
140.117,538.696,130.614,10761.5,1.0912,16.503,0,0.458093
140.133,538.602,130.607,10761.6,1.09118,16.5045,0,0.458093
140.15,538.507,130.601,10761.8,1.09116,16.506,0,0.458093
140.167,538.411,130.594,10761.9,1.09114,16.5076,0,0.458093
140.183,538.314,130.588,10762.1,1.09112,16.5091,0,0.458093
140.2,538.216,130.582,10762.2,1.09109,16.5106,0,0.458093
140.217,538.117,130.575,10762.4,1.09107,16.5121,0,0.458093
140.233,538.018,130.569,10762.5,1.09105,16.5136,0,0.458093
140.25,537.917,130.562,10762.7,1.09103,16.5152,0,0.458093
140.267,537.815,130.556,10762.8,1.09101,16.5167,0,0.458093
140.283,537.712,130.549,10763,1.09099,16.5182,0,0.458093
140.3,537.608,130.543,10763.1,1.09096,16.5197,0,0.458093
140.317,537.503,130.536,10763.3,1.09094,16.5213,0,0.458093
140.333,537.397,130.53,10763.4,1.09092,16.5228,0,0.458093
140.35,537.29,130.523,10763.6,1.0909,16.5243,0,0.458093
140.367,537.182,130.517,10763.7,1.09088,16.5259,0,0.458093
140.383,537.073,130.51,10763.9,1.09086,16.5274,0,0.458093
140.4,536.963,130.504,10764,1.09083,16.529,0,0.458093
140.417,536.852,130.497,10764.2,1.09081,16.5305,0,0.458093
140.433,536.74,130.491,10764.3,1.09079,16.532,0,0.458093
140.45,536.627,130.484,10764.5,1.09077,16.5336,0,0.458093
140.467,536.513,130.478,10764.6,1.09075,16.5351,0,0.458093
140.483,536.398,130.471,10764.8,1.09072,16.5367,0,0.458093
140.5,536.282,130.465,10764.9,1.0907,16.5383,0,0.458093
140.517,536.165,130.458,10765.1,1.09068,16.5398,0,0.458093
140.533,536.047,130.452,10765.2,1.09066,16.5414,0,0.458093
140.55,535.928,130.445,10765.4,1.09064,16.5429,0,0.458093
140.567,535.808,130.438,10765.5,1.09061,16.5445,0,0.458093
140.583,535.687,130.432,10765.7,1.09059,16.5461,0,0.458093
140.6,535.565,130.425,10765.8,1.09057,16.5476,0,0.458093
140.617,535.442,130.419,10766,1.09055,16.5492,0,0.458093
140.633,535.318,130.412,10766.1,1.09053,16.5508,0,0.458093
140.65,535.193,130.405,10766.3,1.0905,16.5523,0,0.458093
140.667,535.067,130.399,10766.4,1.09048,16.5539,0,0.458093
140.683,534.94,130.392,10766.6,1.09046,16.5555,0,0.458093
140.7,534.812,130.385,10766.7,1.09044,16.5571,0,0.458093
140.717,534.683,130.379,10766.9,1.09042,16.5586,0,0.458093
140.733,534.553,130.372,10767,1.09039,16.5602,0,0.458093
140.75,534.422,130.365,10767.2,1.09037,16.5618,0,0.458093
140.767,534.29,130.359,10767.3,1.09035,16.5634,0,0.458093
140.783,534.157,130.352,10767.5,1.09033,16.565,0,0.458093
140.8,534.023,130.345,10767.6,1.0903,16.5666,0,0.458093
140.817,533.888,130.339,10767.8,1.09028,16.5682,0,0.458093
140.833,533.752,130.332,10767.9,1.09026,16.5698,0,0.458093
140.85,533.614,130.325,10768,1.09024,16.5714,0,0.458093
140.867,533.476,130.319,10768.2,1.09021,16.573,0,0.458093
140.883,533.337,130.312,10768.3,1.09019,16.5746,0,0.458093
140.9,533.197,130.305,10768.5,1.09017,16.5762,0,0.458093
140.917,533.056,130.298,10768.6,1.09015,16.5778,0,0.458093
140.933,532.914,130.292,10768.8,1.09012,16.5794,0,0.458093
140.95,532.771,130.285,10768.9,1.0901,16.581,0,0.458093
140.967,532.627,130.278,10769.1,1.09008,16.5826,0,0.458093
140.983,532.482,130.271,10769.2,1.09006,16.5842,0,0.458093
141,532.336,130.264,10769.4,1.09003,16.5858,0,0.458093
141.017,532.188,130.258,10769.5,1.09001,16.5874,0,0.458093
141.033,532.04,130.251,10769.7,1.08999,16.5891,0,0.458093
141.05,531.891,130.244,10769.8,1.08997,16.5907,0,0.458093
141.067,531.741,130.237,10770,1.08994,16.5923,0,0.458093
141.083,531.59,130.23,10770.1,1.08992,16.5939,0,0.458093
141.1,531.438,130.224,10770.3,1.0899,16.5956,0,0.458093
141.117,531.285,130.217,10770.4,1.08988,16.5972,0,0.458093
141.133,531.13,130.21,10770.6,1.08985,16.5988,0,0.458093
141.15,530.975,130.203,10770.7,1.08983,16.6004,0,0.458093
141.167,530.819,130.196,10770.9,1.08981,16.6021,0,0.458093
141.183,530.662,130.189,10771,1.08978,16.6037,0,0.458093
141.2,530.504,130.183,10771.2,1.08976,16.6054,0,0.458093
141.217,530.345,130.176,10771.3,1.08974,16.607,0,0.458093
141.233,530.184,130.169,10771.4,1.08972,16.6086,0,0.458093
141.25,530.023,130.162,10771.6,1.08969,16.6103,0,0.458093
141.267,529.861,130.155,10771.7,1.08967,16.6119,0,0.458093
141.283,529.698,130.148,10771.9,1.08965,16.6136,0,0.458093
141.3,529.534,130.141,10772,1.08962,16.6152,0,0.458093
141.317,529.368,130.134,10772.2,1.0896,16.6169,0,0.458093
141.333,529.202,130.127,10772.3,1.08958,16.6185,0,0.458093
141.35,529.035,130.12,10772.5,1.08956,16.6202,0,0.458093
141.367,528.867,130.114,10772.6,1.08953,16.6219,0,0.458093
141.383,528.698,130.107,10772.8,1.08951,16.6235,0,0.458093
141.4,528.527,130.1,10772.9,1.08949,16.6252,0,0.458093
141.417,528.356,130.093,10773.1,1.08946,16.6268,0,0.458093
141.433,528.184,130.086,10773.2,1.08944,16.6285,0,0.458093
141.45,528.011,130.079,10773.4,1.08942,16.6302,0,0.458093
141.467,527.837,130.072,10773.5,1.08939,16.6319,0,0.458093
141.483,527.661,130.065,10773.7,1.08937,16.6335,0,0.458093
141.5,527.485,130.058,10773.8,1.08935,16.6352,0,0.458093
141.517,527.308,130.051,10773.9,1.08932,16.6369,0,0.458093
141.533,527.13,130.044,10774.1,1.0893,16.6386,0,0.458093
141.55,526.95,130.037,10774.2,1.08928,16.6402,0,0.458093
141.567,526.77,130.03,10774.4,1.08926,16.6419,0,0.458093
141.583,526.589,130.023,10774.5,1.08923,16.6436,0,0.458093
141.6,526.407,130.016,10774.7,1.08921,16.6453,0,0.458093
141.617,526.223,130.009,10774.8,1.08919,16.647,0,0.458093
141.633,526.039,130.002,10775,1.08916,16.6487,0,0.458093
141.65,525.854,129.995,10775.1,1.08914,16.6504,0,0.458093
141.667,525.668,129.987,10775.3,1.08912,16.6521,0,0.458093
141.683,525.48,129.98,10775.4,1.08909,16.6538,0,0.458093
141.7,525.292,129.973,10775.6,1.08907,16.6555,0,0.458093
141.717,525.103,129.966,10775.7,1.08905,16.6572,0,0.458093
141.733,524.913,129.959,10775.8,1.08902,16.6589,0,0.458093
141.75,524.721,129.952,10776,1.089,16.6606,0,0.458093
141.767,524.529,129.945,10776.1,1.08898,16.6623,0,0.458093
141.783,524.336,129.938,10776.3,1.08895,16.664,0,0.458093
141.8,524.142,129.931,10776.4,1.08893,16.6657,0,0.458093
141.817,523.946,129.924,10776.6,1.0889,16.6674,0,0.458093
141.833,523.75,129.916,10776.7,1.08888,16.6691,0,0.458093
141.85,523.553,129.909,10776.9,1.08886,16.6708,0,0.458093
141.867,523.355,129.902,10777,1.08883,16.6726,0,0.458093
141.883,523.155,129.895,10777.2,1.08881,16.6743,0,0.458093
141.9,522.955,129.888,10777.3,1.08879,16.676,0,0.458093
141.917,522.754,129.881,10777.4,1.08876,16.6777,0,0.458093
141.933,522.552,129.874,10777.6,1.08874,16.6794,0,0.458093
141.95,522.348,129.866,10777.7,1.08872,16.6812,0,0.458093
141.967,522.144,129.859,10777.9,1.08869,16.6829,0,0.458093
141.983,521.939,129.852,10778,1.08867,16.6846,0,0.458093
142,521.733,129.845,10778.2,1.08865,16.6864,0,0.458093
142.017,521.525,129.838,10778.3,1.08862,16.6881,0,0.458093
142.033,521.317,129.83,10778.5,1.0886,16.6898,0,0.458093
142.05,521.108,129.823,10778.6,1.08857,16.6916,0,0.458093
142.067,520.897,129.816,10778.7,1.08855,16.6933,0,0.458093
142.083,520.686,129.809,10778.9,1.08853,16.6951,0,0.458093
142.1,520.474,129.801,10779,1.0885,16.6968,0,0.458093
142.117,520.261,129.794,10779.2,1.08848,16.6986,0,0.458093
142.133,520.047,129.787,10779.3,1.08846,16.7003,0,0.458093
142.15,519.831,129.78,10779.5,1.08843,16.7021,0,0.458093
142.167,519.615,129.772,10779.6,1.08841,16.7038,0,0.458093
142.183,519.398,129.765,10779.8,1.08838,16.7056,0,0.458093
142.2,519.18,129.758,10779.9,1.08836,16.7073,0,0.458093
142.217,518.96,129.751,10780,1.08834,16.7091,0,0.458093
142.233,518.74,129.743,10780.2,1.08831,16.7108,0,0.458093
142.25,518.519,129.736,10780.3,1.08829,16.7126,0,0.458093
142.267,518.297,129.729,10780.5,1.08826,16.7144,0,0.458093
142.283,518.073,129.721,10780.6,1.08824,16.7161,0,0.458093
142.3,517.849,129.714,10780.8,1.08822,16.7179,0,0.458093
142.317,517.624,129.707,10780.9,1.08819,16.7197,0,0.458093
142.333,517.398,129.699,10781.1,1.08817,16.7215,0,0.458093
142.35,517.171,129.692,10781.2,1.08814,16.7232,0,0.458093
142.367,516.942,129.685,10781.3,1.08812,16.725,0,0.458093
142.383,516.713,129.677,10781.5,1.0881,16.7268,0,0.458093
142.4,516.483,129.67,10781.6,1.08807,16.7286,0,0.458093
142.417,516.252,129.663,10781.8,1.08805,16.7303,0,0.458093
142.433,516.02,129.655,10781.9,1.08802,16.7321,0,0.458093
142.45,515.787,129.648,10782.1,1.088,16.7339,0,0.458093
142.467,515.552,129.641,10782.2,1.08798,16.7357,0,0.458093
142.483,515.317,129.633,10782.3,1.08795,16.7375,0,0.458093
142.5,515.081,129.626,10782.5,1.08793,16.7393,0,0.458093
142.517,514.844,129.618,10782.6,1.0879,16.7411,0,0.458093
142.533,514.606,129.611,10782.8,1.08788,16.7429,0,0.458093
142.55,514.367,129.603,10782.9,1.08785,16.7447,0,0.458093
142.567,514.127,129.596,10783.1,1.08783,16.7465,0,0.458093
142.583,513.886,129.589,10783.2,1.08781,16.7483,0,0.458093
142.6,513.643,129.581,10783.3,1.08778,16.7501,0,0.458093
142.617,513.4,129.574,10783.5,1.08776,16.7519,0,0.458093
142.633,513.156,129.566,10783.6,1.08773,16.7537,0,0.458093
142.65,512.911,129.559,10783.8,1.08771,16.7555,0,0.458093
142.667,512.665,129.551,10783.9,1.08768,16.7573,0,0.458093
142.683,512.418,129.544,10784.1,1.08766,16.7591,0,0.458093
142.7,512.17,129.536,10784.2,1.08764,16.7609,0,0.458093
142.717,511.921,129.529,10784.3,1.08761,16.7627,0,0.458093
142.733,511.671,129.521,10784.5,1.08759,16.7646,0,0.458093
142.75,511.42,129.514,10784.6,1.08756,16.7664,0,0.458093
142.767,511.168,129.506,10784.8,1.08754,16.7682,0,0.458093
142.783,510.915,129.499,10784.9,1.08751,16.77,0,0.458093
142.8,510.661,129.491,10785.1,1.08749,16.7719,0,0.458093
142.817,510.406,129.484,10785.2,1.08746,16.7737,0,0.458093
142.833,510.15,129.476,10785.3,1.08744,16.7755,0,0.458093
142.85,509.893,129.469,10785.5,1.08742,16.7773,0,0.458093
142.867,509.635,129.461,10785.6,1.08739,16.7792,0,0.458093
142.883,509.376,129.454,10785.8,1.08737,16.781,0,0.458093
142.9,509.116,129.446,10785.9,1.08734,16.7829,0,0.458093
142.917,508.855,129.439,10786,1.08732,16.7847,0,0.458093
142.933,508.593,129.431,10786.2,1.08729,16.7865,0,0.458093
142.95,508.331,129.424,10786.3,1.08727,16.7884,0,0.458093
142.967,508.067,129.416,10786.5,1.08724,16.7902,0,0.458093
142.983,507.802,129.408,10786.6,1.08722,16.7921,0,0.458093
143,507.536,129.401,10786.8,1.08719,16.7939,0,0.458093
143.017,507.269,129.393,10786.9,1.08717,16.7958,0,0.458093
143.033,507.001,129.386,10787,1.08715,16.7976,0,0.458093
143.05,506.733,129.378,10787.2,1.08712,16.7995,0,0.458093
143.067,506.463,129.37,10787.3,1.0871,16.8013,0,0.458093
143.083,506.192,129.363,10787.5,1.08707,16.8032,0,0.458093
143.1,505.92,129.355,10787.6,1.08705,16.805,0,0.458093
143.117,505.648,129.348,10787.7,1.08702,16.8069,0,0.458093
143.133,505.374,129.34,10787.9,1.087,16.8088,0,0.458093
143.15,505.099,129.332,10788,1.08697,16.8106,0,0.458093
143.167,504.824,129.325,10788.2,1.08695,16.8125,0,0.458093
143.183,504.547,129.317,10788.3,1.08692,16.8144,0,0.458093
143.2,504.269,129.309,10788.4,1.0869,16.8162,0,0.458093
143.217,503.991,129.302,10788.6,1.08687,16.8181,0,0.458093
143.233,503.711,129.294,10788.7,1.08685,16.82,0,0.458093
143.25,503.43,129.286,10788.9,1.08682,16.8219,0,0.458093
143.267,503.149,129.279,10789,1.0868,16.8237,0,0.458093
143.283,502.866,129.271,10789.1,1.08677,16.8256,0,0.458093
143.3,502.583,129.263,10789.3,1.08675,16.8275,0,0.458093
143.317,502.298,129.256,10789.4,1.08672,16.8294,0,0.458093
143.333,502.013,129.248,10789.6,1.0867,16.8313,0,0.458093
143.35,501.726,129.24,10789.7,1.08667,16.8332,0,0.458093
143.367,501.439,129.232,10789.8,1.08665,16.835,0,0.458093
143.383,501.15,129.225,10790,1.08662,16.8369,0,0.458093
143.4,500.861,129.217,10790.1,1.0866,16.8388,0,0.458093
143.417,500.571,129.209,10790.3,1.08657,16.8407,0,0.458093
143.433,500.279,129.201,10790.4,1.08655,16.8426,0,0.458093
143.45,499.987,129.194,10790.5,1.08652,16.8445,0,0.458093
143.467,499.694,129.186,10790.7,1.0865,16.8464,0,0.458093
143.483,499.399,129.178,10790.8,1.08647,16.8483,0,0.458093
143.5,499.104,129.17,10790.9,1.08645,16.8502,0,0.458093
143.517,498.808,129.163,10791.1,1.08642,16.8521,0,0.458093
143.533,498.51,129.155,10791.2,1.0864,16.854,0,0.458093
143.55,498.212,129.147,10791.4,1.08637,16.8559,0,0.458093
143.567,497.913,129.139,10791.5,1.08635,16.8578,0,0.458093
143.583,497.613,129.131,10791.6,1.08632,16.8598,0,0.458093
143.6,497.312,129.124,10791.8,1.0863,16.8617,0,0.458093
143.617,497.01,129.116,10791.9,1.08627,16.8636,0,0.458093
143.633,496.707,129.108,10792.1,1.08625,16.8655,0,0.458093
143.65,496.403,129.1,10792.2,1.08622,16.8674,0,0.458093
143.667,496.098,129.092,10792.3,1.0862,16.8694,0,0.458093
143.683,495.792,129.085,10792.5,1.08617,16.8713,0,0.458093
143.7,495.485,129.077,10792.6,1.08615,16.8732,0,0.458093
143.717,495.177,129.069,10792.7,1.08612,16.8751,0,0.458093
143.733,494.868,129.061,10792.9,1.0861,16.8771,0,0.458093
143.75,494.558,129.053,10793,1.08607,16.879,0,0.458093
143.767,494.247,129.045,10793.2,1.08605,16.8809,0,0.458093
143.783,493.935,129.037,10793.3,1.08602,16.8829,0,0.458093
143.8,493.622,129.03,10793.4,1.08599,16.8848,0,0.458093
143.817,493.309,129.022,10793.6,1.08597,16.8867,0,0.458093
143.833,492.994,129.014,10793.7,1.08594,16.8887,0,0.458093
143.85,492.678,129.006,10793.8,1.08592,16.8906,0,0.458093
143.867,492.362,128.998,10794,1.08589,16.8925,0,0.458093
143.883,492.044,128.99,10794.1,1.08587,16.8945,0,0.458093
143.9,491.725,128.982,10794.2,1.08584,16.8964,0,0.458093
143.917,491.406,128.974,10794.4,1.08582,16.8984,0,0.458093
143.933,491.085,128.966,10794.5,1.08579,16.9003,0,0.458093
143.95,490.764,128.958,10794.7,1.08577,16.9023,0,0.458093
143.967,490.441,128.95,10794.8,1.08574,16.9042,0,0.458093
143.983,489.94,128.943,10794.9,0.0934708,16.9063,0,0.458093
144,487.925,128.935,10795.1,0.0934852,16.9093,0,0.458093
144.017,485.008,128.927,10795.2,0.0934989,16.9118,0,0.458093
144.033,480.338,128.919,10795.3,0.0935156,16.9154,0,0.458093
144.05,474.963,128.911,10795.5,1.08582,16.9181,0,0.458093
144.067,470.084,128.903,10795.6,1.08581,16.9203,0,0.458093
144.083,465.535,128.896,10795.7,0.0935528,16.9226,0,0.458093
144.1,459.277,128.888,10795.9,0.09357,16.9262,0,0.458093
144.117,452.445,128.881,10796,1.08589,16.929,0,0.458093
144.133,446.227,128.873,10796.1,1.08589,16.9313,0,0.458093
144.15,440.485,128.866,10796.2,1.08589,16.9336,0,0.458093
144.167,435.182,128.859,10796.4,1.08589,16.9359,0,0.458093
144.183,430.282,128.852,10796.5,1.08589,16.9381,0,0.458093
144.2,425.329,128.845,10796.6,0.0936422,16.9406,0,0.458093
144.217,419.78,128.838,10796.7,1.08593,16.9432,0,0.458093
144.233,414.744,128.831,10796.8,1.08594,16.9454,0,0.458093
144.25,410.055,128.824,10796.9,0.0936783,16.9476,0,0.458093
144.267,405.264,128.817,10797.1,1.08595,16.95,0,0.458093
144.283,399.304,128.811,10797.2,0.0937056,16.9532,0,0.458093
144.3,392.693,128.804,10797.3,1.08604,16.9558,0,0.458093
144.317,386.681,128.797,10797.4,1.08605,16.958,0,0.458093
144.333,381.134,128.791,10797.5,1.08605,16.9602,0,0.458093
144.35,376.013,128.785,10797.6,1.08606,16.9623,0,0.458093
144.367,371.286,128.779,10797.7,1.08607,16.9644,0,0.458093
144.383,366.919,128.772,10797.8,1.08607,16.9664,0,0.458093
144.4,362.885,128.766,10797.9,1.08608,16.9684,0,0.458093
144.417,359.158,128.76,10798,1.08608,16.9704,0,0.458093
144.433,355.712,128.754,10798.1,1.08609,16.9723,0,0.458093
144.45,352.526,128.748,10798.2,1.08609,16.9742,0,0.458093
144.467,349.578,128.742,10798.3,1.08609,16.9761,0,0.458093
144.483,346.672,128.737,10798.4,0.0938311,16.9781,0,0.458093
144.5,343.203,128.731,10798.5,1.08612,16.9804,0,0.458093
144.517,340.084,128.725,10798.6,1.08612,16.9822,0,0.458093
144.533,337.2,128.719,10798.7,1.08613,16.9841,0,0.458093
144.55,332.942,128.714,10798.8,0.0938755,16.987,0,0.458093
144.567,327.902,128.708,10798.9,1.08621,16.9893,0,0.458093
144.583,323.341,128.702,10799,1.08622,16.9912,0,0.458093
144.6,319.133,128.697,10799,1.08623,16.9931,0,0.458093
144.617,315.248,128.691,10799.1,1.08624,16.9949,0,0.458093
144.633,311.662,128.686,10799.2,1.08624,16.9967,0,0.458093
144.65,308.351,128.681,10799.3,1.08625,16.9985,0,0.458093
144.667,305.293,128.676,10799.4,1.08626,17.0003,0,0.458093
144.683,302.467,128.67,10799.5,1.08626,17.002,0,0.458093
144.7,299.856,128.665,10799.6,1.08626,17.0037,0,0.458093
144.717,297.443,128.66,10799.6,1.08627,17.0054,0,0.458093
144.733,295.211,128.655,10799.7,1.08627,17.007,0,0.458093
144.75,293.147,128.65,10799.8,1.08627,17.0086,0,0.458093
144.767,291.237,128.645,10799.9,1.08627,17.0102,0,0.458093
144.783,289.469,128.64,10800,1.08627,17.0118,0,0.458093
144.8,286.701,128.635,10800,0.0940125,17.0143,0,0.458093
144.817,283.014,128.63,10800.1,1.08634,17.0163,0,0.458093
144.833,279.701,128.625,10800.2,1.08635,17.018,0,0.458093
144.85,276.645,128.62,10800.3,1.08635,17.0196,0,0.458093
144.867,273.824,128.615,10800.4,1.08636,17.0212,0,0.458093
144.883,271.221,128.61,10800.4,1.08636,17.0227,0,0.458093
144.9,268.817,128.606,10800.5,1.08636,17.0243,0,0.458093
144.917,266.598,128.601,10800.6,1.08636,17.0258,0,0.458093
144.933,264.549,128.596,10800.7,1.08637,17.0273,0,0.458093
144.95,262.655,128.591,10800.7,1.08637,17.0288,0,0.458093
144.967,260.87,128.587,10800.8,0.094094,17.0303,0,0.458093
144.983,258.763,128.582,10800.9,1.08638,17.032,0,0.458093
145,256.452,128.578,10800.9,0.0941105,17.0338,0,0.458093
145.017,253.352,128.573,10801,1.08642,17.0356,0,0.458093
145.033,250.582,128.569,10801.1,1.08642,17.0371,0,0.458093
145.05,248.029,128.564,10801.2,1.08643,17.0386,0,0.458093
145.067,245.674,128.56,10801.2,1.08643,17.04,0,0.458093
145.083,243.502,128.555,10801.3,1.08643,17.0414,0,0.458093
145.1,241.32,128.551,10801.4,0.0941572,17.0429,0,0.458093
145.117,238.53,128.546,10801.4,1.08646,17.0447,0,0.458093
145.133,236.046,128.542,10801.5,1.08646,17.0461,0,0.458093
145.15,233.757,128.538,10801.6,1.08646,17.0475,0,0.458093
145.167,231.469,128.534,10801.6,0.0941874,17.0489,0,0.458093
145.183,228.582,128.529,10801.7,1.08649,17.0507,0,0.458093
145.2,226.011,128.525,10801.7,1.08649,17.052,0,0.458093
145.217,223.642,128.521,10801.8,1.08649,17.0533,0,0.458093
145.233,221.423,128.517,10801.9,0.0942168,17.0546,0,0.458093
145.25,218.924,128.513,10801.9,1.08651,17.0562,0,0.458093
145.267,216.643,128.509,10802,0.0942311,17.0575,0,0.458093
145.283,214.087,128.505,10802.1,1.08652,17.059,0,0.458093
145.3,211.793,128.501,10802.1,1.08652,17.0603,0,0.458093
145.317,208.094,128.497,10802.2,0.0942561,17.0626,0,0.458093
145.333,203.584,128.493,10802.2,1.08661,17.0644,0,0.458093
145.35,199.523,128.489,10802.3,1.08661,17.0657,0,0.458093
145.367,195.788,128.486,10802.3,1.08662,17.067,0,0.458093
145.383,192.353,128.482,10802.4,1.08662,17.0683,0,0.458093
145.4,189.193,128.478,10802.4,1.08663,17.0695,0,0.458093
145.417,186.288,128.475,10802.5,1.08663,17.0707,0,0.458093
145.433,183.616,128.471,10802.5,1.08664,17.0719,0,0.458093
145.45,181.159,128.468,10802.6,1.08664,17.073,0,0.458093
145.467,178.901,128.464,10802.6,1.08664,17.0742,0,0.458093
145.483,176.825,128.461,10802.7,1.08664,17.0753,0,0.458093
145.5,174.917,128.457,10802.7,1.08665,17.0764,0,0.458093
145.517,173.164,128.454,10802.8,1.08665,17.0774,0,0.458093
145.533,171.553,128.451,10802.8,1.08665,17.0785,0,0.458093
145.55,170.074,128.447,10802.9,1.08665,17.0795,0,0.458093
145.567,168.716,128.444,10802.9,1.08665,17.0805,0,0.458093
145.583,167.469,128.441,10803,1.08664,17.0815,0,0.458093
145.6,166.325,128.437,10803,1.08664,17.0825,0,0.458093
145.617,164.147,128.434,10803.1,0.0943656,17.0844,0,0.458093
145.633,161.019,128.431,10803.1,1.0867,17.0858,0,0.458093
145.65,158.233,128.428,10803.2,1.08671,17.0868,0,0.458093
145.667,155.676,128.425,10803.2,1.08671,17.0878,0,0.458093
145.683,153.328,128.422,10803.2,1.08671,17.0888,0,0.458093
145.7,151.173,128.419,10803.3,1.08671,17.0898,0,0.458093
145.717,149.195,128.415,10803.3,1.08671,17.0907,0,0.458093
145.733,147.381,128.412,10803.4,1.08671,17.0917,0,0.458093
145.75,145.718,128.409,10803.4,1.08671,17.0926,0,0.458093
145.767,144.194,128.407,10803.5,1.08671,17.0935,0,0.458093
145.783,142.797,128.404,10803.5,1.08671,17.0944,0,0.458093
145.8,140.778,128.401,10803.5,0.0944236,17.0958,0,0.458093
145.817,137.845,128.398,10803.6,1.08675,17.0971,0,0.458093
145.833,135.242,128.395,10803.6,1.08675,17.098,0,0.458093
145.85,132.855,128.392,10803.6,1.08675,17.0989,0,0.458093
145.867,130.666,128.389,10803.7,1.08675,17.0998,0,0.458093
145.883,128.66,128.387,10803.7,1.08675,17.1006,0,0.458093
145.9,126.822,128.384,10803.8,1.08675,17.1015,0,0.458093
145.917,125.14,128.381,10803.8,1.08675,17.1023,0,0.458093
145.933,123.6,128.379,10803.8,1.08675,17.1031,0,0.458093
145.95,121.451,128.376,10803.9,0.0944672,17.1045,0,0.458093
145.967,118.402,128.374,10803.9,1.0868,17.1056,0,0.458093
145.983,115.694,128.371,10803.9,1.0868,17.1065,0,0.458093
146,113.213,128.369,10804,1.0868,17.1073,0,0.458093
146.017,110.94,128.366,10804,1.0868,17.108,0,0.458093
146.033,108.859,128.364,10804,1.0868,17.1088,0,0.458093
146.05,106.954,128.361,10804,1.0868,17.1095,0,0.458093
146.067,105.212,128.359,10804.1,1.0868,17.1102,0,0.458093
146.083,103.62,128.357,10804.1,1.0868,17.1109,0,0.458093
146.1,102.166,128.354,10804.1,1.08679,17.1116,0,0.458093
146.117,99.7109,128.352,10804.2,0.0945112,17.1131,0,0.458093
146.133,96.3373,128.35,10804.2,1.08685,17.1142,0,0.458093
146.15,93.3338,128.348,10804.2,1.08686,17.1149,0,0.458093
146.167,90.5828,128.345,10804.2,1.08686,17.1156,0,0.458093
146.183,88.0644,128.343,10804.3,1.08686,17.1163,0,0.458093
146.2,85.7601,128.341,10804.3,1.08686,17.117,0,0.458093
146.217,83.6529,128.339,10804.3,1.08686,17.1176,0,0.458093
146.233,81.7273,128.337,10804.3,1.08686,17.1182,0,0.458093
146.25,79.9687,128.335,10804.4,1.08686,17.1188,0,0.458093
146.267,78.364,128.333,10804.4,1.08686,17.1194,0,0.458093
146.283,76.901,128.331,10804.4,1.08686,17.1199,0,0.458093
146.3,75.5686,128.33,10804.4,1.08685,17.1205,0,0.458093
146.317,74.3563,128.328,10804.4,1.08685,17.121,0,0.458093
146.333,73.2547,128.326,10804.5,1.08685,17.1215,0,0.458093
146.35,71.8319,128.324,10804.5,0.0945582,17.1224,0,0.458093
146.367,69.5734,128.322,10804.5,1.08688,17.1233,0,0.458093
146.383,67.5981,128.32,10804.5,1.08688,17.1238,0,0.458093
146.4,65.7958,128.319,10804.5,1.08688,17.1243,0,0.458093
146.417,64.1527,128.317,10804.6,1.08688,17.1248,0,0.458093
146.433,62.6562,128.315,10804.6,1.08687,17.1253,0,0.458093
146.45,61.2946,128.314,10804.6,1.08687,17.1258,0,0.458093
146.467,59.6343,128.312,10804.6,0.0945795,17.1266,0,0.458093
146.483,57.1591,128.31,10804.6,1.0869,17.1274,0,0.458093
146.5,54.986,128.309,10804.6,1.0869,17.1279,0,0.458093
146.517,53.0032,128.307,10804.7,1.0869,17.1283,0,0.458093
146.533,51.1956,128.306,10804.7,1.0869,17.1288,0,0.458093
146.55,49.5493,128.304,10804.7,1.0869,17.1292,0,0.458093
146.567,48.0516,128.303,10804.7,1.08689,17.1296,0,0.458093
146.583,46.6906,128.302,10804.7,1.08689,17.13,0,0.458093
146.6,44.7158,128.3,10804.7,0.0946019,17.1309,0,0.458093
146.617,41.8372,128.299,10804.7,1.08694,17.1317,0,0.458093
146.633,39.2949,128.298,10804.8,1.08694,17.1321,0,0.458093
146.65,36.9744,128.296,10804.8,1.08694,17.1325,0,0.458093
146.667,34.858,128.295,10804.8,1.08694,17.1329,0,0.458093
146.683,32.9295,128.294,10804.8,1.08694,17.1332,0,0.458093
146.7,31.174,128.293,10804.8,1.08693,17.1336,0,0.458093
146.717,29.5778,128.292,10804.8,1.08693,17.1339,0,0.458093
146.733,28.1282,128.29,10804.8,1.08693,17.1342,0,0.458093
146.75,26.8137,128.289,10804.8,1.08693,17.1345,0,0.458093
146.767,25.6236,128.288,10804.8,1.08692,17.1347,0,0.458093
146.783,24.548,128.287,10804.8,1.08692,17.135,0,0.458093
146.8,23.5779,128.286,10804.8,1.08692,17.1352,0,0.458093
146.817,21.1223,128.285,10804.8,0.0946311,17.1366,0,0.458093
146.833,17.7826,128.284,10804.8,1.08699,17.1373,0,0.458093
146.85,14.8188,128.283,10804.9,1.08699,17.1376,0,0.458093
146.867,12.1134,128.282,10804.9,1.08699,17.1379,0,0.458093
146.883,9.64588,128.282,10804.9,1.08699,17.1381,0,0.458093
146.9,7.39724,128.281,10804.9,1.08699,17.1384,0,0.458093
146.917,5.35013,128.28,10804.9,1.08699,17.1386,0,0.458093
146.933,3.48855,128.279,10804.9,1.08699,17.1388,0,0.458093
146.95,1.79778,128.279,10804.9,1.08699,17.139,0,0.458093
146.967,0.264271,128.278,10804.9,1.08699,17.1391,0,0.458093
146.983,-1.12443,128.278,10804.9,1.08699,17.1393,0,0.458093
147,-2.3798,128.277,10804.9,1.08699,17.1394,0,0.458093
147.017,-3.5124,128.276,10804.9,1.08698,17.1396,0,0.458093
147.033,-4.53194,128.276,10804.9,1.08698,17.1397,0,0.458093
147.05,-5.44735,128.275,10804.9,1.08698,17.1398,0,0.458093
147.067,-6.26687,128.275,10804.9,1.08698,17.1399,0,0.458093
147.083,-6.99808,128.274,10804.9,1.08697,17.1399,0,0.458093
147.1,-7.64794,128.274,10804.9,1.08697,17.14,0,0.458093
147.117,-8.22287,128.273,10804.9,1.08696,17.1401,0,0.458093
147.133,-8.72878,128.273,10804.8,1.08696,17.1401,0,0.458093
147.15,-9.17111,128.272,10804.8,1.08695,17.1401,0,0.458093
147.167,-9.55487,128.272,10804.8,1.08695,17.1402,0,0.458093
147.183,-9.92111,128.272,10804.8,0.0946513,17.1402,0,0.458093
147.2,-10.6889,128.271,10804.8,1.08695,17.1405,0,0.458093
147.217,-11.3499,128.271,10804.8,0.0946529,17.1405,0,0.458093
147.233,-12.3884,128.27,10804.8,1.08695,17.1407,0,0.458093
147.25,-13.2616,128.27,10804.8,1.08695,17.1408,0,0.458093
147.267,-15.6227,128.27,10804.8,0.0946591,17.1419,0,0.458093
147.283,-18.87,128.269,10804.8,1.08702,17.1423,0,0.458093
147.3,-21.7444,128.269,10804.8,1.08702,17.1424,0,0.458093
147.317,-24.3631,128.269,10804.8,1.08702,17.1425,0,0.458093
147.333,-26.7465,128.269,10804.8,1.08702,17.1425,0,0.458093
147.35,-28.9134,128.268,10804.8,1.08701,17.1425,0,0.458093
147.367,-30.881,128.268,10804.8,1.08701,17.1425,0,0.458093
147.383,-32.665,128.268,10804.8,1.08701,17.1425,0,0.458093
147.4,-34.2802,128.268,10804.8,1.08701,17.1425,0,0.458093
147.417,-35.7398,128.268,10804.8,1.08701,17.1424,0,0.458093
147.433,-37.0563,128.268,10804.7,1.08701,17.1424,0,0.458093
147.45,-38.241,128.268,10804.7,1.087,17.1423,0,0.458093
147.467,-39.3044,128.268,10804.7,1.087,17.1422,0,0.458093
147.483,-40.256,128.269,10804.7,1.087,17.1421,0,0.458093
147.5,-41.1047,128.269,10804.7,1.087,17.142,0,0.458093
147.517,-41.8588,128.269,10804.7,1.08699,17.1419,0,0.458093
147.533,-42.5256,128.269,10804.7,1.08699,17.1418,0,0.458093
147.55,-43.1121,128.269,10804.7,1.08699,17.1416,0,0.458093
147.567,-43.6246,128.269,10804.7,1.08698,17.1415,0,0.458093
147.583,-44.069,128.269,10804.6,1.08698,17.1413,0,0.458093
147.6,-44.4506,128.27,10804.6,1.08697,17.1412,0,0.458093
147.617,-44.7745,128.27,10804.6,1.08697,17.141,0,0.458093
147.633,-45.0452,128.27,10804.6,1.08696,17.1408,0,0.458093
147.65,-45.2668,128.27,10804.6,1.08696,17.1406,0,0.458093
147.667,-45.4433,128.27,10804.6,1.08695,17.1404,0,0.458093
147.683,-46.0009,128.271,10804.6,0.0946539,17.1406,0,0.458093
147.7,-47.4474,128.271,10804.6,1.08698,17.1408,0,0.458093
147.717,-48.6625,128.271,10804.5,1.08697,17.1406,0,0.458093
147.733,-49.7521,128.271,10804.5,1.08697,17.1405,0,0.458093
147.75,-50.7262,128.272,10804.5,1.08697,17.1403,0,0.458093
147.767,-51.594,128.272,10804.5,1.08696,17.1401,0,0.458093
147.783,-52.364,128.272,10804.5,1.08696,17.1399,0,0.458093
147.8,-53.0438,128.273,10804.5,1.08695,17.1396,0,0.458093
147.817,-53.6408,128.273,10804.5,1.08695,17.1394,0,0.458093
147.833,-54.3389,128.274,10804.4,0.0946484,17.1393,0,0.458093
147.85,-55.7265,128.274,10804.4,1.08696,17.1394,0,0.458093
147.867,-56.8865,128.274,10804.4,1.08696,17.1392,0,0.458093
147.883,-57.9245,128.275,10804.4,1.08695,17.139,0,0.458093
147.9,-58.8502,128.275,10804.4,1.08695,17.1388,0,0.458093
147.917,-59.6726,128.276,10804.4,1.08694,17.1385,0,0.458093
147.933,-60.3999,128.276,10804.3,1.08694,17.1382,0,0.458093
147.95,-61.4623,128.277,10804.3,0.0946434,17.1383,0,0.458093
147.967,-63.3708,128.277,10804.3,1.08697,17.1385,0,0.458093
147.983,-65.0091,128.278,10804.3,1.08697,17.1382,0,0.458093
148,-66.4861,128.278,10804.3,1.08696,17.138,0,0.458093
148.017,-67.8147,128.279,10804.3,1.08696,17.1377,0,0.458093
148.033,-69.0067,128.28,10804.2,1.08696,17.1374,0,0.458093
148.05,-70.073,128.28,10804.2,1.08695,17.1371,0,0.458093
148.067,-71.0236,128.281,10804.2,1.08695,17.1368,0,0.458093
148.083,-71.8676,128.282,10804.2,1.08695,17.1365,0,0.458093
148.1,-72.6135,128.283,10804.2,1.08694,17.1362,0,0.458093
148.117,-73.2692,128.283,10804.1,1.08694,17.1359,0,0.458093
148.133,-73.8418,128.284,10804.1,1.08693,17.1355,0,0.458093
148.15,-74.3379,128.285,10804.1,1.08693,17.1352,0,0.458093
148.167,-74.7635,128.286,10804.1,1.08693,17.1349,0,0.458093
148.183,-75.1243,128.286,10804.1,1.08692,17.1345,0,0.458093
148.2,-76.1643,128.287,10804,0.0946263,17.1347,0,0.458093
148.217,-78.1661,128.288,10804,1.08696,17.1348,0,0.458093
148.233,-79.8885,128.289,10804,1.08696,17.1345,0,0.458093
148.25,-81.4414,128.29,10804,1.08696,17.1341,0,0.458093
148.267,-82.8381,128.291,10803.9,1.08696,17.1338,0,0.458093
148.283,-84.0913,128.292,10803.9,1.08695,17.1334,0,0.458093
148.3,-85.2122,128.293,10803.9,1.08695,17.1331,0,0.458093
148.317,-86.2114,128.294,10803.9,1.08695,17.1327,0,0.458093
148.333,-87.0986,128.295,10803.8,1.08695,17.1323,0,0.458093
148.35,-87.8826,128.296,10803.8,1.08694,17.1319,0,0.458093
148.367,-88.5718,128.297,10803.8,1.08694,17.1315,0,0.458093
148.383,-89.1736,128.298,10803.8,1.08694,17.1311,0,0.458093
148.4,-89.695,128.299,10803.8,1.08693,17.1307,0,0.458093
148.417,-90.1423,128.3,10803.7,1.08693,17.1302,0,0.458093
148.433,-90.5214,128.301,10803.7,1.08693,17.1298,0,0.458093
148.45,-90.8379,128.302,10803.7,1.08692,17.1294,0,0.458093
148.467,-91.0965,128.303,10803.7,1.08692,17.1289,0,0.458093
148.483,-91.302,128.305,10803.6,1.08691,17.1285,0,0.458093
148.5,-91.4585,128.306,10803.6,1.08691,17.128,0,0.458093
148.517,-91.57,128.307,10803.6,1.08691,17.1275,0,0.458093
148.533,-91.64,128.308,10803.5,1.0869,17.1271,0,0.458093
148.55,-91.6717,128.309,10803.5,1.0869,17.1266,0,0.458093
148.567,-91.6684,128.31,10803.5,1.08689,17.1261,0,0.458093
148.583,-91.6326,128.311,10803.5,1.08689,17.1257,0,0.458093
148.6,-91.5671,128.313,10803.4,1.08688,17.1252,0,0.458093
148.617,-91.4741,128.314,10803.4,1.08688,17.1247,0,0.458093
148.633,-91.3559,128.315,10803.4,1.08687,17.1242,0,0.458093
148.65,-91.392,128.316,10803.4,0.0945735,17.1238,0,0.458093
148.667,-92.1659,128.317,10803.3,1.08688,17.1237,0,0.458093
148.683,-92.7573,128.319,10803.3,1.08688,17.1232,0,0.458093
148.7,-93.2682,128.32,10803.3,1.08687,17.1227,0,0.458093
148.717,-93.7051,128.321,10803.3,1.08687,17.1223,0,0.458093
148.733,-94.0739,128.322,10803.2,1.08686,17.1218,0,0.458093
148.75,-94.3801,128.323,10803.2,1.08686,17.1213,0,0.458093
148.767,-94.6285,128.325,10803.2,1.08686,17.1208,0,0.458093
148.783,-94.8239,128.326,10803.2,1.08685,17.1203,0,0.458093
148.8,-94.9704,128.327,10803.1,1.08685,17.1197,0,0.458093
148.817,-96.6522,128.329,10803.1,0.0945562,17.1203,0,0.458093
148.833,-99.2631,128.33,10803.1,1.08691,17.1203,0,0.458093
148.85,-101.543,128.331,10803.1,1.08691,17.1198,0,0.458093
148.867,-103.606,128.333,10803,1.08691,17.1193,0,0.458093
148.883,-105.47,128.334,10803,1.08691,17.1189,0,0.458093
148.9,-107.15,128.335,10803,1.08691,17.1184,0,0.458093
148.917,-108.66,128.337,10802.9,1.08691,17.1179,0,0.458093
148.933,-110.015,128.339,10802.9,1.08691,17.1174,0,0.458093
148.95,-111.227,128.34,10802.9,1.08691,17.1168,0,0.458093
148.967,-112.307,128.342,10802.8,1.08691,17.1163,0,0.458093
148.983,-113.266,128.343,10802.8,1.0869,17.1158,0,0.458093
149,-114.113,128.345,10802.8,1.0869,17.1152,0,0.458093
149.017,-114.858,128.347,10802.8,1.0869,17.1147,0,0.458093
149.033,-115.507,128.348,10802.7,1.0869,17.1141,0,0.458093
149.05,-116.07,128.35,10802.7,1.0869,17.1135,0,0.458093
149.067,-116.553,128.352,10802.7,1.0869,17.113,0,0.458093
149.083,-116.962,128.353,10802.6,1.0869,17.1124,0,0.458093
149.1,-117.302,128.355,10802.6,1.08689,17.1118,0,0.458093
149.117,-117.581,128.357,10802.6,1.08689,17.1112,0,0.458093
149.133,-117.802,128.359,10802.5,1.08689,17.1106,0,0.458093
149.15,-117.97,128.36,10802.5,1.08689,17.11,0,0.458093
149.167,-118.089,128.362,10802.5,1.08689,17.1094,0,0.458093
149.183,-118.164,128.364,10802.4,1.08688,17.1088,0,0.458093
149.2,-118.197,128.366,10802.4,1.08688,17.1081,0,0.458093
149.217,-118.192,128.367,10802.4,1.08688,17.1075,0,0.458093
149.233,-118.152,128.369,10802.3,1.08688,17.1069,0,0.458093
149.25,-118.08,128.371,10802.3,1.08687,17.1063,0,0.458093
149.267,-117.978,128.373,10802.3,1.08687,17.1056,0,0.458093
149.283,-117.85,128.374,10802.2,1.08687,17.105,0,0.458093
149.3,-117.696,128.376,10802.2,1.08686,17.1044,0,0.458093
149.317,-117.518,128.378,10802.2,1.08686,17.1037,0,0.458093
149.333,-117.32,128.38,10802.1,1.08686,17.1031,0,0.458093
149.35,-117.102,128.382,10802.1,1.08685,17.1024,0,0.458093
149.367,-116.866,128.383,10802.1,1.08685,17.1018,0,0.458093
149.383,-116.614,128.385,10802,1.08684,17.1011,0,0.458093
149.4,-116.346,128.387,10802,1.08684,17.1005,0,0.458093
149.417,-116.064,128.389,10802,1.08684,17.0998,0,0.458093
149.433,-115.769,128.391,10801.9,1.08683,17.0992,0,0.458093
149.45,-115.463,128.392,10801.9,1.08683,17.0985,0,0.458093
149.467,-115.145,128.394,10801.9,1.08682,17.0979,0,0.458093
149.483,-114.818,128.396,10801.8,1.08682,17.0972,0,0.458093
149.5,-114.482,128.398,10801.8,1.08682,17.0965,0,0.458093
149.517,-114.136,128.399,10801.8,1.08681,17.0959,0,0.458093
149.533,-113.784,128.401,10801.7,1.08681,17.0952,0,0.458093
149.55,-113.424,128.403,10801.7,1.0868,17.0945,0,0.458093
149.567,-113.057,128.405,10801.7,1.0868,17.0939,0,0.458093
149.583,-112.685,128.407,10801.7,1.08679,17.0932,0,0.458093
149.6,-112.307,128.408,10801.6,1.08679,17.0925,0,0.458093
149.617,-111.924,128.41,10801.6,1.08678,17.0919,0,0.458093
149.633,-111.536,128.412,10801.6,1.08678,17.0912,0,0.458093
149.65,-111.145,128.414,10801.5,1.08677,17.0905,0,0.458093
149.667,-110.749,128.415,10801.5,1.08677,17.0899,0,0.458093
149.683,-110.35,128.417,10801.5,1.08676,17.0892,0,0.458093
149.7,-109.947,128.419,10801.4,1.08676,17.0885,0,0.458093
149.717,-109.542,128.421,10801.4,1.08675,17.0878,0,0.458093
149.733,-109.134,128.422,10801.4,1.08674,17.0872,0,0.458093
149.75,-108.724,128.424,10801.3,1.08674,17.0865,0,0.458093
149.767,-108.311,128.426,10801.3,1.08673,17.0858,0,0.458093
149.783,-107.897,128.428,10801.3,1.08673,17.0852,0,0.458093
149.8,-107.48,128.429,10801.3,1.08672,17.0845,0,0.458093
149.817,-107.062,128.431,10801.2,1.08672,17.0838,0,0.458093
149.833,-106.643,128.433,10801.2,1.08671,17.0831,0,0.458093
149.85,-106.222,128.435,10801.2,1.0867,17.0825,0,0.458093
149.867,-105.8,128.436,10801.1,1.0867,17.0818,0,0.458093
149.883,-105.377,128.438,10801.1,1.08669,17.0811,0,0.458093
149.9,-104.954,128.44,10801.1,1.08669,17.0805,0,0.458093
149.917,-104.529,128.441,10801,1.08668,17.0798,0,0.458093
149.933,-104.104,128.443,10801,1.08667,17.0791,0,0.458093
149.95,-103.678,128.445,10801,1.08667,17.0784,0,0.458093
149.967,-103.251,128.447,10801,1.08666,17.0778,0,0.458093
149.983,-102.825,128.448,10800.9,1.08666,17.0771,0,0.458093
150,-102.397,128.45,10800.9,1.08665,17.0764,0,0.458093
150.017,-101.97,128.452,10800.9,1.08664,17.0758,0,0.458093
150.033,-101.542,128.453,10800.8,1.08664,17.0751,0,0.458093
150.05,-101.115,128.455,10800.8,1.08663,17.0744,0,0.458093
150.067,-100.687,128.457,10800.8,1.08663,17.0738,0,0.458093
150.083,-100.259,128.459,10800.8,1.08662,17.0731,0,0.458093
150.1,-99.8312,128.46,10800.7,1.08661,17.0724,0,0.458093
150.117,-99.4034,128.462,10800.7,1.08661,17.0718,0,0.458093
150.133,-98.9757,128.464,10800.7,1.0866,17.0711,0,0.458093
150.15,-98.5482,128.465,10800.7,1.0866,17.0705,0,0.458093
150.167,-98.2984,128.467,10800.6,0.0943076,17.0699,0,0.458093
150.183,-98.8081,128.469,10800.6,1.08661,17.0696,0,0.458093
150.2,-99.1551,128.47,10800.6,1.0866,17.069,0,0.458093
150.217,-99.4401,128.472,10800.5,1.0866,17.0684,0,0.458093
150.233,-99.6681,128.474,10800.5,1.08659,17.0677,0,0.458093
150.25,-99.8436,128.475,10800.5,1.08659,17.0671,0,0.458093
150.267,-99.971,128.477,10800.5,1.08659,17.0665,0,0.458093
150.283,-100.054,128.479,10800.4,1.08658,17.0658,0,0.458093
150.3,-100.096,128.481,10800.4,1.08658,17.0652,0,0.458093
150.317,-100.101,128.482,10800.4,1.08657,17.0645,0,0.458093
150.333,-100.072,128.484,10800.3,1.08657,17.0639,0,0.458093
150.35,-100.01,128.486,10800.3,1.08656,17.0632,0,0.458093
150.367,-99.9202,128.488,10800.3,1.08656,17.0626,0,0.458093
150.383,-99.8032,128.489,10800.3,1.08656,17.0619,0,0.458093
150.4,-99.6617,128.491,10800.2,1.08655,17.0613,0,0.458093
150.417,-99.4977,128.493,10800.2,1.08655,17.0606,0,0.458093
150.433,-99.313,128.495,10800.2,1.08654,17.06,0,0.458093
150.45,-99.1092,128.496,10800.2,1.08654,17.0593,0,0.458093
150.467,-98.8881,128.498,10800.1,1.08653,17.0587,0,0.458093
150.483,-98.6509,128.5,10800.1,1.08653,17.0581,0,0.458093
150.5,-98.399,128.502,10800.1,1.08653,17.0574,0,0.458093
150.517,-99.2589,128.503,10800,0.0942463,17.0576,0,0.458093
150.533,-101.137,128.505,10800,1.08658,17.0574,0,0.458093
150.55,-102.743,128.507,10800,1.08658,17.0568,0,0.458093
150.567,-104.185,128.509,10800,1.08658,17.0562,0,0.458093
150.583,-105.478,128.511,10799.9,1.08658,17.0556,0,0.458093
150.6,-106.633,128.513,10799.9,1.08658,17.055,0,0.458093
150.617,-107.661,128.515,10799.9,1.08658,17.0544,0,0.458093
150.633,-108.572,128.517,10799.8,1.08658,17.0538,0,0.458093
150.65,-109.376,128.519,10799.8,1.08658,17.0532,0,0.458093
150.667,-110.081,128.521,10799.8,1.08658,17.0525,0,0.458093
150.683,-110.695,128.523,10799.7,1.08658,17.0519,0,0.458093
150.7,-111.225,128.525,10799.7,1.08658,17.0512,0,0.458093
150.717,-111.678,128.527,10799.7,1.08658,17.0506,0,0.458093
150.733,-112.061,128.529,10799.7,1.08658,17.05,0,0.458093
150.75,-112.378,128.531,10799.6,1.08658,17.0493,0,0.458093
150.767,-112.635,128.533,10799.6,1.08659,17.0487,0,0.458093
150.783,-112.838,128.535,10799.6,1.08659,17.048,0,0.458093
150.8,-112.989,128.537,10799.5,1.08659,17.0473,0,0.458093
150.817,-113.094,128.539,10799.5,1.08659,17.0467,0,0.458093
150.833,-113.156,128.541,10799.5,1.08659,17.046,0,0.458093
150.85,-113.178,128.543,10799.4,1.08659,17.0453,0,0.458093
150.867,-113.164,128.545,10799.4,1.08659,17.0447,0,0.458093
150.883,-113.116,128.548,10799.4,1.08659,17.044,0,0.458093
150.9,-113.038,128.55,10799.3,1.08659,17.0433,0,0.458093
150.917,-112.932,128.552,10799.3,1.08659,17.0427,0,0.458093
150.933,-112.799,128.554,10799.3,1.08659,17.042,0,0.458093
150.95,-112.643,128.556,10799.2,1.08659,17.0413,0,0.458093
150.967,-112.464,128.558,10799.2,1.08659,17.0406,0,0.458093
150.983,-112.266,128.56,10799.2,1.08659,17.04,0,0.458093
151,-112.048,128.562,10799.2,1.08659,17.0393,0,0.458093
151.017,-111.814,128.565,10799.1,1.08659,17.0386,0,0.458093
151.033,-111.564,128.567,10799.1,1.08659,17.0379,0,0.458093
151.05,-111.299,128.569,10799.1,1.08659,17.0373,0,0.458093
151.067,-111.022,128.571,10799,1.08659,17.0366,0,0.458093
151.083,-110.732,128.573,10799,1.08659,17.0359,0,0.458093
151.1,-110.43,128.575,10799,1.08659,17.0352,0,0.458093
151.117,-110.119,128.577,10798.9,1.08659,17.0345,0,0.458093
151.133,-109.798,128.579,10798.9,1.08659,17.0338,0,0.458093
151.15,-109.468,128.582,10798.9,1.08659,17.0332,0,0.458093
151.167,-109.131,128.584,10798.8,1.08659,17.0325,0,0.458093
151.183,-108.786,128.586,10798.8,1.08659,17.0318,0,0.458093
151.2,-108.434,128.588,10798.8,1.08658,17.0311,0,0.458093
151.217,-108.077,128.59,10798.8,1.08658,17.0304,0,0.458093
151.233,-107.713,128.592,10798.7,1.08658,17.0298,0,0.458093
151.25,-107.345,128.594,10798.7,1.08658,17.0291,0,0.458093
151.267,-106.972,128.596,10798.7,1.08658,17.0284,0,0.458093
151.283,-106.594,128.598,10798.6,1.08658,17.0277,0,0.458093
151.3,-106.213,128.601,10798.6,1.08658,17.027,0,0.458093
151.317,-105.827,128.603,10798.6,1.08658,17.0264,0,0.458093
151.333,-105.439,128.605,10798.5,1.08658,17.0257,0,0.458093
151.35,-105.048,128.607,10798.5,1.08658,17.025,0,0.458093
151.367,-104.653,128.609,10798.5,1.08658,17.0243,0,0.458093
151.383,-104.257,128.611,10798.5,1.08658,17.0236,0,0.458093
151.4,-103.858,128.613,10798.4,1.08658,17.023,0,0.458093
151.417,-103.457,128.615,10798.4,1.08658,17.0223,0,0.458093
151.433,-103.054,128.617,10798.4,1.08658,17.0216,0,0.458093
151.45,-102.649,128.619,10798.3,1.08658,17.0209,0,0.458093
151.467,-102.243,128.621,10798.3,1.08657,17.0203,0,0.458093
151.483,-101.836,128.624,10798.3,1.08657,17.0196,0,0.458093
151.5,-101.427,128.626,10798.3,1.08657,17.0189,0,0.458093
151.517,-101.017,128.628,10798.2,1.08657,17.0182,0,0.458093
151.533,-100.607,128.63,10798.2,1.08657,17.0176,0,0.458093
151.55,-100.195,128.632,10798.2,1.08657,17.0169,0,0.458093
151.567,-99.7826,128.634,10798.2,1.08657,17.0162,0,0.458093
151.583,-99.3696,128.636,10798.1,1.08657,17.0155,0,0.458093
151.6,-98.9559,128.638,10798.1,1.08657,17.0149,0,0.458093
151.617,-98.5417,128.64,10798.1,1.08657,17.0142,0,0.458093
151.633,-98.1271,128.642,10798,1.08657,17.0135,0,0.458093
151.65,-97.7121,128.644,10798,1.08657,17.0129,0,0.458093
151.667,-97.2968,128.646,10798,1.08656,17.0122,0,0.458093
151.683,-96.8812,128.648,10798,1.08656,17.0115,0,0.458093
151.7,-96.4655,128.65,10797.9,1.08656,17.0109,0,0.458093
151.717,-96.0496,128.652,10797.9,1.08656,17.0102,0,0.458093
151.733,-95.6336,128.654,10797.9,1.08656,17.0096,0,0.458093
151.75,-95.2176,128.656,10797.9,1.08656,17.0089,0,0.458093
151.767,-94.8016,128.658,10797.8,1.08656,17.0082,0,0.458093
151.783,-94.3855,128.66,10797.8,1.08656,17.0076,0,0.458093
151.8,-93.9696,128.662,10797.8,1.08656,17.0069,0,0.458093
151.817,-93.5537,128.664,10797.7,1.08656,17.0063,0,0.458093
151.833,-93.1379,128.666,10797.7,1.08656,17.0056,0,0.458093
151.85,-92.7223,128.668,10797.7,1.08656,17.005,0,0.458093
151.867,-92.3069,128.67,10797.7,1.08655,17.0043,0,0.458093
151.883,-91.8916,128.672,10797.6,1.08655,17.0037,0,0.458093
151.9,-91.4766,128.674,10797.6,1.08655,17.003,0,0.458093
151.917,-91.0618,128.676,10797.6,1.08655,17.0024,0,0.458093
151.933,-90.6473,128.678,10797.6,1.08655,17.0017,0,0.458093
151.95,-90.233,128.68,10797.5,1.08655,17.0011,0,0.458093
151.967,-89.819,128.682,10797.5,1.08655,17.0004,0,0.458093
151.983,-89.4053,128.684,10797.5,1.08655,16.9998,0,0.458093
152,-88.992,128.686,10797.5,1.08655,16.9991,0,0.458093
152.017,-88.5789,128.688,10797.4,1.08655,16.9985,0,0.458093
152.033,-88.1662,128.69,10797.4,1.08655,16.9978,0,0.458093
152.05,-87.7539,128.692,10797.4,1.08655,16.9972,0,0.458093
152.067,-87.3419,128.694,10797.4,1.08655,16.9966,0,0.458093
152.083,-86.9303,128.696,10797.3,1.08654,16.9959,0,0.458093
152.1,-86.5191,128.698,10797.3,1.08654,16.9953,0,0.458093
152.117,-86.1083,128.7,10797.3,1.08654,16.9947,0,0.458093
152.133,-85.6978,128.702,10797.3,1.08654,16.994,0,0.458093
152.15,-85.2878,128.704,10797.3,1.08654,16.9934,0,0.458093
152.167,-84.8782,128.706,10797.2,1.08654,16.9928,0,0.458093
152.183,-84.469,128.708,10797.2,1.08654,16.9921,0,0.458093
152.2,-84.0602,128.71,10797.2,1.08654,16.9915,0,0.458093
152.217,-83.6519,128.712,10797.2,1.08654,16.9909,0,0.458093
152.233,-83.244,128.714,10797.1,1.08654,16.9903,0,0.458093
152.25,-82.8365,128.715,10797.1,1.08654,16.9897,0,0.458093
152.267,-82.4295,128.717,10797.1,1.08654,16.989,0,0.458093
152.283,-82.023,128.719,10797.1,1.08654,16.9884,0,0.458093
152.3,-81.6168,128.721,10797,1.08654,16.9878,0,0.458093
152.317,-81.2112,128.723,10797,1.08654,16.9872,0,0.458093
152.333,-80.806,128.725,10797,1.08654,16.9866,0,0.458093
152.35,-80.4012,128.727,10797,1.08654,16.9859,0,0.458093
152.367,-79.997,128.729,10797,1.08654,16.9853,0,0.458093
152.383,-79.5931,128.731,10796.9,1.08654,16.9847,0,0.458093
152.4,-79.1898,128.733,10796.9,1.08653,16.9841,0,0.458093
152.417,-78.7869,128.735,10796.9,1.08653,16.9835,0,0.458093
152.433,-78.3845,128.736,10796.9,1.08653,16.9829,0,0.458093
152.45,-77.9826,128.738,10796.8,1.08653,16.9823,0,0.458093
152.467,-77.5812,128.74,10796.8,1.08653,16.9817,0,0.458093
152.483,-77.1802,128.742,10796.8,1.08653,16.9811,0,0.458093
152.5,-76.7797,128.744,10796.8,1.08653,16.9805,0,0.458093
152.517,-76.3797,128.746,10796.8,1.08653,16.9799,0,0.458093
152.533,-75.9802,128.748,10796.7,1.08653,16.9793,0,0.458093
152.55,-75.5812,128.75,10796.7,1.08653,16.9787,0,0.458093
152.567,-75.1826,128.751,10796.7,1.08653,16.9781,0,0.458093
152.583,-74.7845,128.753,10796.7,1.08653,16.9775,0,0.458093
152.6,-74.3869,128.755,10796.7,1.08653,16.9769,0,0.458093
152.617,-73.9898,128.757,10796.6,1.08653,16.9763,0,0.458093
152.633,-73.5932,128.759,10796.6,1.08653,16.9758,0,0.458093
152.65,-73.1971,128.761,10796.6,1.08653,16.9752,0,0.458093
152.667,-72.8015,128.762,10796.6,1.08653,16.9746,0,0.458093
152.683,-72.4063,128.764,10796.6,1.08653,16.974,0,0.458093
152.7,-72.0116,128.766,10796.5,1.08653,16.9734,0,0.458093
152.717,-71.6174,128.768,10796.5,1.08653,16.9728,0,0.458093
152.733,-71.2238,128.77,10796.5,1.08653,16.9723,0,0.458093
152.75,-70.8305,128.772,10796.5,1.08653,16.9717,0,0.458093
152.767,-70.4378,128.773,10796.5,1.08653,16.9711,0,0.458093
152.783,-70.0456,128.775,10796.4,1.08653,16.9705,0,0.458093
152.8,-69.6539,128.777,10796.4,1.08653,16.97,0,0.458093
152.817,-69.2626,128.779,10796.4,1.08653,16.9694,0,0.458093
152.833,-68.8718,128.781,10796.4,1.08653,16.9688,0,0.458093
152.85,-68.4815,128.783,10796.4,1.08653,16.9683,0,0.458093
152.867,-68.0917,128.784,10796.3,1.08653,16.9677,0,0.458093
152.883,-67.7024,128.786,10796.3,1.08653,16.9671,0,0.458093
152.9,-67.3136,128.788,10796.3,1.08653,16.9666,0,0.458093
152.917,-66.9252,128.79,10796.3,1.08654,16.966,0,0.458093
152.933,-66.5374,128.791,10796.3,1.08654,16.9655,0,0.458093
152.95,-66.15,128.793,10796.2,1.08654,16.9649,0,0.458093
152.967,-65.7631,128.795,10796.2,1.08654,16.9643,0,0.458093
152.983,-65.3766,128.797,10796.2,1.08654,16.9638,0,0.458093
153,-64.9907,128.799,10796.2,1.08654,16.9632,0,0.458093
153.017,-64.6052,128.8,10796.2,1.08654,16.9627,0,0.458093
153.033,-64.2202,128.802,10796.2,1.08654,16.9621,0,0.458093
153.05,-63.8357,128.804,10796.1,1.08654,16.9616,0,0.458093
153.067,-63.4517,128.806,10796.1,1.08654,16.961,0,0.458093
153.083,-63.0681,128.807,10796.1,1.08654,16.9605,0,0.458093
153.1,-62.685,128.809,10796.1,1.08654,16.9599,0,0.458093
153.117,-62.3024,128.811,10796.1,1.08654,16.9594,0,0.458093
153.133,-61.9203,128.813,10796,1.08654,16.9589,0,0.458093
153.15,-61.5386,128.814,10796,1.08654,16.9583,0,0.458093
153.167,-61.1574,128.816,10796,1.08654,16.9578,0,0.458093
153.183,-60.7767,128.818,10796,1.08654,16.9573,0,0.458093
153.2,-60.3964,128.82,10796,1.08654,16.9567,0,0.458093
153.217,-60.0166,128.821,10796,1.08655,16.9562,0,0.458093
153.233,-59.6373,128.823,10795.9,1.08655,16.9557,0,0.458093
153.25,-59.2584,128.825,10795.9,1.08655,16.9551,0,0.458093
153.267,-58.88,128.827,10795.9,1.08655,16.9546,0,0.458093
153.283,-58.5021,128.828,10795.9,1.08655,16.9541,0,0.458093
153.3,-58.1246,128.83,10795.9,1.08655,16.9535,0,0.458093
153.317,-57.7475,128.832,10795.9,1.08655,16.953,0,0.458093
153.333,-57.371,128.833,10795.8,1.08655,16.9525,0,0.458093
153.35,-56.9949,128.835,10795.8,1.08655,16.952,0,0.458093
153.367,-56.6192,128.837,10795.8,1.08655,16.9515,0,0.458093
153.383,-56.244,128.838,10795.8,1.08655,16.9509,0,0.458093
153.4,-55.8693,128.84,10795.8,1.08656,16.9504,0,0.458093
153.417,-55.495,128.842,10795.8,1.08656,16.9499,0,0.458093
153.433,-55.1211,128.843,10795.8,1.08656,16.9494,0,0.458093
153.45,-54.7478,128.845,10795.7,1.08656,16.9489,0,0.458093
153.467,-54.3748,128.847,10795.7,1.08656,16.9484,0,0.458093
153.483,-54.0023,128.849,10795.7,1.08656,16.9479,0,0.458093
153.5,-53.6303,128.85,10795.7,1.08656,16.9474,0,0.458093
153.517,-53.2587,128.852,10795.7,1.08656,16.9469,0,0.458093
153.533,-52.8875,128.854,10795.7,1.08656,16.9464,0,0.458093
153.55,-52.5168,128.855,10795.7,1.08657,16.9459,0,0.458093
153.567,-52.1465,128.857,10795.6,1.08657,16.9454,0,0.458093
153.583,-51.7766,128.858,10795.6,1.08657,16.9449,0,0.458093
153.6,-51.4072,128.86,10795.6,1.08657,16.9444,0,0.458093
153.617,-51.0382,128.862,10795.6,1.08657,16.9439,0,0.458093
153.633,-50.6697,128.863,10795.6,1.08657,16.9434,0,0.458093
153.65,-50.3016,128.865,10795.6,1.08657,16.9429,0,0.458093
153.667,-49.9339,128.867,10795.6,1.08658,16.9424,0,0.458093
153.683,-49.5667,128.868,10795.5,1.08658,16.9419,0,0.458093
153.7,-49.1998,128.87,10795.5,1.08658,16.9414,0,0.458093
153.717,-48.8335,128.872,10795.5,1.08658,16.9409,0,0.458093
153.733,-48.4675,128.873,10795.5,1.08658,16.9404,0,0.458093
153.75,-48.1019,128.875,10795.5,1.08658,16.94,0,0.458093
153.767,-47.7368,128.876,10795.5,1.08658,16.9395,0,0.458093
153.783,-47.3721,128.878,10795.5,1.08658,16.939,0,0.458093
153.8,-47.0079,128.88,10795.4,1.08659,16.9385,0,0.458093
153.817,-46.644,128.881,10795.4,1.08659,16.938,0,0.458093
153.833,-46.2806,128.883,10795.4,1.08659,16.9376,0,0.458093
153.85,-45.9175,128.884,10795.4,1.08659,16.9371,0,0.458093
153.867,-45.5549,128.886,10795.4,1.08659,16.9366,0,0.458093
153.883,-45.1927,128.888,10795.4,1.08659,16.9362,0,0.458093
153.9,-44.8309,128.889,10795.4,1.0866,16.9357,0,0.458093
153.917,-44.4696,128.891,10795.4,1.0866,16.9352,0,0.458093
153.933,-44.1086,128.892,10795.3,1.0866,16.9347,0,0.458093
153.95,-43.748,128.894,10795.3,1.0866,16.9343,0,0.458093
153.967,-43.3879,128.895,10795.3,1.0866,16.9338,0,0.458093
153.983,-43.0281,128.897,10795.3,1.0866,16.9334,0,0.458093
154,-42.6688,128.899,10795.3,1.08661,16.9329,0,0.458093
154.017,-42.3098,128.9,10795.3,1.08661,16.9324,0,0.458093
154.033,-41.9513,128.902,10795.3,1.08661,16.932,0,0.458093
154.05,-41.5931,128.903,10795.3,1.08661,16.9315,0,0.458093
154.067,-41.2354,128.905,10795.2,1.08661,16.9311,0,0.458093
154.083,-40.878,128.906,10795.2,1.08661,16.9306,0,0.458093
154.1,-40.5211,128.908,10795.2,1.08662,16.9302,0,0.458093
154.117,-40.1645,128.909,10795.2,1.08662,16.9297,0,0.458093
154.133,-39.8084,128.911,10795.2,1.08662,16.9293,0,0.458093
154.15,-39.4526,128.912,10795.2,1.08662,16.9288,0,0.458093
154.167,-39.0972,128.914,10795.2,1.08662,16.9284,0,0.458093
154.183,-38.7422,128.916,10795.2,1.08663,16.9279,0,0.458093
154.2,-38.3876,128.917,10795.2,1.08663,16.9275,0,0.458093
154.217,-38.0333,128.919,10795.1,1.08663,16.927,0,0.458093
154.233,-37.6795,128.92,10795.1,1.08663,16.9266,0,0.458093
154.25,-37.326,128.922,10795.1,1.08663,16.9262,0,0.458093
154.267,-36.9729,128.923,10795.1,1.08663,16.9257,0,0.458093
154.283,-36.6202,128.925,10795.1,1.08664,16.9253,0,0.458093
154.3,-36.2679,128.926,10795.1,1.08664,16.9248,0,0.458093
154.317,-35.916,128.928,10795.1,1.08664,16.9244,0,0.458093
154.333,-35.5644,128.929,10795.1,1.08664,16.924,0,0.458093
154.35,-35.2132,128.931,10795.1,1.08664,16.9236,0,0.458093
154.367,-34.8624,128.932,10795.1,1.08665,16.9231,0,0.458093
154.383,-34.5119,128.933,10795,1.08665,16.9227,0,0.458093
154.4,-34.1619,128.935,10795,1.08665,16.9223,0,0.458093
154.417,-33.8122,128.936,10795,1.08665,16.9218,0,0.458093
154.433,-33.4628,128.938,10795,1.08665,16.9214,0,0.458093
154.45,-33.1138,128.939,10795,1.08666,16.921,0,0.458093
154.467,-32.7652,128.941,10795,1.08666,16.9206,0,0.458093
154.483,-32.417,128.942,10795,1.08666,16.9202,0,0.458093
154.5,-32.0691,128.944,10795,1.08666,16.9197,0,0.458093
154.517,-31.7216,128.945,10795,1.08667,16.9193,0,0.458093
154.533,-31.3745,128.947,10795,1.08667,16.9189,0,0.458093
154.55,-31.0277,128.948,10795,1.08667,16.9185,0,0.458093
154.567,-30.6812,128.949,10794.9,1.08667,16.9181,0,0.458093
154.583,-30.3352,128.951,10794.9,1.08667,16.9177,0,0.458093
154.6,-29.9894,128.952,10794.9,1.08668,16.9173,0,0.458093
154.617,-29.6441,128.954,10794.9,1.08668,16.9168,0,0.458093
154.633,-29.2991,128.955,10794.9,1.08668,16.9164,0,0.458093
154.65,-28.9544,128.957,10794.9,1.08668,16.916,0,0.458093
154.667,-28.6101,128.958,10794.9,1.08668,16.9156,0,0.458093
154.683,-28.2662,128.959,10794.9,1.08669,16.9152,0,0.458093
154.7,-27.9226,128.961,10794.9,1.08669,16.9148,0,0.458093
154.717,-27.5793,128.962,10794.9,1.08669,16.9144,0,0.458093
154.733,-27.2364,128.964,10794.9,1.08669,16.914,0,0.458093
154.75,-26.8938,128.965,10794.9,1.0867,16.9136,0,0.458093
154.767,-26.5516,128.966,10794.9,1.0867,16.9132,0,0.458093
154.783,-26.2098,128.968,10794.8,1.0867,16.9128,0,0.458093
154.8,-25.8682,128.969,10794.8,1.0867,16.9124,0,0.458093
154.817,-25.527,128.971,10794.8,1.0867,16.9121,0,0.458093
154.833,-25.1862,128.972,10794.8,1.08671,16.9117,0,0.458093
154.85,-24.8457,128.973,10794.8,1.08671,16.9113,0,0.458093
154.867,-24.5055,128.975,10794.8,1.08671,16.9109,0,0.458093
154.883,-24.1657,128.976,10794.8,1.08671,16.9105,0,0.458093
154.9,-23.8262,128.977,10794.8,1.08672,16.9101,0,0.458093
154.917,-23.4871,128.979,10794.8,1.08672,16.9097,0,0.458093
154.933,-23.1482,128.98,10794.8,1.08672,16.9093,0,0.458093
154.95,-22.8098,128.981,10794.8,1.08672,16.909,0,0.458093
154.967,-22.4716,128.983,10794.8,1.08672,16.9086,0,0.458093
154.983,-22.1338,128.984,10794.8,1.08673,16.9082,0,0.458093
155,-21.7963,128.985,10794.8,1.08673,16.9078,0,0.458093
155.017,-21.4591,128.987,10794.8,1.08673,16.9074,0,0.458093
155.033,-21.1223,128.988,10794.7,1.08673,16.9071,0,0.458093
155.05,-20.7858,128.989,10794.7,1.08674,16.9067,0,0.458093
155.067,-20.4496,128.991,10794.7,1.08674,16.9063,0,0.458093
155.083,-20.1138,128.992,10794.7,1.08674,16.906,0,0.458093
155.1,-19.7783,128.993,10794.7,1.08674,16.9056,0,0.458093
155.117,-19.4431,128.995,10794.7,1.08675,16.9052,0,0.458093
155.133,-19.1082,128.996,10794.7,1.08675,16.9048,0,0.458093
155.15,-18.7737,128.997,10794.7,1.08675,16.9045,0,0.458093
155.167,-18.4394,128.999,10794.7,1.08675,16.9041,0,0.458093
155.183,-18.1055,129,10794.7,1.08676,16.9038,0,0.458093
155.2,-17.7719,129.001,10794.7,1.08676,16.9034,0,0.458093
155.217,-17.4387,129.002,10794.7,1.08676,16.903,0,0.458093
155.233,-17.1057,129.004,10794.7,1.08676,16.9027,0,0.458093
155.25,-16.7731,129.005,10794.7,1.08676,16.9023,0,0.458093
155.267,-16.4408,129.006,10794.7,1.08677,16.902,0,0.458093
155.283,-16.1088,129.008,10794.7,1.08677,16.9016,0,0.458093
155.3,-15.7771,129.009,10794.7,1.08677,16.9012,0,0.458093
155.317,-15.4457,129.01,10794.7,1.08677,16.9009,0,0.458093
155.333,-15.1147,129.011,10794.7,1.08678,16.9005,0,0.458093
155.35,-14.7839,129.013,10794.7,1.08678,16.9002,0,0.458093
155.367,-14.4535,129.014,10794.6,1.08678,16.8998,0,0.458093
155.383,-14.1234,129.015,10794.6,1.08678,16.8995,0,0.458093
155.4,-13.7936,129.016,10794.6,1.08679,16.8991,0,0.458093
155.417,-13.4641,129.018,10794.6,1.08679,16.8988,0,0.458093
155.433,-13.1349,129.019,10794.6,1.08679,16.8985,0,0.458093
155.45,-12.806,129.02,10794.6,1.08679,16.8981,0,0.458093
155.467,-12.4774,129.021,10794.6,1.0868,16.8978,0,0.458093
155.483,-12.1491,129.023,10794.6,1.0868,16.8974,0,0.458093
155.5,-11.8212,129.024,10794.6,1.0868,16.8971,0,0.458093
155.517,-11.4935,129.025,10794.6,1.0868,16.8967,0,0.458093
155.533,-11.1662,129.026,10794.6,1.08681,16.8964,0,0.458093
155.55,-10.8391,129.027,10794.6,1.08681,16.8961,0,0.458093
155.567,-10.5124,129.029,10794.6,1.08681,16.8957,0,0.458093
155.583,-10.1859,129.03,10794.6,1.08681,16.8954,0,0.458093
155.6,-9.85979,129.031,10794.6,1.08682,16.8951,0,0.458093
155.617,-9.53395,129.032,10794.6,1.08682,16.8947,0,0.458093
155.633,-9.20842,129.033,10794.6,1.08682,16.8944,0,0.458093
155.65,-8.88318,129.035,10794.6,1.08682,16.8941,0,0.458093
155.667,-8.55824,129.036,10794.6,1.08682,16.8938,0,0.458093
155.683,-8.2336,129.037,10794.6,1.08683,16.8934,0,0.458093
155.7,-7.90925,129.038,10794.6,1.08683,16.8931,0,0.458093
155.717,-7.58521,129.039,10794.6,1.08683,16.8928,0,0.458093
155.733,-7.26146,129.04,10794.6,1.08683,16.8925,0,0.458093
155.75,-6.93801,129.042,10794.6,1.08684,16.8921,0,0.458093
155.767,-6.61485,129.043,10794.6,1.08684,16.8918,0,0.458093
155.783,-6.29199,129.044,10794.6,1.08684,16.8915,0,0.458093
155.8,-5.96943,129.045,10794.6,1.08684,16.8912,0,0.458093
155.817,-5.64716,129.046,10794.6,1.08685,16.8909,0,0.458093
155.833,-5.32518,129.047,10794.6,1.08685,16.8906,0,0.458093
155.85,-5.00349,129.048,10794.6,1.08685,16.8902,0,0.458093
155.867,-4.6821,129.05,10794.6,1.08685,16.8899,0,0.458093
155.883,-4.361,129.051,10794.6,1.08686,16.8896,0,0.458093
155.9,-4.04019,129.052,10794.6,1.08686,16.8893,0,0.458093
155.917,-3.71967,129.053,10794.6,1.08686,16.889,0,0.458093
155.933,-3.39944,129.054,10794.6,1.08686,16.8887,0,0.458093
155.95,-3.0795,129.055,10794.6,1.08687,16.8884,0,0.458093
155.967,-2.75985,129.056,10794.6,1.08687,16.8881,0,0.458093
155.983,-2.44049,129.057,10794.6,1.08687,16.8878,0,0.458093
156,-2.12141,129.059,10794.6,1.08687,16.8875,0,0.458093
156.017,-1.80263,129.06,10794.6,1.08688,16.8872,0,0.458093
156.033,-1.48413,129.061,10794.6,1.08688,16.8869,0,0.458093
156.05,-1.16592,129.062,10794.6,1.08688,16.8866,0,0.458093
156.067,-0.847994,129.063,10794.6,1.08688,16.8863,0,0.458093
156.083,-0.530356,129.064,10794.6,1.08688,16.886,0,0.458093
156.1,-0.213002,129.065,10794.6,1.08689,16.8857,0,0.458093
156.117,0.104066,129.066,10794.6,1.08689,16.8854,0,0.458093
156.133,0.420849,129.067,10794.6,1.08689,16.8851,0,0.458093
156.15,0.737348,129.068,10794.6,1.08689,16.8848,0,0.458093
156.167,1.05356,129.069,10794.6,1.0869,16.8845,0,0.458093
156.183,1.36949,129.07,10794.6,1.0869,16.8842,0,0.458093
156.2,1.68514,129.071,10794.6,1.0869,16.8839,0,0.458093
156.217,2.00051,129.073,10794.6,1.0869,16.8837,0,0.458093
156.233,2.31559,129.074,10794.6,1.08691,16.8834,0,0.458093
156.25,2.6304,129.075,10794.6,1.08691,16.8831,0,0.458093
156.267,2.94492,129.076,10794.6,1.08691,16.8828,0,0.458093
156.283,3.25916,129.077,10794.6,1.08691,16.8825,0,0.458093
156.3,3.57312,129.078,10794.6,1.08692,16.8822,0,0.458093
156.317,3.88679,129.079,10794.6,1.08692,16.882,0,0.458093
156.333,4.20019,129.08,10794.6,1.08692,16.8817,0,0.458093
156.35,4.51331,129.081,10794.6,1.08692,16.8814,0,0.458093
156.367,4.82615,129.082,10794.6,1.08692,16.8811,0,0.458093
156.383,5.13871,129.083,10794.6,1.08693,16.8808,0,0.458093
156.4,5.45099,129.084,10794.6,1.08693,16.8806,0,0.458093
156.417,5.763,129.085,10794.6,1.08693,16.8803,0,0.458093
156.433,6.07472,129.086,10794.6,1.08693,16.88,0,0.458093
156.45,6.38617,129.087,10794.6,1.08694,16.8798,0,0.458093
156.467,6.69734,129.088,10794.6,1.08694,16.8795,0,0.458093
156.483,7.00823,129.089,10794.6,1.08694,16.8792,0,0.458093
156.5,7.31885,129.09,10794.6,1.08694,16.879,0,0.458093
156.517,7.62919,129.091,10794.6,1.08695,16.8787,0,0.458093
156.533,7.93925,129.092,10794.6,1.08695,16.8784,0,0.458093
156.55,8.24904,129.093,10794.6,1.08695,16.8782,0,0.458093
156.567,8.55855,129.094,10794.6,1.08695,16.8779,0,0.458093
156.583,8.86779,129.095,10794.6,1.08695,16.8776,0,0.458093
156.6,9.17675,129.096,10794.6,1.08696,16.8774,0,0.458093
156.617,9.48543,129.097,10794.6,1.08696,16.8771,0,0.458093
156.633,9.79385,129.097,10794.6,1.08696,16.8769,0,0.458093
156.65,10.102,129.098,10794.6,1.08696,16.8766,0,0.458093
156.667,10.4098,129.099,10794.6,1.08697,16.8763,0,0.458093
156.683,10.7174,129.1,10794.6,1.08697,16.8761,0,0.458093
156.7,11.0248,129.101,10794.6,1.08697,16.8758,0,0.458093
156.717,11.3318,129.102,10794.6,1.08697,16.8756,0,0.458093
156.733,11.6386,129.103,10794.6,1.08697,16.8753,0,0.458093
156.75,11.9451,129.104,10794.6,1.08698,16.8751,0,0.458093
156.767,12.2513,129.105,10794.6,1.08698,16.8748,0,0.458093
156.783,12.5572,129.106,10794.6,1.08698,16.8746,0,0.458093
156.8,12.8629,129.107,10794.6,1.08698,16.8743,0,0.458093
156.817,13.1683,129.108,10794.6,1.08699,16.8741,0,0.458093
156.833,13.4734,129.109,10794.6,1.08699,16.8739,0,0.458093
156.85,13.7783,129.109,10794.6,1.08699,16.8736,0,0.458093
156.867,14.0829,129.11,10794.7,1.08699,16.8734,0,0.458093
156.883,14.3872,129.111,10794.7,1.08699,16.8731,0,0.458093
156.9,14.6913,129.112,10794.7,1.087,16.8729,0,0.458093
156.917,14.995,129.113,10794.7,1.087,16.8726,0,0.458093
156.933,15.2985,129.114,10794.7,1.087,16.8724,0,0.458093
156.95,15.6018,129.115,10794.7,1.087,16.8722,0,0.458093
156.967,15.9047,129.116,10794.7,1.087,16.8719,0,0.458093
156.983,16.2074,129.116,10794.7,1.08701,16.8717,0,0.458093
157,16.5098,129.117,10794.7,1.08701,16.8715,0,0.458093
157.017,16.812,129.118,10794.7,1.08701,16.8712,0,0.458093
157.033,17.1139,129.119,10794.7,1.08701,16.871,0,0.458093
157.05,17.4155,129.12,10794.7,1.08701,16.8708,0,0.458093
157.067,17.7168,129.121,10794.7,1.08702,16.8706,0,0.458093
157.083,18.0179,129.122,10794.7,1.08702,16.8703,0,0.458093
157.1,18.3187,129.122,10794.7,1.08702,16.8701,0,0.458093
157.117,18.6192,129.123,10794.7,1.08702,16.8699,0,0.458093
157.133,18.9195,129.124,10794.7,1.08703,16.8697,0,0.458093
157.15,19.2195,129.125,10794.7,1.08703,16.8694,0,0.458093
157.167,19.5192,129.126,10794.7,1.08703,16.8692,0,0.458093
157.183,19.8187,129.126,10794.7,1.08703,16.869,0,0.458093
157.2,20.1178,129.127,10794.7,1.08703,16.8688,0,0.458093
157.217,20.4167,129.128,10794.8,1.08704,16.8686,0,0.458093
157.233,20.7154,129.129,10794.8,1.08704,16.8683,0,0.458093
157.25,21.0138,129.13,10794.8,1.08704,16.8681,0,0.458093
157.267,21.3119,129.131,10794.8,1.08704,16.8679,0,0.458093
157.283,21.6097,129.131,10794.8,1.08704,16.8677,0,0.458093
157.3,21.9073,129.132,10794.8,1.08705,16.8675,0,0.458093
157.317,22.2046,129.133,10794.8,1.08705,16.8673,0,0.458093
157.333,22.5016,129.134,10794.8,1.08705,16.8671,0,0.458093
157.35,22.7984,129.134,10794.8,1.08705,16.8669,0,0.458093
157.367,23.0949,129.135,10794.8,1.08705,16.8666,0,0.458093
157.383,23.3911,129.136,10794.8,1.08705,16.8664,0,0.458093
157.4,23.6871,129.137,10794.8,1.08706,16.8662,0,0.458093
157.417,23.9828,129.137,10794.8,1.08706,16.866,0,0.458093
157.433,24.2782,129.138,10794.8,1.08706,16.8658,0,0.458093
157.45,24.5733,129.139,10794.8,1.08706,16.8656,0,0.458093
157.467,24.8682,129.14,10794.8,1.08706,16.8654,0,0.458093
157.483,25.1628,129.14,10794.9,1.08707,16.8652,0,0.458093
157.5,25.4572,129.141,10794.9,1.08707,16.865,0,0.458093
157.517,25.7513,129.142,10794.9,1.08707,16.8648,0,0.458093
157.533,26.0451,129.143,10794.9,1.08707,16.8646,0,0.458093
157.55,26.3386,129.143,10794.9,1.08707,16.8644,0,0.458093
157.567,26.6319,129.144,10794.9,1.08708,16.8642,0,0.458093
157.583,26.9249,129.145,10794.9,1.08708,16.864,0,0.458093
157.6,27.2176,129.145,10794.9,1.08708,16.8639,0,0.458093
157.617,27.5101,129.146,10794.9,1.08708,16.8637,0,0.458093
157.633,27.8023,129.147,10794.9,1.08708,16.8635,0,0.458093
157.65,28.0942,129.148,10794.9,1.08708,16.8633,0,0.458093
157.667,28.3859,129.148,10794.9,1.08709,16.8631,0,0.458093
157.683,28.6773,129.149,10794.9,1.08709,16.8629,0,0.458093
157.7,28.9684,129.15,10795,1.08709,16.8627,0,0.458093
157.717,29.2593,129.15,10795,1.08709,16.8625,0,0.458093
157.733,29.5499,129.151,10795,1.08709,16.8624,0,0.458093
157.75,29.8402,129.152,10795,1.08709,16.8622,0,0.458093
157.767,30.1303,129.152,10795,1.0871,16.862,0,0.458093
157.783,30.42,129.153,10795,1.0871,16.8618,0,0.458093
157.8,30.7096,129.154,10795,1.0871,16.8616,0,0.458093
157.817,30.9988,129.154,10795,1.0871,16.8615,0,0.458093
157.833,31.2878,129.155,10795,1.0871,16.8613,0,0.458093
157.85,31.5765,129.156,10795,1.0871,16.8611,0,0.458093
157.867,31.8649,129.156,10795,1.08711,16.8609,0,0.458093
157.883,32.1531,129.157,10795,1.08711,16.8608,0,0.458093
157.9,32.441,129.158,10795.1,1.08711,16.8606,0,0.458093
157.917,32.7287,129.158,10795.1,1.08711,16.8604,0,0.458093
157.933,33.016,129.159,10795.1,1.08711,16.8603,0,0.458093
157.95,33.3031,129.159,10795.1,1.08711,16.8601,0,0.458093
157.967,33.5899,129.16,10795.1,1.08712,16.8599,0,0.458093
157.983,33.8765,129.161,10795.1,1.08712,16.8597,0,0.458093
158,34.1628,129.161,10795.1,1.08712,16.8596,0,0.458093
158.017,34.4488,129.162,10795.1,1.08712,16.8594,0,0.458093
158.033,34.7346,129.162,10795.1,1.08712,16.8593,0,0.458093
158.05,35.02,129.163,10795.1,1.08712,16.8591,0,0.458093
158.067,35.3053,129.164,10795.1,1.08712,16.8589,0,0.458093
158.083,35.5902,129.164,10795.2,1.08713,16.8588,0,0.458093
158.1,35.8749,129.165,10795.2,1.08713,16.8586,0,0.458093
158.117,36.1593,129.165,10795.2,1.08713,16.8585,0,0.458093
158.133,36.4434,129.166,10795.2,1.08713,16.8583,0,0.458093
158.15,36.7273,129.167,10795.2,1.08713,16.8581,0,0.458093
158.167,37.0109,129.167,10795.2,1.08713,16.858,0,0.458093
158.183,37.2942,129.168,10795.2,1.08714,16.8578,0,0.458093
158.2,37.5772,129.168,10795.2,1.08714,16.8577,0,0.458093
158.217,37.86,129.169,10795.2,1.08714,16.8575,0,0.458093
158.233,38.1425,129.169,10795.2,1.08714,16.8574,0,0.458093
158.25,38.4248,129.17,10795.3,1.08714,16.8572,0,0.458093
158.267,38.7067,129.17,10795.3,1.08714,16.8571,0,0.458093
158.283,38.9884,129.171,10795.3,1.08714,16.8569,0,0.458093
158.3,39.2698,129.171,10795.3,1.08714,16.8568,0,0.458093
158.317,39.551,129.172,10795.3,1.08715,16.8567,0,0.458093
158.333,39.8319,129.173,10795.3,1.08715,16.8565,0,0.458093
158.35,40.1125,129.173,10795.3,1.08715,16.8564,0,0.458093
158.367,40.3928,129.174,10795.3,1.08715,16.8562,0,0.458093
158.383,40.6729,129.174,10795.3,1.08715,16.8561,0,0.458093
158.4,40.9527,129.175,10795.4,1.08715,16.856,0,0.458093
158.417,41.2322,129.175,10795.4,1.08715,16.8558,0,0.458093
158.433,41.5115,129.176,10795.4,1.08716,16.8557,0,0.458093
158.45,41.7904,129.176,10795.4,1.08716,16.8555,0,0.458093
158.467,42.0692,129.177,10795.4,1.08716,16.8554,0,0.458093
158.483,42.3476,129.177,10795.4,1.08716,16.8553,0,0.458093
158.5,42.6257,129.178,10795.4,1.08716,16.8551,0,0.458093
158.517,42.9036,129.178,10795.4,1.08716,16.855,0,0.458093
158.533,43.1812,129.178,10795.5,1.08716,16.8549,0,0.458093
158.55,43.4586,129.179,10795.5,1.08716,16.8548,0,0.458093
158.567,43.7357,129.179,10795.5,1.08717,16.8546,0,0.458093
158.583,44.0125,129.18,10795.5,1.08717,16.8545,0,0.458093
158.6,44.289,129.18,10795.5,1.08717,16.8544,0,0.458093
158.617,44.5652,129.181,10795.5,1.08717,16.8542,0,0.458093
158.633,44.8412,129.181,10795.5,1.08717,16.8541,0,0.458093
158.65,45.1169,129.182,10795.5,1.08717,16.854,0,0.458093
158.667,45.3923,129.182,10795.6,1.08717,16.8539,0,0.458093
158.683,45.6675,129.183,10795.6,1.08717,16.8538,0,0.458093
158.7,45.9423,129.183,10795.6,1.08717,16.8536,0,0.458093
158.717,46.2169,129.183,10795.6,1.08718,16.8535,0,0.458093
158.733,46.4913,129.184,10795.6,1.08718,16.8534,0,0.458093
158.75,46.7653,129.184,10795.6,1.08718,16.8533,0,0.458093
158.767,47.0391,129.185,10795.6,1.08718,16.8532,0,0.458093
158.783,47.3126,129.185,10795.6,1.08718,16.8531,0,0.458093
158.8,47.5858,129.185,10795.7,1.08718,16.853,0,0.458093
158.817,47.8588,129.186,10795.7,1.08718,16.8528,0,0.458093
158.833,48.1314,129.186,10795.7,1.08718,16.8527,0,0.458093
158.85,48.4038,129.187,10795.7,1.08718,16.8526,0,0.458093
158.867,48.6759,129.187,10795.7,1.08718,16.8525,0,0.458093
158.883,48.9478,129.187,10795.7,1.08719,16.8524,0,0.458093
158.9,49.2193,129.188,10795.7,1.08719,16.8523,0,0.458093
158.917,49.4906,129.188,10795.7,1.08719,16.8522,0,0.458093
158.933,49.7616,129.189,10795.8,1.08719,16.8521,0,0.458093
158.95,50.0324,129.189,10795.8,1.08719,16.852,0,0.458093
158.967,50.3028,129.189,10795.8,1.08719,16.8519,0,0.458093
158.983,50.573,129.19,10795.8,1.08719,16.8518,0,0.458093
159,50.8429,129.19,10795.8,1.08719,16.8517,0,0.458093
159.017,51.1125,129.19,10795.8,1.08719,16.8516,0,0.458093
159.033,51.3819,129.191,10795.8,1.08719,16.8515,0,0.458093
159.05,51.6509,129.191,10795.9,1.08719,16.8514,0,0.458093
159.067,51.9197,129.191,10795.9,1.0872,16.8513,0,0.458093
159.083,52.1882,129.192,10795.9,1.0872,16.8512,0,0.458093
159.1,52.4564,129.192,10795.9,1.0872,16.8511,0,0.458093
159.117,52.7244,129.192,10795.9,1.0872,16.851,0,0.458093
159.133,52.992,129.193,10795.9,1.0872,16.8509,0,0.458093
159.15,53.2594,129.193,10795.9,1.0872,16.8509,0,0.458093
159.167,53.5265,129.193,10796,1.0872,16.8508,0,0.458093
159.183,53.7934,129.194,10796,1.0872,16.8507,0,0.458093
159.2,54.0599,129.194,10796,1.0872,16.8506,0,0.458093
159.217,54.3262,129.194,10796,1.0872,16.8505,0,0.458093
159.233,54.5922,129.194,10796,1.0872,16.8504,0,0.458093
159.25,54.8579,129.195,10796,1.0872,16.8503,0,0.458093
159.267,55.1233,129.195,10796.1,1.0872,16.8503,0,0.458093
159.283,55.3884,129.195,10796.1,1.0872,16.8502,0,0.458093
159.3,55.6533,129.196,10796.1,1.08721,16.8501,0,0.458093
159.317,55.9178,129.196,10796.1,1.08721,16.85,0,0.458093
159.333,56.1821,129.196,10796.1,1.08721,16.8499,0,0.458093
159.35,56.4461,129.196,10796.1,1.08721,16.8499,0,0.458093
159.367,56.7099,129.197,10796.1,1.08721,16.8498,0,0.458093
159.383,56.9733,129.197,10796.2,1.08721,16.8497,0,0.458093
159.4,57.2365,129.197,10796.2,1.08721,16.8496,0,0.458093
159.417,57.4994,129.197,10796.2,1.08721,16.8496,0,0.458093
159.433,57.7619,129.198,10796.2,1.08721,16.8495,0,0.458093
159.45,58.0243,129.198,10796.2,1.08721,16.8494,0,0.458093
159.467,58.2863,129.198,10796.2,1.08721,16.8494,0,0.458093
159.483,58.548,129.198,10796.3,1.08721,16.8493,0,0.458093
159.5,58.8095,129.198,10796.3,1.08721,16.8492,0,0.458093
159.517,59.0706,129.199,10796.3,1.08721,16.8492,0,0.458093
159.533,59.3315,129.199,10796.3,1.08721,16.8491,0,0.458093
159.55,59.5921,129.199,10796.3,1.08721,16.849,0,0.458093
159.567,59.8524,129.199,10796.3,1.08721,16.849,0,0.458093
159.583,60.1125,129.2,10796.4,1.08721,16.8489,0,0.458093
159.6,60.3722,129.2,10796.4,1.08721,16.8489,0,0.458093
159.617,60.6317,129.2,10796.4,1.08722,16.8488,0,0.458093
159.633,60.8908,129.2,10796.4,1.08722,16.8487,0,0.458093
159.65,61.1497,129.2,10796.4,1.08722,16.8487,0,0.458093
159.667,61.4083,129.2,10796.4,1.08722,16.8486,0,0.458093
159.683,61.6666,129.201,10796.5,1.08722,16.8486,0,0.458093
159.7,61.9246,129.201,10796.5,1.08722,16.8485,0,0.458093
159.717,62.1824,129.201,10796.5,1.08722,16.8485,0,0.458093
159.733,62.4398,129.201,10796.5,1.08722,16.8484,0,0.458093
159.75,62.697,129.201,10796.5,1.08722,16.8484,0,0.458093
159.767,62.9538,129.201,10796.5,1.08722,16.8483,0,0.458093
159.783,63.2104,129.202,10796.6,1.08722,16.8483,0,0.458093
159.8,63.4667,129.202,10796.6,1.08722,16.8482,0,0.458093
159.817,63.7227,129.202,10796.6,1.08722,16.8482,0,0.458093
159.833,63.9784,129.202,10796.6,1.08722,16.8481,0,0.458093
159.85,64.2338,129.202,10796.6,1.08722,16.8481,0,0.458093
159.867,64.4889,129.202,10796.7,1.08722,16.8481,0,0.458093
159.883,64.7438,129.202,10796.7,1.08722,16.848,0,0.458093
159.9,64.9983,129.202,10796.7,1.08722,16.848,0,0.458093
159.917,65.2526,129.203,10796.7,1.08722,16.8479,0,0.458093
159.933,65.5065,129.203,10796.7,1.08722,16.8479,0,0.458093
159.95,65.7602,129.203,10796.7,1.08722,16.8479,0,0.458093
159.967,66.0136,129.203,10796.8,1.08722,16.8478,0,0.458093
159.983,66.2667,129.203,10796.8,1.08722,16.8478,0,0.458093
160,66.5195,129.203,10796.8,1.08722,16.8478,0,0.458093
160.017,66.772,129.203,10796.8,1.08722,16.8477,0,0.458093
160.033,67.0242,129.203,10796.8,1.08722,16.8477,0,0.458093
160.05,67.2761,129.203,10796.9,1.08722,16.8477,0,0.458093
160.067,67.5277,129.203,10796.9,1.08722,16.8476,0,0.458093
160.083,67.779,129.203,10796.9,1.08722,16.8476,0,0.458093
160.1,68.0301,129.204,10796.9,1.08722,16.8476,0,0.458093
160.117,68.2808,129.204,10796.9,1.08722,16.8476,0,0.458093
160.133,68.5313,129.204,10796.9,1.08722,16.8475,0,0.458093
160.15,68.7814,129.204,10797,1.08722,16.8475,0,0.458093
160.167,69.0313,129.204,10797,1.08722,16.8475,0,0.458093
160.183,69.2808,129.204,10797,1.08722,16.8475,0,0.458093
160.2,69.5301,129.204,10797,1.08722,16.8474,0,0.458093
160.217,69.7791,129.204,10797,1.08722,16.8474,0,0.458093
160.233,70.0278,129.204,10797.1,1.08722,16.8474,0,0.458093
160.25,70.2761,129.204,10797.1,1.08722,16.8474,0,0.458093
160.267,70.5242,129.204,10797.1,1.08722,16.8474,0,0.458093
160.283,70.772,129.204,10797.1,1.08722,16.8474,0,0.458093
160.3,71.0195,129.204,10797.1,1.08722,16.8473,0,0.458093
160.317,71.2667,129.204,10797.2,1.08722,16.8473,0,0.458093
160.333,71.5136,129.204,10797.2,1.08722,16.8473,0,0.458093
160.35,71.7601,129.204,10797.2,1.08722,16.8473,0,0.458093
160.367,72.0064,129.204,10797.2,1.08722,16.8473,0,0.458093
160.383,72.2524,129.204,10797.2,1.08722,16.8473,0,0.458093
160.4,72.4981,129.204,10797.3,1.08722,16.8473,0,0.458093
160.417,72.7435,129.204,10797.3,1.08722,16.8473,0,0.458093
160.433,72.9886,129.204,10797.3,1.08722,16.8473,0,0.458093
160.45,73.2334,129.204,10797.3,1.08722,16.8473,0,0.458093
160.467,73.4779,129.204,10797.3,1.08722,16.8473,0,0.458093
160.483,73.7221,129.204,10797.4,1.08722,16.8473,0,0.458093
160.5,73.966,129.204,10797.4,1.08722,16.8473,0,0.458093
160.517,74.2096,129.204,10797.4,1.08722,16.8473,0,0.458093
160.533,74.4529,129.204,10797.4,1.08722,16.8473,0,0.458093
160.55,74.6959,129.204,10797.4,1.08722,16.8473,0,0.458093
160.567,74.9386,129.204,10797.5,1.08722,16.8473,0,0.458093
160.583,75.181,129.203,10797.5,1.08722,16.8473,0,0.458093
160.6,75.4231,129.203,10797.5,1.08722,16.8473,0,0.458093
160.617,75.6648,129.203,10797.5,1.08721,16.8473,0,0.458093
160.633,75.9063,129.203,10797.6,1.08721,16.8473,0,0.458093
160.65,76.1475,129.203,10797.6,1.08721,16.8473,0,0.458093
160.667,76.3884,129.203,10797.6,1.08721,16.8473,0,0.458093
160.683,76.6289,129.203,10797.6,1.08721,16.8473,0,0.458093
160.7,76.8692,129.203,10797.6,1.08721,16.8474,0,0.458093
160.717,77.1092,129.203,10797.7,1.08721,16.8474,0,0.458093
160.733,77.3488,129.203,10797.7,1.08721,16.8474,0,0.458093
160.75,77.5882,129.203,10797.7,1.08721,16.8474,0,0.458093
160.767,77.8272,129.202,10797.7,1.08721,16.8474,0,0.458093
160.783,78.066,129.202,10797.7,1.08721,16.8474,0,0.458093
160.8,78.3044,129.202,10797.8,1.08721,16.8475,0,0.458093
160.817,78.5425,129.202,10797.8,1.08721,16.8475,0,0.458093
160.833,78.7803,129.202,10797.8,1.08721,16.8475,0,0.458093
160.85,79.0178,129.202,10797.8,1.08721,16.8475,0,0.458093
160.867,79.2551,129.202,10797.9,1.08721,16.8475,0,0.458093
160.883,79.492,129.202,10797.9,1.08721,16.8476,0,0.458093
160.9,79.7285,129.201,10797.9,1.08721,16.8476,0,0.458093
160.917,79.9648,129.201,10797.9,1.08721,16.8476,0,0.458093
160.933,80.2008,129.201,10797.9,1.0872,16.8477,0,0.458093
160.95,80.4365,129.201,10798,1.0872,16.8477,0,0.458093
160.967,80.6718,129.201,10798,1.0872,16.8477,0,0.458093
160.983,80.9069,129.201,10798,1.0872,16.8477,0,0.458093
161,81.1416,129.2,10798,1.0872,16.8478,0,0.458093
161.017,81.376,129.2,10798.1,1.0872,16.8478,0,0.458093
161.033,81.6102,129.2,10798.1,1.0872,16.8478,0,0.458093
161.05,81.844,129.2,10798.1,1.0872,16.8479,0,0.458093
161.067,82.0775,129.2,10798.1,1.0872,16.8479,0,0.458093
161.083,82.3107,129.199,10798.1,1.0872,16.848,0,0.458093
161.1,82.5435,129.199,10798.2,1.0872,16.848,0,0.458093
161.117,82.7761,129.199,10798.2,1.0872,16.848,0,0.458093
161.133,83.0084,129.199,10798.2,1.0872,16.8481,0,0.458093
161.15,83.2403,129.199,10798.2,1.08719,16.8481,0,0.458093
161.167,83.4719,129.198,10798.3,1.08719,16.8482,0,0.458093
161.183,83.7032,129.198,10798.3,1.08719,16.8482,0,0.458093
161.2,83.9342,129.198,10798.3,1.08719,16.8483,0,0.458093
161.217,84.1649,129.198,10798.3,1.08719,16.8483,0,0.458093
161.233,84.3953,129.198,10798.4,1.08719,16.8483,0,0.458093
161.25,84.6254,129.197,10798.4,1.08719,16.8484,0,0.458093
161.267,84.8551,129.197,10798.4,1.08719,16.8484,0,0.458093
161.283,85.0845,129.197,10798.4,1.08719,16.8485,0,0.458093
161.3,85.3137,129.197,10798.4,1.08719,16.8486,0,0.458093
161.317,85.5425,129.196,10798.5,1.08719,16.8486,0,0.458093
161.333,85.771,129.196,10798.5,1.08718,16.8487,0,0.458093
161.35,85.9991,129.196,10798.5,1.08718,16.8487,0,0.458093
161.367,86.227,129.195,10798.5,1.08718,16.8488,0,0.458093
161.383,86.4545,129.195,10798.6,1.08718,16.8488,0,0.458093
161.4,86.6817,129.195,10798.6,1.08718,16.8489,0,0.458093
161.417,86.9086,129.195,10798.6,1.08718,16.849,0,0.458093
161.433,87.1352,129.194,10798.6,1.08718,16.849,0,0.458093
161.45,87.3615,129.194,10798.7,1.08718,16.8491,0,0.458093
161.467,87.5875,129.194,10798.7,1.08718,16.8491,0,0.458093
161.483,87.8131,129.193,10798.7,1.08717,16.8492,0,0.458093
161.5,88.0384,129.193,10798.7,1.08717,16.8493,0,0.458093
161.517,88.2634,129.193,10798.8,1.08717,16.8493,0,0.458093
161.533,88.4881,129.192,10798.8,1.08717,16.8494,0,0.458093
161.55,88.7124,129.192,10798.8,1.08717,16.8495,0,0.458093
161.567,88.9365,129.192,10798.8,1.08717,16.8495,0,0.458093
161.583,89.1602,129.192,10798.9,1.08717,16.8496,0,0.458093
161.6,89.3836,129.191,10798.9,1.08717,16.8497,0,0.458093
161.617,89.6067,129.191,10798.9,1.08717,16.8498,0,0.458093
161.633,89.8294,129.19,10798.9,1.08716,16.8498,0,0.458093
161.65,90.0519,129.19,10799,1.08716,16.8499,0,0.458093
161.667,90.274,129.19,10799,1.08716,16.85,0,0.458093
161.683,90.4958,129.189,10799,1.08716,16.8501,0,0.458093
161.7,90.7172,129.189,10799,1.08716,16.8501,0,0.458093
161.717,90.9384,129.189,10799.1,1.08716,16.8502,0,0.458093
161.733,91.1592,129.188,10799.1,1.08716,16.8503,0,0.458093
161.75,91.3797,129.188,10799.1,1.08715,16.8504,0,0.458093
161.767,91.5999,129.188,10799.1,1.08715,16.8505,0,0.458093
161.783,91.8197,129.187,10799.2,1.08715,16.8506,0,0.458093
161.8,92.0393,129.187,10799.2,1.08715,16.8506,0,0.458093
161.817,92.2585,129.186,10799.2,1.08715,16.8507,0,0.458093
161.833,92.4774,129.186,10799.2,1.08715,16.8508,0,0.458093
161.85,92.6959,129.186,10799.3,1.08715,16.8509,0,0.458093
161.867,92.9141,129.185,10799.3,1.08714,16.851,0,0.458093
161.883,93.132,129.185,10799.3,1.08714,16.8511,0,0.458093
161.9,93.3496,129.184,10799.3,1.08714,16.8512,0,0.458093
161.917,93.5669,129.184,10799.4,1.08714,16.8513,0,0.458093
161.933,93.7838,129.184,10799.4,1.08714,16.8514,0,0.458093
161.95,94.0004,129.183,10799.4,1.08714,16.8515,0,0.458093
161.967,94.2167,129.183,10799.4,1.08714,16.8516,0,0.458093
161.983,94.4326,129.182,10799.5,1.08713,16.8517,0,0.458093
162,94.6482,129.182,10799.5,1.08713,16.8518,0,0.458093
162.017,94.8635,129.181,10799.5,1.08713,16.8519,0,0.458093
162.033,95.0785,129.181,10799.5,1.08713,16.852,0,0.458093
162.05,95.2931,129.18,10799.6,1.08713,16.8521,0,0.458093
162.067,95.5074,129.18,10799.6,1.08713,16.8522,0,0.458093
162.083,95.7214,129.179,10799.6,1.08712,16.8523,0,0.458093
162.1,95.9351,129.179,10799.7,1.08712,16.8524,0,0.458093
162.117,96.1484,129.179,10799.7,1.08712,16.8525,0,0.458093
162.133,96.3614,129.178,10799.7,1.08712,16.8526,0,0.458093
162.15,96.574,129.178,10799.7,1.08712,16.8527,0,0.458093
162.167,96.7863,129.177,10799.8,1.08712,16.8528,0,0.458093
162.183,96.9983,129.177,10799.8,1.08711,16.8529,0,0.458093
162.2,97.21,129.176,10799.8,1.08711,16.853,0,0.458093
162.217,97.4213,129.176,10799.8,1.08711,16.8531,0,0.458093
162.233,97.6323,129.175,10799.9,1.08711,16.8533,0,0.458093
162.25,97.843,129.175,10799.9,1.08711,16.8534,0,0.458093
162.267,98.0533,129.174,10799.9,1.08711,16.8535,0,0.458093
162.283,98.2633,129.174,10800,1.0871,16.8536,0,0.458093
162.3,98.473,129.173,10800,1.0871,16.8537,0,0.458093
162.317,98.6823,129.173,10800,1.0871,16.8538,0,0.458093
162.333,98.8913,129.172,10800,1.0871,16.854,0,0.458093
162.35,99.1,129.171,10800.1,1.0871,16.8541,0,0.458093
162.367,99.3083,129.171,10800.1,1.08709,16.8542,0,0.458093
162.383,99.5163,129.17,10800.1,1.08709,16.8543,0,0.458093
162.4,99.724,129.17,10800.1,1.08709,16.8545,0,0.458093
162.417,99.9313,129.169,10800.2,1.08709,16.8546,0,0.458093
162.433,100.138,129.169,10800.2,1.08709,16.8547,0,0.458093
162.45,100.345,129.168,10800.2,1.08708,16.8548,0,0.458093
162.467,100.551,129.168,10800.3,1.08708,16.855,0,0.458093
162.483,100.757,129.167,10800.3,1.08708,16.8551,0,0.458093
162.5,100.963,129.166,10800.3,1.08708,16.8552,0,0.458093
162.517,101.168,129.166,10800.3,1.08708,16.8554,0,0.458093
162.533,101.373,129.165,10800.4,1.08707,16.8555,0,0.458093
162.55,101.578,129.165,10800.4,1.08707,16.8556,0,0.458093
162.567,101.782,129.164,10800.4,1.08707,16.8558,0,0.458093
162.583,101.986,129.163,10800.5,1.08707,16.8559,0,0.458093
162.6,102.19,129.163,10800.5,1.08707,16.856,0,0.458093
162.617,102.393,129.162,10800.5,1.08706,16.8562,0,0.458093
162.633,102.596,129.162,10800.5,1.08706,16.8563,0,0.458093
162.65,102.799,129.161,10800.6,1.08706,16.8565,0,0.458093
162.667,103.001,129.16,10800.6,1.08706,16.8566,0,0.458093
162.683,103.203,129.16,10800.6,1.08706,16.8568,0,0.458093
162.7,103.404,129.159,10800.7,1.08705,16.8569,0,0.458093
162.717,103.606,129.158,10800.7,1.08705,16.857,0,0.458093
162.733,103.806,129.158,10800.7,1.08705,16.8572,0,0.458093
162.75,104.007,129.157,10800.7,1.08705,16.8573,0,0.458093
162.767,104.207,129.157,10800.8,1.08704,16.8575,0,0.458093
162.783,104.407,129.156,10800.8,1.08704,16.8576,0,0.458093
162.8,104.607,129.155,10800.8,1.08704,16.8578,0,0.458093
162.817,104.806,129.155,10800.9,1.08704,16.8579,0,0.458093
162.833,105.005,129.154,10800.9,1.08704,16.8581,0,0.458093
162.85,105.203,129.153,10800.9,1.08703,16.8583,0,0.458093
162.867,105.401,129.153,10800.9,1.08703,16.8584,0,0.458093
162.883,105.599,129.152,10801,1.08703,16.8586,0,0.458093
162.9,105.797,129.151,10801,1.08703,16.8587,0,0.458093
162.917,105.994,129.151,10801,1.08702,16.8589,0,0.458093
162.933,106.19,129.15,10801.1,1.08702,16.859,0,0.458093
162.95,106.387,129.149,10801.1,1.08702,16.8592,0,0.458093
162.967,106.583,129.148,10801.1,1.08702,16.8594,0,0.458093
162.983,106.779,129.148,10801.1,1.08701,16.8595,0,0.458093
163,106.974,129.147,10801.2,1.08701,16.8597,0,0.458093
163.017,107.169,129.146,10801.2,1.08701,16.8599,0,0.458093
163.033,107.364,129.146,10801.2,1.08701,16.86,0,0.458093
163.05,107.558,129.145,10801.3,1.087,16.8602,0,0.458093
163.067,107.752,129.144,10801.3,1.087,16.8604,0,0.458093
163.083,107.946,129.143,10801.3,1.087,16.8605,0,0.458093
163.1,108.139,129.143,10801.4,1.087,16.8607,0,0.458093
163.117,108.332,129.142,10801.4,1.08699,16.8609,0,0.458093
163.133,108.525,129.141,10801.4,1.08699,16.8611,0,0.458093
163.15,108.717,129.14,10801.4,1.08699,16.8612,0,0.458093
163.167,108.909,129.14,10801.5,1.08699,16.8614,0,0.458093
163.183,109.101,129.139,10801.5,1.08698,16.8616,0,0.458093
163.2,109.292,129.138,10801.5,1.08698,16.8618,0,0.458093
163.217,109.483,129.137,10801.6,1.08698,16.8619,0,0.458093
163.233,109.673,129.137,10801.6,1.08698,16.8621,0,0.458093
163.25,109.863,129.136,10801.6,1.08697,16.8623,0,0.458093
163.267,110.053,129.135,10801.7,1.08697,16.8625,0,0.458093
163.283,110.243,129.134,10801.7,1.08697,16.8627,0,0.458093
163.3,110.432,129.133,10801.7,1.08697,16.8629,0,0.458093
163.317,110.621,129.133,10801.8,1.08696,16.863,0,0.458093
163.333,110.809,129.132,10801.8,1.08696,16.8632,0,0.458093
163.35,110.997,129.131,10801.8,1.08696,16.8634,0,0.458093
163.367,111.185,129.13,10801.8,1.08695,16.8636,0,0.458093
163.383,111.372,129.129,10801.9,1.08695,16.8638,0,0.458093
163.4,111.559,129.129,10801.9,1.08695,16.864,0,0.458093
163.417,111.746,129.128,10801.9,1.08695,16.8642,0,0.458093
163.433,111.932,129.127,10802,1.08694,16.8644,0,0.458093
163.45,112.118,129.126,10802,1.08694,16.8646,0,0.458093
163.467,112.304,129.125,10802,1.08694,16.8648,0,0.458093
163.483,112.489,129.124,10802.1,1.08693,16.865,0,0.458093
163.5,112.674,129.124,10802.1,1.08693,16.8652,0,0.458093
163.517,112.858,129.123,10802.1,1.08693,16.8654,0,0.458093
163.533,113.043,129.122,10802.2,1.08693,16.8656,0,0.458093
163.55,113.226,129.121,10802.2,1.08692,16.8658,0,0.458093
163.567,113.41,129.12,10802.2,1.08692,16.866,0,0.458093
163.583,113.593,129.119,10802.3,1.08692,16.8662,0,0.458093
163.6,113.776,129.118,10802.3,1.08691,16.8664,0,0.458093
163.617,113.958,129.118,10802.3,1.08691,16.8666,0,0.458093
163.633,114.14,129.117,10802.3,1.08691,16.8668,0,0.458093
163.65,114.322,129.116,10802.4,1.08691,16.867,0,0.458093
163.667,114.503,129.115,10802.4,1.0869,16.8672,0,0.458093
163.683,114.684,129.114,10802.4,1.0869,16.8674,0,0.458093
163.7,114.865,129.113,10802.5,1.0869,16.8676,0,0.458093
163.717,115.045,129.112,10802.5,1.08689,16.8678,0,0.458093
163.733,115.225,129.111,10802.5,1.08689,16.8681,0,0.458093
163.75,115.404,129.11,10802.6,1.08689,16.8683,0,0.458093
163.767,115.583,129.109,10802.6,1.08688,16.8685,0,0.458093
163.783,115.762,129.108,10802.6,1.08688,16.8687,0,0.458093
163.8,115.941,129.108,10802.7,1.08688,16.8689,0,0.458093
163.817,116.119,129.107,10802.7,1.08687,16.8691,0,0.458093
163.833,116.297,129.106,10802.7,1.08687,16.8694,0,0.458093
163.85,116.474,129.105,10802.8,1.08687,16.8696,0,0.458093
163.867,116.651,129.104,10802.8,1.08686,16.8698,0,0.458093
163.883,116.828,129.103,10802.8,1.08686,16.87,0,0.458093
163.9,117.004,129.102,10802.9,1.08686,16.8703,0,0.458093
163.917,117.18,129.101,10802.9,1.08686,16.8705,0,0.458093
163.933,117.355,129.1,10802.9,1.08685,16.8707,0,0.458093
163.95,117.53,129.099,10803,1.08685,16.8709,0,0.458093
163.967,117.705,129.098,10803,1.08685,16.8712,0,0.458093
163.983,117.88,129.097,10803,1.08684,16.8714,0,0.458093
164,118.054,129.096,10803.1,1.08684,16.8716,0,0.458093
164.017,118.228,129.095,10803.1,1.08684,16.8719,0,0.458093
164.033,118.401,129.094,10803.1,1.08683,16.8721,0,0.458093
164.05,118.574,129.093,10803.2,1.08683,16.8723,0,0.458093
164.067,118.747,129.092,10803.2,1.08683,16.8726,0,0.458093
164.083,118.919,129.091,10803.2,1.08682,16.8728,0,0.458093
164.1,119.091,129.09,10803.3,1.08682,16.873,0,0.458093
164.117,119.262,129.089,10803.3,1.08682,16.8733,0,0.458093
164.133,119.434,129.088,10803.3,1.08681,16.8735,0,0.458093
164.15,119.604,129.087,10803.4,1.08681,16.8738,0,0.458093
164.167,119.775,129.086,10803.4,1.08681,16.874,0,0.458093
164.183,119.945,129.085,10803.4,1.0868,16.8743,0,0.458093
164.2,120.115,129.084,10803.5,1.0868,16.8745,0,0.458093
164.217,120.284,129.083,10803.5,1.08679,16.8747,0,0.458093
164.233,120.453,129.082,10803.5,1.08679,16.875,0,0.458093
164.25,120.622,129.081,10803.6,1.08679,16.8752,0,0.458093
164.267,120.79,129.08,10803.6,1.08678,16.8755,0,0.458093
164.283,120.958,129.079,10803.6,1.08678,16.8757,0,0.458093
164.3,121.125,129.078,10803.7,1.08678,16.876,0,0.458093
164.317,121.292,129.077,10803.7,1.08677,16.8762,0,0.458093
164.333,121.459,129.076,10803.7,1.08677,16.8765,0,0.458093
164.35,121.626,129.074,10803.8,1.08677,16.8768,0,0.458093
164.367,121.792,129.073,10803.8,1.08676,16.877,0,0.458093
164.383,121.957,129.072,10803.8,1.08676,16.8773,0,0.458093
164.4,122.123,129.071,10803.9,1.08676,16.8775,0,0.458093
164.417,122.287,129.07,10803.9,1.08675,16.8778,0,0.458093
164.433,122.452,129.069,10803.9,1.08675,16.878,0,0.458093
164.45,122.616,129.068,10804,1.08674,16.8783,0,0.458093
164.467,122.78,129.067,10804,1.08674,16.8786,0,0.458093
164.483,122.943,129.066,10804,1.08674,16.8788,0,0.458093
164.5,123.107,129.065,10804.1,1.08673,16.8791,0,0.458093
164.517,123.269,129.063,10804.1,1.08673,16.8794,0,0.458093
164.533,123.432,129.062,10804.1,1.08673,16.8796,0,0.458093
164.55,123.593,129.061,10804.2,1.08672,16.8799,0,0.458093
164.567,123.755,129.06,10804.2,1.08672,16.8802,0,0.458093
164.583,123.916,129.059,10804.2,1.08671,16.8804,0,0.458093
164.6,124.077,129.058,10804.3,1.08671,16.8807,0,0.458093
164.617,124.238,129.057,10804.3,1.08671,16.881,0,0.458093
164.633,124.398,129.055,10804.3,1.0867,16.8813,0,0.458093
164.65,124.557,129.054,10804.4,1.0867,16.8815,0,0.458093
164.667,124.717,129.053,10804.4,1.08669,16.8818,0,0.458093
164.683,124.876,129.052,10804.4,1.08669,16.8821,0,0.458093
164.7,125.034,129.051,10804.5,1.08669,16.8824,0,0.458093
164.717,125.192,129.05,10804.5,1.08668,16.8826,0,0.458093
164.733,125.35,129.048,10804.5,1.08668,16.8829,0,0.458093
164.75,125.508,129.047,10804.6,1.08668,16.8832,0,0.458093
164.767,125.665,129.046,10804.6,1.08667,16.8835,0,0.458093
164.783,125.821,129.045,10804.6,1.08667,16.8838,0,0.458093
164.8,125.978,129.044,10804.7,1.08666,16.884,0,0.458093
164.817,126.134,129.043,10804.7,1.08666,16.8843,0,0.458093
164.833,126.289,129.041,10804.8,1.08666,16.8846,0,0.458093
164.85,126.444,129.04,10804.8,1.08665,16.8849,0,0.458093
164.867,126.599,129.039,10804.8,1.08665,16.8852,0,0.458093
164.883,126.754,129.038,10804.9,1.08664,16.8855,0,0.458093
164.9,126.908,129.036,10804.9,1.08664,16.8858,0,0.458093
164.917,127.061,129.035,10804.9,1.08663,16.8861,0,0.458093
164.933,127.215,129.034,10805,1.08663,16.8864,0,0.458093
164.95,127.368,129.033,10805,1.08663,16.8867,0,0.458093
164.967,127.52,129.032,10805,1.08662,16.887,0,0.458093
164.983,127.672,129.03,10805.1,1.08662,16.8873,0,0.458093
165,127.824,129.029,10805.1,1.08661,16.8875,0,0.458093
165.017,127.976,129.028,10805.1,1.08661,16.8878,0,0.458093
165.033,128.127,129.027,10805.2,1.08661,16.8881,0,0.458093
165.05,128.277,129.025,10805.2,1.0866,16.8884,0,0.458093
165.067,128.427,129.024,10805.3,1.0866,16.8888,0,0.458093
165.083,128.577,129.023,10805.3,1.08659,16.8891,0,0.458093
165.1,128.727,129.021,10805.3,1.08659,16.8894,0,0.458093
165.117,128.876,129.02,10805.4,1.08658,16.8897,0,0.458093
165.133,129.025,129.019,10805.4,1.08658,16.89,0,0.458093
165.15,129.173,129.018,10805.4,1.08658,16.8903,0,0.458093
165.167,129.321,129.016,10805.5,1.08657,16.8906,0,0.458093
165.183,129.469,129.015,10805.5,1.08657,16.8909,0,0.458093
165.2,129.616,129.014,10805.5,1.08656,16.8912,0,0.458093
165.217,129.763,129.012,10805.6,1.08656,16.8915,0,0.458093
165.233,129.909,129.011,10805.6,1.08655,16.8918,0,0.458093
165.25,130.055,129.01,10805.6,1.08655,16.8922,0,0.458093
165.267,130.201,129.008,10805.7,1.08655,16.8925,0,0.458093
165.283,130.346,129.007,10805.7,1.08654,16.8928,0,0.458093
165.3,130.491,129.006,10805.8,1.08654,16.8931,0,0.458093
165.317,130.635,129.004,10805.8,1.08653,16.8934,0,0.458093
165.333,130.78,129.003,10805.8,1.08653,16.8937,0,0.458093
165.35,130.923,129.002,10805.9,1.08652,16.8941,0,0.458093
165.367,131.067,129,10805.9,1.08652,16.8944,0,0.458093
165.383,131.21,128.999,10805.9,1.08651,16.8947,0,0.458093
165.4,131.352,128.998,10806,1.08651,16.895,0,0.458093
165.417,131.494,128.996,10806,1.08651,16.8954,0,0.458093
165.433,131.636,128.995,10806,1.0865,16.8957,0,0.458093
165.45,131.778,128.994,10806.1,1.0865,16.896,0,0.458093
165.467,131.919,128.992,10806.1,1.08649,16.8963,0,0.458093
165.483,132.059,128.991,10806.2,1.08649,16.8967,0,0.458093
165.5,132.2,128.99,10806.2,1.08648,16.897,0,0.458093
165.517,132.339,128.988,10806.2,1.08648,16.8973,0,0.458093
165.533,132.479,128.987,10806.3,1.08647,16.8977,0,0.458093
165.55,132.618,128.985,10806.3,1.08647,16.898,0,0.458093
165.567,132.757,128.984,10806.3,1.08646,16.8983,0,0.458093
165.583,132.895,128.983,10806.4,1.08646,16.8987,0,0.458093
165.6,133.033,128.981,10806.4,1.08645,16.899,0,0.458093
165.617,133.17,128.98,10806.4,1.08645,16.8993,0,0.458093
165.633,133.308,128.978,10806.5,1.08645,16.8997,0,0.458093
165.65,133.444,128.977,10806.5,1.08644,16.9,0,0.458093
165.667,133.581,128.975,10806.6,1.08644,16.9004,0,0.458093
165.683,133.717,128.974,10806.6,1.08643,16.9007,0,0.458093
165.7,133.852,128.973,10806.6,1.08643,16.9011,0,0.458093
165.717,133.987,128.971,10806.7,1.08642,16.9014,0,0.458093
165.733,134.122,128.97,10806.7,1.08642,16.9017,0,0.458093
165.75,134.257,128.968,10806.7,1.08641,16.9021,0,0.458093
165.767,134.391,128.967,10806.8,1.08641,16.9024,0,0.458093
165.783,134.524,128.965,10806.8,1.0864,16.9028,0,0.458093
165.8,134.658,128.964,10806.9,1.0864,16.9031,0,0.458093
165.817,134.79,128.962,10806.9,1.08639,16.9035,0,0.458093
165.833,134.923,128.961,10806.9,1.08639,16.9039,0,0.458093
165.85,135.055,128.959,10807,1.08638,16.9042,0,0.458093
165.867,135.187,128.958,10807,1.08638,16.9046,0,0.458093
165.883,135.318,128.957,10807,1.08637,16.9049,0,0.458093
165.9,135.449,128.955,10807.1,1.08637,16.9053,0,0.458093
165.917,135.579,128.954,10807.1,1.08636,16.9056,0,0.458093
165.933,135.709,128.952,10807.2,1.08636,16.906,0,0.458093
165.95,135.839,128.951,10807.2,1.08635,16.9064,0,0.458093
165.967,135.968,128.949,10807.2,1.08635,16.9067,0,0.458093
165.983,136.097,128.948,10807.3,1.08634,16.9071,0,0.458093
166,136.226,128.946,10807.3,1.08634,16.9074,0,0.458093
166.017,136.354,128.944,10807.3,1.08633,16.9078,0,0.458093
166.033,136.481,128.943,10807.4,1.08633,16.9082,0,0.458093
166.05,136.609,128.941,10807.4,1.08632,16.9085,0,0.458093
166.067,136.736,128.94,10807.5,1.08632,16.9089,0,0.458093
166.083,136.862,128.938,10807.5,1.08631,16.9093,0,0.458093
166.1,136.988,128.937,10807.5,1.08631,16.9096,0,0.458093
166.117,137.114,128.935,10807.6,1.0863,16.91,0,0.458093
166.133,137.239,128.934,10807.6,1.0863,16.9104,0,0.458093
166.15,137.364,128.932,10807.7,1.08629,16.9108,0,0.458093
166.167,137.489,128.931,10807.7,1.08629,16.9111,0,0.458093
166.183,137.613,128.929,10807.7,1.08628,16.9115,0,0.458093
166.2,137.737,128.927,10807.8,1.08628,16.9119,0,0.458093
166.217,137.86,128.926,10807.8,1.08627,16.9123,0,0.458093
166.233,137.983,128.924,10807.8,1.08627,16.9127,0,0.458093
166.25,138.106,128.923,10807.9,1.08626,16.913,0,0.458093
166.267,138.228,128.921,10807.9,1.08626,16.9134,0,0.458093
166.283,138.349,128.92,10808,1.08625,16.9138,0,0.458093
166.3,138.471,128.918,10808,1.08625,16.9142,0,0.458093
166.317,138.592,128.916,10808,1.08624,16.9146,0,0.458093
166.333,138.712,128.915,10808.1,1.08623,16.915,0,0.458093
166.35,138.832,128.913,10808.1,1.08623,16.9153,0,0.458093
166.367,138.952,128.912,10808.2,1.08622,16.9157,0,0.458093
166.383,139.072,128.91,10808.2,1.08622,16.9161,0,0.458093
166.4,139.191,128.908,10808.2,1.08621,16.9165,0,0.458093
166.417,139.309,128.907,10808.3,1.08621,16.9169,0,0.458093
166.433,139.427,128.905,10808.3,1.0862,16.9173,0,0.458093
166.45,139.545,128.903,10808.3,1.0862,16.9177,0,0.458093
166.467,139.662,128.902,10808.4,1.08619,16.9181,0,0.458093
166.483,139.779,128.9,10808.4,1.08619,16.9185,0,0.458093
166.5,139.896,128.899,10808.5,1.08618,16.9189,0,0.458093
166.517,140.012,128.897,10808.5,1.08618,16.9193,0,0.458093
166.533,140.128,128.895,10808.5,1.08617,16.9197,0,0.458093
166.55,140.243,128.894,10808.6,1.08616,16.9201,0,0.458093
166.567,140.358,128.892,10808.6,1.08616,16.9205,0,0.458093
166.583,140.472,128.89,10808.7,1.08615,16.9209,0,0.458093
166.6,140.587,128.889,10808.7,1.08615,16.9213,0,0.458093
166.617,140.7,128.887,10808.7,1.08614,16.9217,0,0.458093
166.633,140.814,128.885,10808.8,1.08614,16.9221,0,0.458093
166.65,140.927,128.884,10808.8,1.08613,16.9225,0,0.458093
166.667,141.039,128.882,10808.9,1.08613,16.9229,0,0.458093
166.683,141.151,128.88,10808.9,1.08612,16.9233,0,0.458093
166.7,141.263,128.878,10808.9,1.08611,16.9237,0,0.458093
166.717,141.374,128.877,10809,1.08611,16.9241,0,0.458093
166.733,141.485,128.875,10809,1.0861,16.9245,0,0.458093
166.75,141.595,128.873,10809,1.0861,16.925,0,0.458093
166.767,141.706,128.872,10809.1,1.08609,16.9254,0,0.458093
166.783,141.815,128.87,10809.1,1.08609,16.9258,0,0.458093
166.8,141.924,128.868,10809.2,1.08608,16.9262,0,0.458093
166.817,142.033,128.866,10809.2,1.08608,16.9266,0,0.458093
166.833,142.142,128.865,10809.2,1.08607,16.927,0,0.458093
166.85,142.25,128.863,10809.3,1.08606,16.9275,0,0.458093
166.867,142.357,128.861,10809.3,1.08606,16.9279,0,0.458093
166.883,142.465,128.859,10809.4,1.08605,16.9283,0,0.458093
166.9,142.571,128.858,10809.4,1.08605,16.9287,0,0.458093
166.917,142.678,128.856,10809.4,1.08604,16.9291,0,0.458093
166.933,142.784,128.854,10809.5,1.08603,16.9296,0,0.458093
166.95,142.889,128.852,10809.5,1.08603,16.93,0,0.458093
166.967,142.995,128.851,10809.6,1.08602,16.9304,0,0.458093
166.983,143.099,128.849,10809.6,1.08602,16.9309,0,0.458093
167,143.204,128.847,10809.6,1.08601,16.9313,0,0.458093
167.017,143.308,128.845,10809.7,1.08601,16.9317,0,0.458093
167.033,143.411,128.844,10809.7,1.086,16.9321,0,0.458093
167.05,143.514,128.842,10809.8,1.08599,16.9326,0,0.458093
167.067,143.617,128.84,10809.8,1.08599,16.933,0,0.458093
167.083,143.72,128.838,10809.8,1.08598,16.9334,0,0.458093
167.1,143.821,128.836,10809.9,1.08598,16.9339,0,0.458093
167.117,143.923,128.835,10809.9,1.08597,16.9343,0,0.458093
167.133,144.024,128.833,10810,1.08596,16.9348,0,0.458093
167.15,144.125,128.831,10810,1.08596,16.9352,0,0.458093
167.167,144.225,128.829,10810,1.08595,16.9356,0,0.458093
167.183,144.325,128.827,10810.1,1.08595,16.9361,0,0.458093
167.2,144.424,128.825,10810.1,1.08594,16.9365,0,0.458093
167.217,144.523,128.824,10810.2,1.08593,16.937,0,0.458093
167.233,144.622,128.822,10810.2,1.08593,16.9374,0,0.458093
167.25,144.72,128.82,10810.2,1.08592,16.9379,0,0.458093
167.267,144.818,128.818,10810.3,1.08592,16.9383,0,0.458093
167.283,144.915,128.816,10810.3,1.08591,16.9388,0,0.458093
167.3,143.883,128.814,10810.4,0.0936608,16.9401,0,0.458093
167.317,141.814,128.813,10810.4,1.08596,16.941,0,0.458093
167.333,140.008,128.811,10810.4,1.08596,16.9415,0,0.458093
167.35,138.354,128.809,10810.5,1.08596,16.9421,0,0.458093
167.367,136.841,128.807,10810.5,1.08596,16.9426,0,0.458093
167.383,135.457,128.806,10810.6,1.08596,16.9431,0,0.458093
167.4,134.193,128.804,10810.6,1.08596,16.9436,0,0.458093
167.417,133.038,128.802,10810.6,1.08596,16.9441,0,0.458093
167.433,131.984,128.801,10810.7,1.08596,16.9446,0,0.458093
167.45,131.023,128.799,10810.7,1.08596,16.9451,0,0.458093
167.467,130.148,128.797,10810.7,1.08596,16.9456,0,0.458093
167.483,129.351,128.796,10810.8,1.08596,16.9461,0,0.458093
167.5,128.626,128.794,10810.8,1.08596,16.9465,0,0.458093
167.517,127.968,128.792,10810.8,1.08595,16.947,0,0.458093
167.533,127.334,128.791,10810.9,0.0936991,16.9475,0,0.458093
167.55,126.305,128.789,10810.9,1.08596,16.9482,0,0.458093
167.567,125.425,128.788,10811,1.08596,16.9487,0,0.458093
167.583,124.624,128.786,10811,1.08596,16.9491,0,0.458093
167.6,123.473,128.784,10811,0.0937105,16.95,0,0.458093
167.617,121.457,128.783,10811.1,1.086,16.9509,0,0.458093
167.633,119.701,128.781,10811.1,1.086,16.9514,0,0.458093
167.65,118.095,128.78,10811.1,1.08601,16.9519,0,0.458093
167.667,116.627,128.779,10811.2,1.08601,16.9524,0,0.458093
167.683,115.286,128.777,10811.2,1.08601,16.9528,0,0.458093
167.7,114.062,128.776,10811.2,1.08601,16.9533,0,0.458093
167.717,112.946,128.774,10811.2,1.08601,16.9538,0,0.458093
167.733,111.929,128.773,10811.3,1.08602,16.9542,0,0.458093
167.75,111.003,128.772,10811.3,1.08602,16.9547,0,0.458093
167.767,110.161,128.77,10811.3,1.08602,16.9551,0,0.458093
167.783,109.397,128.769,10811.4,1.08602,16.9556,0,0.458093
167.8,108.703,128.768,10811.4,1.08602,16.956,0,0.458093
167.817,108.075,128.766,10811.4,1.08602,16.9564,0,0.458093
167.833,107.508,128.765,10811.5,1.08602,16.9568,0,0.458093
167.85,106.995,128.764,10811.5,1.08602,16.9572,0,0.458093
167.867,106.534,128.762,10811.5,1.08603,16.9576,0,0.458093
167.883,106.12,128.761,10811.6,1.08603,16.9581,0,0.458093
167.9,105.749,128.76,10811.6,1.08603,16.9585,0,0.458093
167.917,105.418,128.759,10811.6,1.08603,16.9589,0,0.458093
167.933,105.124,128.757,10811.6,1.08603,16.9592,0,0.458093
167.95,104.864,128.756,10811.7,1.08603,16.9596,0,0.458093
167.967,104.634,128.755,10811.7,1.08603,16.96,0,0.458093
167.983,104.434,128.754,10811.7,1.08603,16.9604,0,0.458093
168,104.259,128.752,10811.8,1.08603,16.9608,0,0.458093
168.017,104.109,128.751,10811.8,1.08603,16.9612,0,0.458093
168.033,103.241,128.75,10811.8,0.093772,16.9622,0,0.458093
168.05,101.372,128.748,10811.8,1.08608,16.963,0,0.458093
168.067,99.7526,128.747,10811.9,1.08608,16.9634,0,0.458093
168.083,98.2737,128.746,10811.9,1.08608,16.9638,0,0.458093
168.1,96.9246,128.745,10811.9,1.08609,16.9643,0,0.458093
168.117,95.6949,128.744,10812,1.08609,16.9647,0,0.458093
168.133,94.5751,128.743,10812,1.08609,16.9651,0,0.458093
168.15,93.5565,128.742,10812,1.08609,16.9655,0,0.458093
168.167,92.6309,128.74,10812,1.0861,16.9659,0,0.458093
168.183,91.7911,128.739,10812.1,1.0861,16.9662,0,0.458093
168.2,91.0303,128.738,10812.1,1.0861,16.9666,0,0.458093
168.217,90.342,128.737,10812.1,1.0861,16.967,0,0.458093
168.233,89.7207,128.736,10812.1,1.08611,16.9673,0,0.458093
168.25,89.1609,128.735,10812.2,1.08611,16.9677,0,0.458093
168.267,88.6579,128.734,10812.2,1.08611,16.968,0,0.458093
168.283,88.207,128.733,10812.2,1.08611,16.9684,0,0.458093
168.3,87.8042,128.732,10812.2,1.08611,16.9687,0,0.458093
168.317,87.4457,128.731,10812.3,1.08611,16.969,0,0.458093
168.333,87.128,128.73,10812.3,1.08611,16.9694,0,0.458093
168.35,86.8478,128.729,10812.3,1.08611,16.9697,0,0.458093
168.367,86.6022,128.728,10812.3,1.08612,16.97,0,0.458093
168.383,86.3884,128.727,10812.4,1.08612,16.9703,0,0.458093
168.4,86.2039,128.726,10812.4,1.08612,16.9707,0,0.458093
168.417,86.0465,128.725,10812.4,1.08612,16.971,0,0.458093
168.433,85.914,128.724,10812.4,1.08612,16.9713,0,0.458093
168.45,85.8044,128.723,10812.4,1.08612,16.9716,0,0.458093
168.467,85.7159,128.722,10812.5,1.08612,16.9719,0,0.458093
168.483,85.6469,128.721,10812.5,1.08612,16.9722,0,0.458093
168.5,85.5958,128.72,10812.5,1.08611,16.9725,0,0.458093
168.517,85.5612,128.719,10812.5,1.08611,16.9728,0,0.458093
168.533,85.5419,128.718,10812.6,1.08611,16.9731,0,0.458093
168.55,85.5365,128.717,10812.6,1.08611,16.9734,0,0.458093
168.567,85.5441,128.716,10812.6,1.08611,16.9736,0,0.458093
168.583,85.5636,128.715,10812.6,1.08611,16.9739,0,0.458093
168.6,85.5941,128.714,10812.7,1.08611,16.9742,0,0.458093
168.617,85.6347,128.713,10812.7,1.08611,16.9745,0,0.458093
168.633,85.6847,128.712,10812.7,1.08611,16.9748,0,0.458093
168.65,85.7432,128.711,10812.7,1.0861,16.975,0,0.458093
168.667,85.8096,128.71,10812.8,1.0861,16.9753,0,0.458093
168.683,85.8833,128.709,10812.8,1.0861,16.9756,0,0.458093
168.7,84.379,128.708,10812.8,0.0938472,16.977,0,0.458093
168.717,81.906,128.707,10812.8,1.08618,16.9777,0,0.458093
168.733,79.7329,128.706,10812.8,1.08618,16.9781,0,0.458093
168.75,77.7477,128.705,10812.9,1.08618,16.9785,0,0.458093
168.767,75.9354,128.704,10812.9,1.08619,16.9788,0,0.458093
168.783,74.2822,128.703,10812.9,1.08619,16.9791,0,0.458093
168.8,72.7756,128.702,10812.9,1.08619,16.9795,0,0.458093
168.817,71.4037,128.701,10813,1.0862,16.9798,0,0.458093
168.833,70.1558,128.701,10813,1.0862,16.9801,0,0.458093
168.85,69.0222,128.7,10813,1.0862,16.9804,0,0.458093
168.867,67.9937,128.699,10813,1.08621,16.9807,0,0.458093
168.883,67.062,128.698,10813,1.08621,16.9809,0,0.458093
168.9,66.2193,128.698,10813,1.08621,16.9812,0,0.458093
168.917,65.4587,128.697,10813.1,1.08621,16.9815,0,0.458093
168.933,64.7735,128.696,10813.1,1.08621,16.9817,0,0.458093
168.95,64.1579,128.695,10813.1,1.08622,16.982,0,0.458093
168.967,63.6063,128.695,10813.1,1.08622,16.9822,0,0.458093
168.983,63.1135,128.694,10813.1,1.08622,16.9824,0,0.458093
169,62.6751,128.693,10813.2,1.08622,16.9827,0,0.458093
169.017,62.2865,128.693,10813.2,1.08622,16.9829,0,0.458093
169.033,61.944,128.692,10813.2,1.08622,16.9831,0,0.458093
169.05,61.6439,128.691,10813.2,1.08622,16.9833,0,0.458093
169.067,61.3827,128.691,10813.2,1.08623,16.9835,0,0.458093
169.083,61.1575,128.69,10813.2,1.08623,16.9838,0,0.458093
169.1,60.9654,128.69,10813.3,1.08623,16.984,0,0.458093
169.117,60.8038,128.689,10813.3,1.08623,16.9842,0,0.458093
169.133,60.6702,128.688,10813.3,1.08623,16.9844,0,0.458093
169.15,60.5625,128.688,10813.3,1.08623,16.9845,0,0.458093
169.167,60.4787,128.687,10813.3,1.08623,16.9847,0,0.458093
169.183,60.4167,128.686,10813.3,1.08623,16.9849,0,0.458093
169.2,60.375,128.686,10813.4,1.08623,16.9851,0,0.458093
169.217,60.3519,128.685,10813.4,1.08623,16.9853,0,0.458093
169.233,60.346,128.684,10813.4,1.08623,16.9855,0,0.458093
169.25,60.3559,128.684,10813.4,1.08622,16.9856,0,0.458093
169.267,60.3804,128.683,10813.4,1.08622,16.9858,0,0.458093
169.283,60.4182,128.683,10813.4,1.08622,16.986,0,0.458093
169.3,60.4685,128.682,10813.5,1.08622,16.9862,0,0.458093
169.317,60.5301,128.681,10813.5,1.08622,16.9863,0,0.458093
169.333,60.6023,128.681,10813.5,1.08622,16.9865,0,0.458093
169.35,60.6841,128.68,10813.5,1.08622,16.9867,0,0.458093
169.367,60.7749,128.679,10813.5,1.08622,16.9868,0,0.458093
169.383,60.8738,128.679,10813.5,1.08621,16.987,0,0.458093
169.4,60.9804,128.678,10813.6,1.08621,16.9871,0,0.458093
169.417,61.0939,128.677,10813.6,1.08621,16.9873,0,0.458093
169.433,61.2138,128.677,10813.6,1.08621,16.9874,0,0.458093
169.45,61.3397,128.676,10813.6,1.0862,16.9876,0,0.458093
169.467,61.471,128.675,10813.6,1.0862,16.9878,0,0.458093
169.483,61.6073,128.675,10813.6,1.0862,16.9879,0,0.458093
169.5,61.7483,128.674,10813.7,1.0862,16.9881,0,0.458093
169.517,61.8935,128.673,10813.7,1.08619,16.9882,0,0.458093
169.533,62.0427,128.673,10813.7,1.08619,16.9884,0,0.458093
169.55,62.1954,128.672,10813.7,1.08619,16.9885,0,0.458093
169.567,62.3515,128.671,10813.7,1.08619,16.9886,0,0.458093
169.583,62.5107,128.671,10813.7,1.08618,16.9888,0,0.458093
169.6,62.6726,128.67,10813.8,1.08618,16.9889,0,0.458093
169.617,62.8371,128.669,10813.8,1.08618,16.9891,0,0.458093
169.633,63.004,128.668,10813.8,1.08617,16.9892,0,0.458093
169.65,61.5888,128.668,10813.8,0.0939161,16.9905,0,0.458093
169.667,59.2013,128.667,10813.8,1.08624,16.9911,0,0.458093
169.683,57.1096,128.666,10813.9,1.08625,16.9913,0,0.458093
169.7,55.2022,128.666,10813.9,1.08625,16.9916,0,0.458093
169.717,53.4643,128.665,10813.9,1.08625,16.9918,0,0.458093
169.733,51.8823,128.665,10813.9,1.08625,16.992,0,0.458093
169.75,50.444,128.664,10813.9,1.08625,16.9922,0,0.458093
169.767,49.1377,128.664,10813.9,1.08626,16.9924,0,0.458093
169.783,47.953,128.663,10813.9,1.08626,16.9925,0,0.458093
169.8,46.8802,128.663,10814,1.08626,16.9927,0,0.458093
169.817,45.9105,128.662,10814,1.08626,16.9929,0,0.458093
169.833,45.0355,128.662,10814,1.08626,16.993,0,0.458093
169.85,44.2478,128.661,10814,1.08626,16.9932,0,0.458093
169.867,43.5404,128.661,10814,1.08627,16.9933,0,0.458093
169.883,42.9069,128.661,10814,1.08627,16.9934,0,0.458093
169.9,42.3414,128.66,10814,1.08627,16.9936,0,0.458093
169.917,41.8386,128.66,10814,1.08627,16.9937,0,0.458093
169.933,41.3935,128.66,10814,1.08627,16.9938,0,0.458093
169.95,41.0014,128.659,10814.1,1.08627,16.9939,0,0.458093
169.967,40.6582,128.659,10814.1,1.08627,16.994,0,0.458093
169.983,40.36,128.659,10814.1,1.08627,16.9941,0,0.458093
170,40.1033,128.658,10814.1,1.08627,16.9942,0,0.458093
170.017,39.8846,128.658,10814.1,1.08627,16.9943,0,0.458093
170.033,39.7011,128.658,10814.1,1.08627,16.9944,0,0.458093
170.05,39.5498,128.657,10814.1,1.08627,16.9945,0,0.458093
170.067,39.4284,128.657,10814.1,1.08627,16.9946,0,0.458093
170.083,39.3343,128.657,10814.1,1.08627,16.9946,0,0.458093
170.1,39.2655,128.656,10814.2,1.08627,16.9947,0,0.458093
170.117,39.2199,128.656,10814.2,1.08627,16.9948,0,0.458093
170.133,39.1957,128.656,10814.2,1.08627,16.9949,0,0.458093
170.15,39.1912,128.655,10814.2,1.08626,16.9949,0,0.458093
170.167,39.2049,128.655,10814.2,1.08626,16.995,0,0.458093
170.183,39.2352,128.655,10814.2,1.08626,16.9951,0,0.458093
170.2,39.281,128.654,10814.2,1.08626,16.9951,0,0.458093
170.217,39.3409,128.654,10814.2,1.08626,16.9952,0,0.458093
170.233,39.4138,128.654,10814.2,1.08626,16.9953,0,0.458093
170.25,39.4987,128.653,10814.3,1.08626,16.9953,0,0.458093
170.267,39.5947,128.653,10814.3,1.08625,16.9954,0,0.458093
170.283,39.7009,128.653,10814.3,1.08625,16.9954,0,0.458093
170.3,39.8164,128.652,10814.3,1.08625,16.9955,0,0.458093
170.317,39.9406,128.652,10814.3,1.08625,16.9955,0,0.458093
170.333,40.0727,128.652,10814.3,1.08625,16.9956,0,0.458093
170.35,40.2121,128.651,10814.3,1.08624,16.9956,0,0.458093
170.367,40.3582,128.651,10814.3,1.08624,16.9957,0,0.458093
170.383,40.5105,128.651,10814.3,1.08624,16.9957,0,0.458093
170.4,40.6686,128.65,10814.4,1.08624,16.9958,0,0.458093
170.417,40.8318,128.65,10814.4,1.08623,16.9958,0,0.458093
170.433,40.9999,128.65,10814.4,1.08623,16.9959,0,0.458093
170.45,41.1724,128.649,10814.4,1.08623,16.9959,0,0.458093
170.467,41.3489,128.649,10814.4,1.08622,16.996,0,0.458093
170.483,41.5292,128.649,10814.4,1.08622,16.996,0,0.458093
170.5,41.713,128.648,10814.4,1.08622,16.9961,0,0.458093
170.517,41.8999,128.648,10814.4,1.08621,16.9961,0,0.458093
170.533,42.0897,128.648,10814.4,1.08621,16.9961,0,0.458093
170.55,42.2457,128.647,10814.5,0.0939468,16.9962,0,0.458093
170.567,41.9521,128.647,10814.5,1.08622,16.9965,0,0.458093
170.583,41.7586,128.646,10814.5,1.08621,16.9965,0,0.458093
170.6,41.5986,128.646,10814.5,1.08621,16.9966,0,0.458093
170.617,40.7292,128.646,10814.5,0.0939511,16.9972,0,0.458093
170.633,38.8685,128.645,10814.5,1.08626,16.9977,0,0.458093
170.65,37.2636,128.645,10814.5,1.08626,16.9978,0,0.458093
170.667,35.8059,128.645,10814.5,1.08626,16.9979,0,0.458093
170.683,34.4838,128.645,10814.5,1.08626,16.998,0,0.458093
170.7,33.2864,128.644,10814.6,1.08626,16.9981,0,0.458093
170.717,32.2037,128.644,10814.6,1.08626,16.9982,0,0.458093
170.733,31.2267,128.644,10814.6,1.08626,16.9983,0,0.458093
170.75,30.3469,128.644,10814.6,1.08626,16.9983,0,0.458093
170.767,29.5565,128.643,10814.6,1.08627,16.9984,0,0.458093
170.783,28.8485,128.643,10814.6,1.08627,16.9984,0,0.458093
170.8,28.2162,128.643,10814.6,1.08627,16.9985,0,0.458093
170.817,27.6537,128.643,10814.6,1.08627,16.9985,0,0.458093
170.833,27.1553,128.643,10814.6,1.08627,16.9986,0,0.458093
170.85,26.716,128.643,10814.6,1.08627,16.9986,0,0.458093
170.867,26.3311,128.643,10814.6,1.08627,16.9986,0,0.458093
170.883,25.9962,128.643,10814.6,1.08627,16.9986,0,0.458093
170.9,25.7073,128.643,10814.7,1.08627,16.9987,0,0.458093
170.917,25.4608,128.642,10814.7,1.08627,16.9987,0,0.458093
170.933,25.2534,128.642,10814.7,1.08627,16.9987,0,0.458093
170.95,25.0818,128.642,10814.7,1.08627,16.9987,0,0.458093
170.967,24.9434,128.642,10814.7,1.08626,16.9987,0,0.458093
170.983,24.8353,128.642,10814.7,1.08626,16.9987,0,0.458093
171,24.7552,128.642,10814.7,1.08626,16.9987,0,0.458093
171.017,24.701,128.642,10814.7,1.08626,16.9987,0,0.458093
171.033,24.6704,128.642,10814.7,1.08626,16.9987,0,0.458093
171.05,24.6617,128.642,10814.7,1.08626,16.9987,0,0.458093
171.067,24.6731,128.642,10814.7,1.08626,16.9987,0,0.458093
171.083,24.703,128.642,10814.7,1.08626,16.9987,0,0.458093
171.1,24.7499,128.642,10814.7,1.08626,16.9987,0,0.458093
171.117,24.8124,128.641,10814.7,1.08625,16.9986,0,0.458093
171.133,24.8894,128.641,10814.8,1.08625,16.9986,0,0.458093
171.15,24.9797,128.641,10814.8,1.08625,16.9986,0,0.458093
171.167,25.0822,128.641,10814.8,1.08625,16.9986,0,0.458093
171.183,25.1959,128.641,10814.8,1.08625,16.9986,0,0.458093
171.2,25.32,128.641,10814.8,1.08625,16.9985,0,0.458093
171.217,25.4536,128.641,10814.8,1.08624,16.9985,0,0.458093
171.233,25.5959,128.641,10814.8,1.08624,16.9985,0,0.458093
171.25,25.7463,128.641,10814.8,1.08624,16.9985,0,0.458093
171.267,25.9041,128.641,10814.8,1.08624,16.9984,0,0.458093
171.283,26.0686,128.641,10814.8,1.08623,16.9984,0,0.458093
171.3,26.2395,128.641,10814.8,1.08623,16.9984,0,0.458093
171.317,26.4161,128.64,10814.8,1.08623,16.9984,0,0.458093
171.333,26.5979,128.64,10814.8,1.08623,16.9983,0,0.458093
171.35,26.7847,128.64,10814.8,1.08622,16.9983,0,0.458093
171.367,26.9759,128.64,10814.9,1.08622,16.9983,0,0.458093
171.383,26.044,128.64,10814.9,0.0939616,16.9991,0,0.458093
171.4,24.0821,128.64,10814.9,1.08628,16.9995,0,0.458093
171.417,22.3855,128.64,10814.9,1.08628,16.9996,0,0.458093
171.433,20.8452,128.64,10814.9,1.08628,16.9996,0,0.458093
171.45,19.4485,128.64,10814.9,1.08629,16.9996,0,0.458093
171.467,18.1841,128.64,10814.9,1.08629,16.9997,0,0.458093
171.483,17.0413,128.64,10814.9,1.08629,16.9997,0,0.458093
171.5,16.0106,128.64,10814.9,1.08629,16.9997,0,0.458093
171.517,15.083,128.64,10814.9,1.08629,16.9997,0,0.458093
171.533,14.2502,128.64,10814.9,1.08629,16.9997,0,0.458093
171.55,13.5047,128.64,10814.9,1.0863,16.9996,0,0.458093
171.567,12.8395,128.64,10814.9,1.0863,16.9996,0,0.458093
171.583,12.2483,128.641,10814.9,1.0863,16.9996,0,0.458093
171.6,11.7251,128.641,10814.9,1.0863,16.9996,0,0.458093
171.617,11.2646,128.641,10814.9,1.0863,16.9995,0,0.458093
171.633,10.8618,128.641,10814.9,1.0863,16.9995,0,0.458093
171.65,10.512,128.641,10814.9,1.0863,16.9994,0,0.458093
171.667,10.211,128.641,10814.9,1.0863,16.9994,0,0.458093
171.683,9.95503,128.642,10814.9,1.0863,16.9993,0,0.458093
171.7,9.74042,128.642,10814.9,1.0863,16.9993,0,0.458093
171.717,9.56391,128.642,10814.9,1.0863,16.9992,0,0.458093
171.733,9.42246,128.642,10814.9,1.0863,16.9991,0,0.458093
171.75,9.31329,128.642,10814.9,1.0863,16.9991,0,0.458093
171.767,9.23382,128.643,10814.9,1.0863,16.999,0,0.458093
171.783,9.18171,128.643,10815,1.0863,16.9989,0,0.458093
171.8,9.15477,128.643,10815,1.0863,16.9989,0,0.458093
171.817,9.15101,128.643,10815,1.0863,16.9988,0,0.458093
171.833,9.16858,128.643,10815,1.0863,16.9987,0,0.458093
171.85,9.20578,128.644,10815,1.0863,16.9986,0,0.458093
171.867,9.26107,128.644,10815,1.0863,16.9985,0,0.458093
171.883,9.33298,128.644,10815,1.0863,16.9984,0,0.458093
171.9,9.42022,128.644,10815,1.0863,16.9984,0,0.458093
171.917,9.52155,128.644,10815,1.0863,16.9983,0,0.458093
171.933,9.63585,128.645,10815,1.0863,16.9982,0,0.458093
171.95,9.76209,128.645,10815,1.0863,16.9981,0,0.458093
171.967,9.89932,128.645,10815,1.0863,16.998,0,0.458093
171.983,10.0467,128.645,10815,1.0863,16.9979,0,0.458093
172,10.2033,128.645,10815,1.08629,16.9978,0,0.458093
172.017,10.3685,128.646,10815,1.08629,16.9977,0,0.458093
172.033,10.5416,128.646,10815,1.08629,16.9976,0,0.458093
172.05,10.7219,128.646,10815,1.08629,16.9975,0,0.458093
172.067,10.9089,128.646,10815,1.08629,16.9974,0,0.458093
172.083,11.102,128.646,10815,1.08629,16.9973,0,0.458093
172.1,11.3008,128.646,10815,1.08629,16.9972,0,0.458093
172.117,11.5047,128.647,10815,1.08628,16.9971,0,0.458093
172.133,11.7134,128.647,10815,1.08628,16.997,0,0.458093
172.15,11.9264,128.647,10815,1.08628,16.9969,0,0.458093
172.167,12.1435,128.647,10815,1.08628,16.9968,0,0.458093
172.183,12.3642,128.647,10815,1.08628,16.9967,0,0.458093
172.2,12.5883,128.647,10815,1.08627,16.9966,0,0.458093
172.217,12.8155,128.648,10815,1.08627,16.9965,0,0.458093
172.233,13.0456,128.648,10815,1.08627,16.9964,0,0.458093
172.25,13.2782,128.648,10815,1.08627,16.9963,0,0.458093
172.267,13.5133,128.648,10815,1.08626,16.9962,0,0.458093
172.283,13.7505,128.648,10815,1.08626,16.9961,0,0.458093
172.3,13.9897,128.648,10815,1.08626,16.996,0,0.458093
172.317,14.2307,128.649,10815,1.08626,16.9959,0,0.458093
172.333,14.4734,128.649,10815.1,1.08625,16.9958,0,0.458093
172.35,14.7175,128.649,10815.1,1.08625,16.9957,0,0.458093
172.367,14.9631,128.649,10815.1,1.08625,16.9956,0,0.458093
172.383,15.2099,128.649,10815.1,1.08624,16.9955,0,0.458093
172.4,15.4578,128.649,10815.1,1.08624,16.9954,0,0.458093
172.417,15.7068,128.649,10815.1,1.08624,16.9953,0,0.458093
172.433,15.9566,128.649,10815.1,1.08624,16.9952,0,0.458093
172.45,16.2073,128.65,10815.1,1.08623,16.995,0,0.458093
172.467,16.4587,128.65,10815.1,1.08623,16.9949,0,0.458093
172.483,16.7108,128.65,10815.1,1.08623,16.9948,0,0.458093
172.5,16.9635,128.65,10815.1,1.08622,16.9947,0,0.458093
172.517,17.2166,128.65,10815.1,1.08622,16.9946,0,0.458093
172.533,17.4703,128.65,10815.1,1.08622,16.9945,0,0.458093
172.55,17.7243,128.65,10815.1,1.08621,16.9944,0,0.458093
172.567,17.9787,128.65,10815.1,1.08621,16.9943,0,0.458093
172.583,18.2333,128.65,10815.1,1.08621,16.9942,0,0.458093
172.6,18.4882,128.65,10815.1,1.0862,16.9941,0,0.458093
172.617,18.7069,128.65,10815.1,0.0939388,16.994,0,0.458093
172.633,18.474,128.65,10815.1,1.08621,16.9942,0,0.458093
172.65,18.3389,128.651,10815.1,1.08621,16.9941,0,0.458093
172.667,18.2353,128.651,10815.1,1.0862,16.994,0,0.458093
172.683,18.1607,128.651,10815.2,1.0862,16.9939,0,0.458093
172.7,17.9351,128.651,10815.2,0.0939379,16.994,0,0.458093
172.717,16.9727,128.651,10815.2,1.08622,16.9943,0,0.458093
172.733,16.1963,128.651,10815.2,1.08622,16.9942,0,0.458093
172.75,15.5031,128.651,10815.2,1.08622,16.9941,0,0.458093
172.767,14.8864,128.651,10815.2,1.08622,16.9941,0,0.458093
172.783,14.3401,128.651,10815.2,1.08622,16.994,0,0.458093
172.8,13.8585,128.652,10815.2,1.08622,16.9939,0,0.458093
172.817,13.4365,128.652,10815.2,1.08622,16.9939,0,0.458093
172.833,13.0694,128.652,10815.2,1.08622,16.9938,0,0.458093
172.85,12.7527,128.652,10815.2,1.08621,16.9937,0,0.458093
172.867,12.4823,128.652,10815.2,1.08621,16.9936,0,0.458093
172.883,12.2547,128.652,10815.2,1.08621,16.9935,0,0.458093
172.9,12.0663,128.653,10815.2,1.08621,16.9934,0,0.458093
172.917,11.914,128.653,10815.2,1.08621,16.9933,0,0.458093
172.933,11.795,128.653,10815.2,1.08621,16.9932,0,0.458093
172.95,11.7065,128.653,10815.2,1.08621,16.9931,0,0.458093
172.967,11.6461,128.653,10815.2,1.08621,16.993,0,0.458093
172.983,11.6116,128.654,10815.2,1.08621,16.9929,0,0.458093
173,11.6008,128.654,10815.2,1.0862,16.9928,0,0.458093
173.017,11.612,128.654,10815.2,1.0862,16.9927,0,0.458093
173.033,11.6432,128.654,10815.2,1.0862,16.9926,0,0.458093
173.05,11.6929,128.654,10815.2,1.0862,16.9925,0,0.458093
173.067,11.7597,128.655,10815.2,1.0862,16.9924,0,0.458093
173.083,11.8421,128.655,10815.2,1.0862,16.9923,0,0.458093
173.1,11.9388,128.655,10815.2,1.08619,16.9922,0,0.458093
173.117,12.0488,128.655,10815.2,1.08619,16.9921,0,0.458093
173.133,12.1709,128.656,10815.3,1.08619,16.992,0,0.458093
173.15,11.8809,128.656,10815.3,0.0939293,16.9922,0,0.458093
173.167,10.6727,128.656,10815.3,1.08623,16.9925,0,0.458093
173.183,9.67063,128.656,10815.3,1.08623,16.9925,0,0.458093
173.2,8.77022,128.656,10815.3,1.08623,16.9924,0,0.458093
173.217,7.96337,128.657,10815.3,1.08623,16.9923,0,0.458093
173.233,7.24263,128.657,10815.3,1.08623,16.9923,0,0.458093
173.25,6.6011,128.657,10815.3,1.08623,16.9922,0,0.458093
173.267,6.03248,128.658,10815.3,1.08623,16.9921,0,0.458093
173.283,5.53093,128.658,10815.3,1.08623,16.992,0,0.458093
173.3,5.09111,128.658,10815.3,1.08623,16.9919,0,0.458093
173.317,4.70809,128.659,10815.3,1.08623,16.9918,0,0.458093
173.333,4.37733,128.659,10815.3,1.08623,16.9917,0,0.458093
173.35,4.09467,128.659,10815.3,1.08623,16.9916,0,0.458093
173.367,3.85626,128.66,10815.3,1.08623,16.9915,0,0.458093
173.383,3.65858,128.66,10815.3,1.08624,16.9914,0,0.458093
173.4,3.49837,128.66,10815.3,1.08624,16.9913,0,0.458093
173.417,3.37264,128.661,10815.3,1.08624,16.9911,0,0.458093
173.433,3.27864,128.661,10815.3,1.08624,16.991,0,0.458093
173.45,3.21384,128.661,10815.3,1.08624,16.9909,0,0.458093
173.467,3.1759,128.662,10815.3,1.08624,16.9908,0,0.458093
173.483,3.16268,128.662,10815.3,1.08624,16.9906,0,0.458093
173.5,3.17221,128.663,10815.3,1.08624,16.9905,0,0.458093
173.517,3.20266,128.663,10815.3,1.08624,16.9904,0,0.458093
173.533,3.25236,128.663,10815.3,1.08624,16.9903,0,0.458093
173.55,3.31978,128.664,10815.3,1.08624,16.9901,0,0.458093
173.567,3.4035,128.664,10815.3,1.08624,16.99,0,0.458093
173.583,3.5022,128.664,10815.3,1.08623,16.9899,0,0.458093
173.6,3.61469,128.665,10815.3,1.08623,16.9897,0,0.458093
173.617,3.73987,128.665,10815.3,1.08623,16.9896,0,0.458093
173.633,3.87672,128.666,10815.3,1.08623,16.9895,0,0.458093
173.65,4.02429,128.666,10815.3,1.08623,16.9893,0,0.458093
173.667,4.18172,128.666,10815.3,1.08623,16.9892,0,0.458093
173.683,4.34823,128.667,10815.3,1.08623,16.989,0,0.458093
173.7,4.52307,128.667,10815.3,1.08623,16.9889,0,0.458093
173.717,4.70558,128.667,10815.3,1.08623,16.9888,0,0.458093
173.733,4.89513,128.668,10815.3,1.08623,16.9886,0,0.458093
173.75,5.09116,128.668,10815.3,1.08623,16.9885,0,0.458093
173.767,5.29312,128.669,10815.3,1.08623,16.9883,0,0.458093
173.783,5.50055,128.669,10815.3,1.08623,16.9882,0,0.458093
173.8,5.71299,128.669,10815.3,1.08622,16.9881,0,0.458093
173.817,5.93003,128.67,10815.3,1.08622,16.9879,0,0.458093
173.833,6.15129,128.67,10815.3,1.08622,16.9878,0,0.458093
173.85,6.37642,128.67,10815.3,1.08622,16.9876,0,0.458093
173.867,6.6051,128.671,10815.3,1.08622,16.9875,0,0.458093
173.883,6.83704,128.671,10815.3,1.08622,16.9874,0,0.458093
173.9,7.07195,128.671,10815.3,1.08622,16.9872,0,0.458093
173.917,7.30958,128.672,10815.3,1.08621,16.9871,0,0.458093
173.933,7.54971,128.672,10815.3,1.08621,16.9869,0,0.458093
173.95,7.79211,128.672,10815.3,1.08621,16.9868,0,0.458093
173.967,8.03659,128.673,10815.3,1.08621,16.9866,0,0.458093
173.983,8.28297,128.673,10815.3,1.08621,16.9865,0,0.458093
174,8.53108,128.673,10815.3,1.08621,16.9864,0,0.458093
174.017,8.78076,128.673,10815.3,1.0862,16.9862,0,0.458093
174.033,9.03186,128.674,10815.3,1.0862,16.9861,0,0.458093
174.05,9.28426,128.674,10815.3,1.0862,16.9859,0,0.458093
174.067,9.53784,128.674,10815.3,1.0862,16.9858,0,0.458093
174.083,9.79247,128.675,10815.3,1.0862,16.9857,0,0.458093
174.1,10.0481,128.675,10815.3,1.08619,16.9855,0,0.458093
174.117,10.3045,128.675,10815.3,1.08619,16.9854,0,0.458093
174.133,10.5617,128.676,10815.4,1.08619,16.9852,0,0.458093
174.15,10.8196,128.676,10815.4,1.08619,16.9851,0,0.458093
174.167,11.0781,128.676,10815.4,1.08619,16.985,0,0.458093
174.183,11.3372,128.676,10815.4,1.08618,16.9848,0,0.458093
174.2,11.5967,128.677,10815.4,1.08618,16.9847,0,0.458093
174.217,11.8566,128.677,10815.4,1.08618,16.9846,0,0.458093
174.233,12.1169,128.677,10815.4,1.08618,16.9844,0,0.458093
174.25,12.3775,128.677,10815.4,1.08618,16.9843,0,0.458093
174.267,12.6384,128.678,10815.4,1.08617,16.9842,0,0.458093
174.283,12.8994,128.678,10815.4,1.08617,16.984,0,0.458093
174.3,13.1607,128.678,10815.4,1.08617,16.9839,0,0.458093
174.317,13.422,128.678,10815.4,1.08617,16.9838,0,0.458093
174.333,13.6835,128.679,10815.4,1.08616,16.9836,0,0.458093
174.35,13.945,128.679,10815.4,1.08616,16.9835,0,0.458093
174.367,14.2066,128.679,10815.4,1.08616,16.9834,0,0.458093
174.383,14.4681,128.679,10815.4,1.08616,16.9832,0,0.458093
174.4,14.7297,128.68,10815.4,1.08615,16.9831,0,0.458093
174.417,14.9911,128.68,10815.4,1.08615,16.983,0,0.458093
174.433,15.2526,128.68,10815.4,1.08615,16.9829,0,0.458093
174.45,15.5139,128.68,10815.4,1.08615,16.9827,0,0.458093
174.467,15.7751,128.68,10815.4,1.08614,16.9826,0,0.458093
174.483,14.9091,128.681,10815.4,0.0938864,16.9833,0,0.458093
174.5,13.0095,128.681,10815.4,1.0862,16.9837,0,0.458093
174.517,11.3715,128.681,10815.4,1.08621,16.9836,0,0.458093
174.533,9.88639,128.681,10815.4,1.08621,16.9836,0,0.458093
174.55,8.54183,128.682,10815.4,1.08621,16.9835,0,0.458093
174.567,7.32663,128.682,10815.4,1.08621,16.9834,0,0.458093
174.583,6.23044,128.682,10815.4,1.08621,16.9834,0,0.458093
174.6,5.24378,128.683,10815.4,1.08622,16.9833,0,0.458093
174.617,4.3579,128.683,10815.4,1.08622,16.9832,0,0.458093
174.633,3.56475,128.684,10815.4,1.08622,16.9831,0,0.458093
174.65,2.85693,128.684,10815.5,1.08622,16.983,0,0.458093
174.667,2.22763,128.684,10815.5,1.08622,16.9829,0,0.458093
174.683,1.67059,128.685,10815.5,1.08623,16.9828,0,0.458093
174.7,1.18004,128.685,10815.5,1.08623,16.9827,0,0.458093
174.717,0.750682,128.686,10815.5,1.08623,16.9825,0,0.458093
174.733,0.377629,128.686,10815.5,1.08623,16.9824,0,0.458093
174.75,0.0563923,128.687,10815.5,1.08623,16.9823,0,0.458093
174.767,-0.21716,128.687,10815.5,1.08624,16.9822,0,0.458093
174.783,-0.446831,128.688,10815.5,1.08624,16.982,0,0.458093
174.8,-0.636118,128.688,10815.5,1.08624,16.9819,0,0.458093
174.817,-0.788242,128.689,10815.5,1.08624,16.9818,0,0.458093
174.833,-0.906166,128.689,10815.5,1.08624,16.9816,0,0.458093
174.85,-0.992617,128.69,10815.5,1.08624,16.9815,0,0.458093
174.867,-1.0501,128.69,10815.5,1.08624,16.9813,0,0.458093
174.883,-1.08093,128.691,10815.5,1.08625,16.9812,0,0.458093
174.9,-1.08724,128.691,10815.5,1.08625,16.981,0,0.458093
174.917,-1.07097,128.692,10815.5,1.08625,16.9809,0,0.458093
174.933,-1.03392,128.692,10815.4,1.08625,16.9807,0,0.458093
174.95,-0.977764,128.693,10815.4,1.08625,16.9806,0,0.458093
174.967,-0.904016,128.693,10815.4,1.08625,16.9804,0,0.458093
174.983,-0.814081,128.694,10815.4,1.08625,16.9803,0,0.458093
175,-0.709253,128.694,10815.4,1.08625,16.9801,0,0.458093
175.017,-0.590721,128.695,10815.4,1.08625,16.98,0,0.458093
175.033,-0.459581,128.695,10815.4,1.08625,16.9798,0,0.458093
175.05,-0.316841,128.696,10815.4,1.08625,16.9797,0,0.458093
175.067,-0.16343,128.697,10815.4,1.08625,16.9795,0,0.458093
175.083,-0.00020308,128.697,10815.4,1.08625,16.9793,0,0.458093
175.1,0.172053,128.698,10815.4,1.08625,16.9792,0,0.458093
175.117,0.352613,128.698,10815.4,1.08626,16.979,0,0.458093
175.133,0.540809,128.699,10815.4,1.08626,16.9789,0,0.458093
175.15,0.736027,128.699,10815.4,1.08626,16.9787,0,0.458093
175.167,0.9377,128.7,10815.4,1.08626,16.9785,0,0.458093
175.183,1.14531,128.7,10815.4,1.08626,16.9784,0,0.458093
175.2,1.35837,128.701,10815.4,1.08626,16.9782,0,0.458093
175.217,1.57643,128.701,10815.4,1.08626,16.9781,0,0.458093
175.233,1.7991,128.702,10815.5,1.08626,16.9779,0,0.458093
175.25,2.026,128.702,10815.5,1.08626,16.9777,0,0.458093
175.267,2.25678,128.702,10815.5,1.08626,16.9776,0,0.458093
175.283,2.49111,128.703,10815.5,1.08625,16.9774,0,0.458093
175.3,2.72872,128.703,10815.5,1.08625,16.9772,0,0.458093
175.317,2.96931,128.704,10815.5,1.08625,16.9771,0,0.458093
175.333,3.21266,128.704,10815.5,1.08625,16.9769,0,0.458093
175.35,3.45851,128.705,10815.5,1.08625,16.9768,0,0.458093
175.367,3.70666,128.705,10815.5,1.08625,16.9766,0,0.458093
175.383,3.95692,128.706,10815.5,1.08625,16.9764,0,0.458093
175.4,4.20911,128.706,10815.5,1.08625,16.9763,0,0.458093
175.417,4.46304,128.707,10815.5,1.08625,16.9761,0,0.458093
175.433,4.71858,128.707,10815.5,1.08625,16.9759,0,0.458093
175.45,4.97558,128.708,10815.5,1.08625,16.9758,0,0.458093
175.467,5.23391,128.708,10815.5,1.08625,16.9756,0,0.458093
175.483,5.49344,128.708,10815.5,1.08625,16.9755,0,0.458093
175.5,5.75406,128.709,10815.5,1.08625,16.9753,0,0.458093
175.517,6.01568,128.709,10815.5,1.08625,16.9751,0,0.458093
175.533,6.27819,128.71,10815.5,1.08624,16.975,0,0.458093
175.55,6.5415,128.71,10815.5,1.08624,16.9748,0,0.458093
175.567,6.80554,128.711,10815.5,1.08624,16.9746,0,0.458093
175.583,7.07023,128.711,10815.5,1.08624,16.9745,0,0.458093
175.6,7.33549,128.711,10815.5,1.08624,16.9743,0,0.458093
175.617,7.60127,128.712,10815.5,1.08624,16.9742,0,0.458093
175.633,7.8675,128.712,10815.5,1.08624,16.974,0,0.458093
175.65,8.13412,128.713,10815.5,1.08624,16.9739,0,0.458093
175.667,8.40109,128.713,10815.5,1.08624,16.9737,0,0.458093
175.683,8.66836,128.713,10815.5,1.08623,16.9735,0,0.458093
175.7,8.93588,128.714,10815.5,1.08623,16.9734,0,0.458093
175.717,9.20361,128.714,10815.5,1.08623,16.9732,0,0.458093
175.733,9.47151,128.715,10815.5,1.08623,16.9731,0,0.458093
175.75,9.73955,128.715,10815.5,1.08623,16.9729,0,0.458093
175.767,10.0077,128.715,10815.5,1.08623,16.9728,0,0.458093
175.783,10.2759,128.716,10815.5,1.08623,16.9726,0,0.458093
175.8,10.5442,128.716,10815.5,1.08622,16.9725,0,0.458093
175.817,10.8125,128.716,10815.5,1.08622,16.9723,0,0.458093
175.833,11.0807,128.717,10815.5,1.08622,16.9721,0,0.458093
175.85,11.349,128.717,10815.5,1.08622,16.972,0,0.458093
175.867,11.6172,128.717,10815.5,1.08622,16.9718,0,0.458093
175.883,11.8853,128.718,10815.5,1.08622,16.9717,0,0.458093
175.9,12.1533,128.718,10815.5,1.08621,16.9715,0,0.458093
175.917,12.4213,128.718,10815.5,1.08621,16.9714,0,0.458093
175.933,12.6891,128.719,10815.5,1.08621,16.9713,0,0.458093
175.95,12.9567,128.719,10815.5,1.08621,16.9711,0,0.458093
175.967,13.2243,128.719,10815.5,1.08621,16.971,0,0.458093
175.983,13.4916,128.72,10815.5,1.08621,16.9708,0,0.458093
176,13.7588,128.72,10815.5,1.0862,16.9707,0,0.458093
176.017,14.0258,128.72,10815.6,1.0862,16.9705,0,0.458093
176.033,14.2925,128.721,10815.6,1.0862,16.9704,0,0.458093
176.05,14.5591,128.721,10815.6,1.0862,16.9702,0,0.458093
176.067,14.8254,128.721,10815.6,1.0862,16.9701,0,0.458093
176.083,15.0915,128.722,10815.6,1.0862,16.97,0,0.458093
176.1,15.3574,128.722,10815.6,1.08619,16.9698,0,0.458093
176.117,15.623,128.722,10815.6,1.08619,16.9697,0,0.458093
176.133,15.8884,128.723,10815.6,1.08619,16.9696,0,0.458093
176.15,16.1535,128.723,10815.6,1.08619,16.9694,0,0.458093
176.167,16.4183,128.723,10815.6,1.08619,16.9693,0,0.458093
176.183,16.6829,128.723,10815.6,1.08618,16.9691,0,0.458093
176.2,16.9472,128.724,10815.6,1.08618,16.969,0,0.458093
176.217,17.2111,128.724,10815.6,1.08618,16.9689,0,0.458093
176.233,17.4748,128.724,10815.6,1.08618,16.9687,0,0.458093
176.25,17.7382,128.724,10815.6,1.08618,16.9686,0,0.458093
176.267,18.0013,128.725,10815.6,1.08617,16.9685,0,0.458093
176.283,18.2641,128.725,10815.6,1.08617,16.9684,0,0.458093
176.3,18.5266,128.725,10815.6,1.08617,16.9682,0,0.458093
176.317,18.7887,128.726,10815.6,1.08617,16.9681,0,0.458093
176.333,19.0505,128.726,10815.6,1.08617,16.968,0,0.458093
176.35,19.312,128.726,10815.6,1.08616,16.9679,0,0.458093
176.367,19.5732,128.726,10815.7,1.08616,16.9677,0,0.458093
176.383,19.8341,128.726,10815.7,1.08616,16.9676,0,0.458093
176.4,20.0946,128.727,10815.7,1.08616,16.9675,0,0.458093
176.417,20.3547,128.727,10815.7,1.08616,16.9674,0,0.458093
176.433,20.6146,128.727,10815.7,1.08615,16.9672,0,0.458093
176.45,20.874,128.727,10815.7,1.08615,16.9671,0,0.458093
176.467,21.1332,128.728,10815.7,1.08615,16.967,0,0.458093
176.483,21.392,128.728,10815.7,1.08615,16.9669,0,0.458093
176.5,21.6504,128.728,10815.7,1.08615,16.9668,0,0.458093
176.517,21.9085,128.728,10815.7,1.08614,16.9667,0,0.458093
176.533,22.1662,128.728,10815.7,1.08614,16.9666,0,0.458093
176.55,22.4235,128.729,10815.7,1.08614,16.9664,0,0.458093
176.567,22.6805,128.729,10815.7,1.08614,16.9663,0,0.458093
176.583,22.9372,128.729,10815.7,1.08613,16.9662,0,0.458093
176.6,23.1935,128.729,10815.7,1.08613,16.9661,0,0.458093
176.617,23.4494,128.729,10815.7,1.08613,16.966,0,0.458093
176.633,23.7049,128.73,10815.7,1.08613,16.9659,0,0.458093
176.65,23.9601,128.73,10815.8,1.08613,16.9658,0,0.458093
176.667,24.2149,128.73,10815.8,1.08612,16.9657,0,0.458093
176.683,24.4693,128.73,10815.8,1.08612,16.9656,0,0.458093
176.7,24.7234,128.73,10815.8,1.08612,16.9655,0,0.458093
176.717,24.977,128.73,10815.8,1.08612,16.9654,0,0.458093
176.733,25.2303,128.731,10815.8,1.08612,16.9653,0,0.458093
176.75,25.4832,128.731,10815.8,1.08611,16.9652,0,0.458093
176.767,25.7358,128.731,10815.8,1.08611,16.9651,0,0.458093
176.783,25.988,128.731,10815.8,1.08611,16.965,0,0.458093
176.8,26.2397,128.731,10815.8,1.08611,16.9649,0,0.458093
176.817,26.4911,128.731,10815.8,1.0861,16.9648,0,0.458093
176.833,26.7421,128.731,10815.8,1.0861,16.9647,0,0.458093
176.85,26.9928,128.731,10815.8,1.0861,16.9646,0,0.458093
176.867,27.243,128.732,10815.8,1.0861,16.9645,0,0.458093
176.883,27.4929,128.732,10815.9,1.0861,16.9644,0,0.458093
176.9,27.7423,128.732,10815.9,1.08609,16.9644,0,0.458093
176.917,27.9914,128.732,10815.9,1.08609,16.9643,0,0.458093
176.933,28.2401,128.732,10815.9,1.08609,16.9642,0,0.458093
176.95,28.4884,128.732,10815.9,1.08609,16.9641,0,0.458093
176.967,28.7364,128.732,10815.9,1.08609,16.964,0,0.458093
176.983,28.9839,128.732,10815.9,1.08608,16.9639,0,0.458093
177,29.231,128.732,10815.9,1.08608,16.9639,0,0.458093
177.017,29.4778,128.733,10815.9,1.08608,16.9638,0,0.458093
177.033,29.7241,128.733,10815.9,1.08608,16.9637,0,0.458093
177.05,29.9701,128.733,10815.9,1.08607,16.9636,0,0.458093
177.067,30.2157,128.733,10815.9,1.08607,16.9635,0,0.458093
177.083,30.4608,128.733,10816,1.08607,16.9635,0,0.458093
177.1,30.7056,128.733,10816,1.08607,16.9634,0,0.458093
177.117,30.95,128.733,10816,1.08607,16.9633,0,0.458093
177.133,31.194,128.733,10816,1.08606,16.9633,0,0.458093
177.15,31.4376,128.733,10816,1.08606,16.9632,0,0.458093
177.167,31.6808,128.733,10816,1.08606,16.9631,0,0.458093
177.183,31.9236,128.733,10816,1.08606,16.963,0,0.458093
177.2,32.1661,128.733,10816,1.08606,16.963,0,0.458093
177.217,32.4081,128.733,10816,1.08605,16.9629,0,0.458093
177.233,32.6497,128.733,10816,1.08605,16.9628,0,0.458093
177.25,32.8909,128.733,10816,1.08605,16.9628,0,0.458093
177.267,33.1318,128.733,10816,1.08605,16.9627,0,0.458093
177.283,33.3722,128.733,10816.1,1.08604,16.9627,0,0.458093
177.3,33.6123,128.734,10816.1,1.08604,16.9626,0,0.458093
177.317,33.1117,128.734,10816.1,0.0937879,16.9632,0,0.458093
177.333,31.5913,128.734,10816.1,1.08609,16.9635,0,0.458093
177.35,30.3001,128.734,10816.1,1.08609,16.9635,0,0.458093
177.367,29.1318,128.734,10816.1,1.08609,16.9635,0,0.458093
177.383,28.0766,128.734,10816.1,1.0861,16.9635,0,0.458093
177.4,27.1253,128.734,10816.1,1.0861,16.9635,0,0.458093
177.417,26.2697,128.734,10816.1,1.0861,16.9635,0,0.458093
177.433,25.5022,128.734,10816.1,1.0861,16.9635,0,0.458093
177.45,24.8157,128.734,10816.1,1.0861,16.9635,0,0.458093
177.467,24.2037,128.735,10816.1,1.0861,16.9634,0,0.458093
177.483,23.6603,128.735,10816.2,1.08611,16.9634,0,0.458093
177.5,23.1799,128.735,10816.2,1.08611,16.9634,0,0.458093
177.517,22.7577,128.735,10816.2,1.08611,16.9633,0,0.458093
177.533,22.3888,128.735,10816.2,1.08611,16.9633,0,0.458093
177.55,22.0691,128.736,10816.2,1.08611,16.9633,0,0.458093
177.567,21.7946,128.736,10816.2,1.08611,16.9632,0,0.458093
177.583,21.5618,128.736,10816.2,1.08612,16.9632,0,0.458093
177.6,21.3672,128.736,10816.2,1.08612,16.9631,0,0.458093
177.617,21.2078,128.737,10816.2,1.08612,16.963,0,0.458093
177.633,21.0808,128.737,10816.2,1.08612,16.963,0,0.458093
177.65,20.9837,128.737,10816.2,1.08612,16.9629,0,0.458093
177.667,20.914,128.737,10816.2,1.08612,16.9629,0,0.458093
177.683,20.8696,128.738,10816.2,1.08612,16.9628,0,0.458093
177.7,20.8483,128.738,10816.2,1.08612,16.9628,0,0.458093
177.717,20.8485,128.738,10816.2,1.08613,16.9627,0,0.458093
177.733,20.8683,128.738,10816.2,1.08613,16.9626,0,0.458093
177.75,20.9062,128.739,10816.2,1.08613,16.9626,0,0.458093
177.767,20.9607,128.739,10816.3,1.08613,16.9625,0,0.458093
177.783,21.0305,128.739,10816.3,1.08613,16.9624,0,0.458093
177.8,21.1144,128.739,10816.3,1.08613,16.9624,0,0.458093
177.817,21.2113,128.74,10816.3,1.08613,16.9623,0,0.458093
177.833,21.32,128.74,10816.3,1.08613,16.9622,0,0.458093
177.85,21.4398,128.74,10816.3,1.08613,16.9622,0,0.458093
177.867,21.5696,128.74,10816.3,1.08613,16.9621,0,0.458093
177.883,21.7086,128.74,10816.3,1.08613,16.962,0,0.458093
177.9,21.8562,128.741,10816.3,1.08614,16.962,0,0.458093
177.917,22.0117,128.741,10816.3,1.08614,16.9619,0,0.458093
177.933,22.1743,128.741,10816.3,1.08614,16.9618,0,0.458093
177.95,22.3435,128.741,10816.3,1.08614,16.9617,0,0.458093
177.967,22.5188,128.742,10816.3,1.08614,16.9617,0,0.458093
177.983,22.6997,128.742,10816.3,1.08614,16.9616,0,0.458093
178,22.8858,128.742,10816.3,1.08614,16.9615,0,0.458093
178.017,23.0766,128.742,10816.3,1.08614,16.9615,0,0.458093
178.033,23.2716,128.743,10816.4,1.08614,16.9614,0,0.458093
178.05,23.4707,128.743,10816.4,1.08614,16.9613,0,0.458093
178.067,23.6734,128.743,10816.4,1.08614,16.9613,0,0.458093
178.083,23.8795,128.743,10816.4,1.08614,16.9612,0,0.458093
178.1,24.0886,128.743,10816.4,1.08614,16.9611,0,0.458093
178.117,24.3005,128.744,10816.4,1.08614,16.961,0,0.458093
178.133,24.515,128.744,10816.4,1.08614,16.961,0,0.458093
178.15,24.7319,128.744,10816.4,1.08614,16.9609,0,0.458093
178.167,24.9509,128.744,10816.4,1.08614,16.9608,0,0.458093
178.183,25.1719,128.744,10816.4,1.08614,16.9608,0,0.458093
178.2,25.3947,128.744,10816.4,1.08614,16.9607,0,0.458093
178.217,25.6192,128.745,10816.4,1.08614,16.9606,0,0.458093
178.233,25.8451,128.745,10816.4,1.08614,16.9606,0,0.458093
178.25,26.0725,128.745,10816.4,1.08614,16.9605,0,0.458093
178.267,26.301,128.745,10816.4,1.08614,16.9604,0,0.458093
178.283,26.5307,128.745,10816.5,1.08614,16.9604,0,0.458093
178.3,26.7614,128.745,10816.5,1.08614,16.9603,0,0.458093
178.317,26.9931,128.746,10816.5,1.08614,16.9602,0,0.458093
178.333,27.2256,128.746,10816.5,1.08613,16.9602,0,0.458093
178.35,27.4588,128.746,10816.5,1.08613,16.9601,0,0.458093
178.367,27.6927,128.746,10816.5,1.08613,16.96,0,0.458093
178.383,27.9272,128.746,10816.5,1.08613,16.96,0,0.458093
178.4,28.1623,128.746,10816.5,1.08613,16.9599,0,0.458093
178.417,28.3979,128.747,10816.5,1.08613,16.9598,0,0.458093
178.433,28.6338,128.747,10816.5,1.08613,16.9598,0,0.458093
178.45,28.8702,128.747,10816.5,1.08613,16.9597,0,0.458093
178.467,29.1069,128.747,10816.5,1.08613,16.9596,0,0.458093
178.483,29.3438,128.747,10816.5,1.08613,16.9596,0,0.458093
178.5,29.581,128.747,10816.6,1.08613,16.9595,0,0.458093
178.517,29.8184,128.747,10816.6,1.08613,16.9595,0,0.458093
178.533,30.056,128.747,10816.6,1.08613,16.9594,0,0.458093
178.55,30.2937,128.747,10816.6,1.08612,16.9593,0,0.458093
178.567,30.5315,128.748,10816.6,1.08612,16.9593,0,0.458093
178.583,30.7694,128.748,10816.6,1.08612,16.9592,0,0.458093
178.6,31.0074,128.748,10816.6,1.08612,16.9592,0,0.458093
178.617,31.2454,128.748,10816.6,1.08612,16.9591,0,0.458093
178.633,31.4833,128.748,10816.6,1.08612,16.9591,0,0.458093
178.65,31.7213,128.748,10816.6,1.08612,16.959,0,0.458093
178.667,31.9592,128.748,10816.6,1.08612,16.9589,0,0.458093
178.683,32.1971,128.748,10816.7,1.08612,16.9589,0,0.458093
178.7,32.4349,128.748,10816.7,1.08611,16.9588,0,0.458093
178.717,32.6726,128.748,10816.7,1.08611,16.9588,0,0.458093
178.733,32.9102,128.748,10816.7,1.08611,16.9587,0,0.458093
178.75,33.1477,128.748,10816.7,1.08611,16.9587,0,0.458093
178.767,33.385,128.748,10816.7,1.08611,16.9586,0,0.458093
178.783,33.6223,128.748,10816.7,1.08611,16.9586,0,0.458093
178.8,33.8593,128.749,10816.7,1.08611,16.9585,0,0.458093
178.817,34.0962,128.749,10816.7,1.08611,16.9585,0,0.458093
178.833,34.333,128.749,10816.7,1.0861,16.9584,0,0.458093
178.85,34.5695,128.749,10816.7,1.0861,16.9584,0,0.458093
178.867,34.8059,128.749,10816.8,1.0861,16.9584,0,0.458093
178.883,35.042,128.749,10816.8,1.0861,16.9583,0,0.458093
178.9,35.278,128.749,10816.8,1.0861,16.9583,0,0.458093
178.917,35.5137,128.749,10816.8,1.0861,16.9582,0,0.458093
178.933,35.7492,128.749,10816.8,1.0861,16.9582,0,0.458093
178.95,35.9845,128.749,10816.8,1.08609,16.9581,0,0.458093
178.967,36.2195,128.749,10816.8,1.08609,16.9581,0,0.458093
178.983,36.4543,128.749,10816.8,1.08609,16.9581,0,0.458093
179,36.6889,128.749,10816.8,1.08609,16.958,0,0.458093
179.017,36.9232,128.749,10816.8,1.08609,16.958,0,0.458093
179.033,37.1573,128.749,10816.9,1.08609,16.9579,0,0.458093
179.05,37.3911,128.749,10816.9,1.08608,16.9579,0,0.458093
179.067,37.6246,128.749,10816.9,1.08608,16.9579,0,0.458093
179.083,37.8579,128.749,10816.9,1.08608,16.9578,0,0.458093
179.1,38.0909,128.749,10816.9,1.08608,16.9578,0,0.458093
179.117,38.3236,128.749,10816.9,1.08608,16.9578,0,0.458093
179.133,38.556,128.749,10816.9,1.08608,16.9577,0,0.458093
179.15,38.7882,128.749,10816.9,1.08607,16.9577,0,0.458093
179.167,39.02,128.748,10816.9,1.08607,16.9577,0,0.458093
179.183,39.2516,128.748,10816.9,1.08607,16.9577,0,0.458093
179.2,39.4829,128.748,10817,1.08607,16.9576,0,0.458093
179.217,39.7139,128.748,10817,1.08607,16.9576,0,0.458093
179.233,39.9446,128.748,10817,1.08607,16.9576,0,0.458093
179.25,40.175,128.748,10817,1.08606,16.9576,0,0.458093
179.267,40.405,128.748,10817,1.08606,16.9575,0,0.458093
179.283,40.6348,128.748,10817,1.08606,16.9575,0,0.458093
179.3,40.8643,128.748,10817,1.08606,16.9575,0,0.458093
179.317,41.0935,128.748,10817,1.08606,16.9575,0,0.458093
179.333,41.3223,128.748,10817,1.08606,16.9574,0,0.458093
179.35,41.5509,128.748,10817.1,1.08605,16.9574,0,0.458093
179.367,41.7791,128.748,10817.1,1.08605,16.9574,0,0.458093
179.383,42.007,128.748,10817.1,1.08605,16.9574,0,0.458093
179.4,42.2346,128.747,10817.1,1.08605,16.9574,0,0.458093
179.417,42.4618,128.747,10817.1,1.08605,16.9574,0,0.458093
179.433,42.6888,128.747,10817.1,1.08604,16.9574,0,0.458093
179.45,42.9154,128.747,10817.1,1.08604,16.9573,0,0.458093
179.467,43.1417,128.747,10817.1,1.08604,16.9573,0,0.458093
179.483,43.3676,128.747,10817.2,1.08604,16.9573,0,0.458093
179.5,43.5933,128.747,10817.2,1.08604,16.9573,0,0.458093
179.517,43.8186,128.747,10817.2,1.08603,16.9573,0,0.458093
179.533,44.0435,128.747,10817.2,1.08603,16.9573,0,0.458093
179.55,44.2682,128.746,10817.2,1.08603,16.9573,0,0.458093
179.567,44.4925,128.746,10817.2,1.08603,16.9573,0,0.458093
179.583,44.7164,128.746,10817.2,1.08603,16.9573,0,0.458093
179.6,44.9401,128.746,10817.2,1.08602,16.9573,0,0.458093
179.617,45.1634,128.746,10817.3,1.08602,16.9573,0,0.458093
179.633,45.3863,128.746,10817.3,1.08602,16.9573,0,0.458093
179.65,45.6089,128.746,10817.3,1.08602,16.9573,0,0.458093
179.667,45.8312,128.745,10817.3,1.08602,16.9573,0,0.458093
179.683,46.0167,128.745,10817.3,0.0937614,16.9573,0,0.458093
179.7,45.7498,128.745,10817.3,1.08603,16.9575,0,0.458093
179.717,45.5804,128.745,10817.3,1.08602,16.9576,0,0.458093
179.733,45.4421,128.745,10817.3,1.08602,16.9576,0,0.458093
179.75,45.3324,128.745,10817.4,1.08602,16.9576,0,0.458093
179.767,45.249,128.744,10817.4,1.08602,16.9576,0,0.458093
179.783,45.1898,128.744,10817.4,1.08602,16.9576,0,0.458093
179.8,45.1528,128.744,10817.4,1.08602,16.9577,0,0.458093
179.817,45.1363,128.744,10817.4,1.08602,16.9577,0,0.458093
179.833,44.9608,128.744,10817.4,0.0937636,16.9578,0,0.458093
179.85,44.0408,128.744,10817.4,1.08604,16.9582,0,0.458093
179.867,43.3002,128.744,10817.4,1.08604,16.9583,0,0.458093
179.883,42.6368,128.743,10817.5,1.08604,16.9583,0,0.458093
179.9,42.0442,128.743,10817.5,1.08604,16.9584,0,0.458093
179.917,41.5169,128.743,10817.5,1.08604,16.9584,0,0.458093
179.933,41.0495,128.743,10817.5,1.08605,16.9584,0,0.458093
179.95,40.6374,128.743,10817.5,1.08605,16.9585,0,0.458093
179.967,40.2761,128.743,10817.5,1.08605,16.9585,0,0.458093
179.983,39.9615,128.743,10817.5,1.08605,16.9585,0,0.458093
