=== F4 INSTALL SNAPSHOT ===
generated: 2026-08-04T10:34:50Z
install_root: D:\SteamLibrary\steamapps\common\Falcon 4.0
install_valid: yes
per_file_byte_cap: 8192
include_tail: no
file_count: 17

--- Resolved install paths ---
  class_table:  D:\SteamLibrary\steamapps\common\Falcon 4.0\terrdata\objects\FALCON4.ct
  aircraft_dir: 
  campaign_dir: D:\SteamLibrary\steamapps\common\Falcon 4.0\campaign
  terrdata_dir: D:\SteamLibrary\steamapps\common\Falcon 4.0\terrdata

--- Theaters (1) ---
  Korea (korea)
    dir: D:\SteamLibrary\steamapps\common\Falcon 4.0\terrdata\korea\terrain
    THEATER.MAP: present (1100 bytes)
    THEATER.MEA: present (32768 bytes)
    THEATER.O2: present (16384 bytes)
    all THEATER.* files (14):
      THEATER.L0
      THEATER.L1
      THEATER.L2
      THEATER.L3
      THEATER.L4
      THEATER.L5
      THEATER.MAP
      THEATER.MEA
      THEATER.O0
      THEATER.O1
      THEATER.O2
      THEATER.O3
      THEATER.O4
      THEATER.O5

--- Campaigns (5) ---
  Auto Save
    Auto Save.cam: present (115119 bytes)
  Instant
    Instant.cam: present (161290 bytes)
  save0
    save0.cam: present (203205 bytes)
  save1
    save1.cam: present (197340 bytes)
  save2
    save2.cam: present (196433 bytes)

=== CURATED FILE DUMPS ===

=== FILE 1/17: FALCON4.ct ===
path: D:\SteamLibrary\steamapps\common\Falcon 4.0\FALCON4.ct
status: ABSENT (file not found at this path)

=== FILE 2/17: terrdata/objects/Falcon4.PHD ===
path: D:\SteamLibrary\steamapps\common\Falcon 4.0\terrdata\objects\FALCON4.PHD
size: 8318 bytes  (dumping first 8192 bytes)
--- hex dump ---
00000000  29 01 00 00 00 00 00 00  00 00 00 00 00 00 00 00  |)...............|
00000010  00 00 00 00 80 3f 00 00  00 00 00 00 00 00 01 00  |.....?..........|
00000020  01 16 0d 0a 0b 0c ff 00  14 00 44 1d af 3e b2 8f  |..........D..>..|
00000030  70 3f 01 00 02 00 00 ff  02 00 01 00 01 15 0e 0a  |p?..............|
00000040  0b 0c ff 00 c8 00 44 1d  af be b2 8f 70 bf 17 00  |......D.....p...|
00000050  17 00 00 01 03 00 01 00  08 04 0c 0b 0a ff ff 00  |................|
00000060  ec 00 ce 3b 54 bf 44 27  0f bf 2c 00 ff ff 00 00  |...;T.D'..,.....|
00000070  04 00 01 00 01 1b 08 07  06 ff ff 00 14 00 44 1d  |..............D.|
00000080  af 3e b2 8f 70 3f 30 00  03 00 01 01 05 00 01 00  |.>..p?0.........|
00000090  01 12 09 06 07 ff ff 00  c8 00 44 1d af be b2 8f  |..........D.....|
000000a0  70 bf 4b 00 16 00 01 ff  06 00 01 00 08 04 07 06  |p.K.............|
000000b0  ff ff ff 00 14 00 44 1d  af 3e b2 8f 70 3f 5d 00  |......D..>..p?].|
000000c0  ff ff 01 00 07 00 01 00  06 15 ff ff ff ff ff 00  |................|
000000d0  14 00 44 1d af 3e b2 8f  70 3f 61 00 ff ff ff 00  |..D..>..p?a.....|
000000e0  08 00 01 00 04 0e ff ff  ff ff ff 00 14 00 44 1d  |..............D.|
000000f0  af 3e b2 8f 70 3f 76 00  ff ff ff 00 00 00 02 00  |.>..p?v.........|
00000100  01 0c 03 01 00 ff ff 00  b4 00 00 00 00 00 00 00  |................|
00000110  80 bf 84 00 11 00 00 00  0a 00 02 00 01 0c 02 01  |................|
00000120  00 ff ff 00 00 00 00 00  00 00 00 00 80 3f 90 00  |.............?..|
00000130  25 00 00 00 0b 00 02 00  08 04 01 00 ff ff ff 00  |%...............|
00000140  5a 00 00 00 80 3f 00 00  00 00 9c 00 ff ff 00 00  |Z....?..........|
00000150  0c 00 02 00 06 06 ff ff  ff ff ff 00 5a 00 00 00  |............Z...|
00000160  80 3f 00 00 00 00 a0 00  ff ff ff 00 0d 00 02 00  |.?..............|
00000170  04 05 ff ff ff ff ff 00  5a 00 00 00 80 3f 00 00  |........Z....?..|
00000180  00 00 a6 00 ff ff ff 00  00 00 03 00 04 0e ff ff  |................|
00000190  ff ff ff 00 00 00 00 00  00 00 00 00 80 3f ab 00  |.............?..|
000001a0  27 00 ff 01 00 00 13 00  10 08 ff ff ff ff ff 00  |'...............|
000001b0  00 00 00 00 00 00 00 00  80 3f b9 00 ff ff ff 00  |.........?......|
000001c0  10 00 13 00 04 0a ff ff  ff ff ff 00 00 00 00 00  |................|
000001d0  00 00 00 00 80 3f c1 00  ff ff ff 00 00 00 24 00  |.....?........$.|
000001e0  01 16 0d 0a 0b 0c ff 00  c8 00 44 1d af be b2 8f  |..........D.....|
000001f0  70 bf cb 00 16 00 00 ff  12 00 24 00 01 15 0e 0a  |p.........$.....|
00000200  0b 0c ff 00 14 00 44 1d  af 3e b2 8f 70 3f e1 00  |......D..>..p?..|
00000210  03 00 00 01 13 00 24 00  08 04 0c 0b 0a ff ff 00  |......$.........|
00000220  38 00 ce 3b 54 3f 44 27  0f 3f f6 00 ff ff 00 00  |8..;T?D'.?......|
00000230  14 00 24 00 01 1b 08 07  06 ff ff 00 c8 00 44 1d  |..$...........D.|
00000240  af be b2 8f 70 bf fa 00  17 00 01 01 15 00 24 00  |....p.........$.|
00000250  01 12 09 06 07 ff ff 00  14 00 44 1d af 3e b2 8f  |..........D..>..|
00000260  70 3f 15 01 02 00 01 ff  16 00 24 00 08 04 07 06  |p?........$.....|
00000270  ff ff ff 00 c8 00 44 1d  af be b2 8f 70 bf 27 01  |......D.....p.'.|
00000280  ff ff 01 00 17 00 24 00  06 15 ff ff ff ff ff 00  |......$.........|
00000290  c8 00 44 1d af be b2 8f  70 bf 2b 01 ff ff ff 00  |..D.....p.+.....|
000002a0  18 00 24 00 04 0e ff ff  ff ff ff 00 c8 00 44 1d  |..$...........D.|
000002b0  af be b2 8f 70 bf 40 01  ff ff ff 00 00 00 28 00  |....p.@.......(.|
000002c0  05 30 ff ff ff ff ff 00  00 00 00 00 00 00 00 00  |.0..............|
000002d0  80 3f 4e 01 ff ff ff 00  1a 00 28 00 06 03 ff ff  |.?N.......(.....|
000002e0  ff ff ff 00 00 00 00 00  00 00 00 00 80 3f 7e 01  |.............?~.|
000002f0  ff ff ff 00 00 00 2c 00  01 15 10 0e 0d 0c ff 00  |......,.........|
00000300  55 00 9e 06 7f 3f b6 7e  b2 3d 81 01 06 00 00 00  |U....?.~.=......|
00000310  1c 00 2c 00 01 17 0f 0e  0d 0c ff 00 09 01 9e 06  |..,.............|
00000320  7f bf b6 7e b2 bd 96 01  1a 00 00 00 1d 00 2c 00  |...~..........,.|
00000330  08 04 0e 0d 0c ff ff 00  00 00 00 00 00 00 00 00  |................|
00000340  80 3f ad 01 ff ff 00 00  1e 00 2c 00 0b 20 ff ff  |.?........,.. ..|
00000350  ff ff ff 00 00 00 00 00  00 00 00 00 80 3f b1 01  |.............?..|
00000360  ff ff ff 00 1f 00 2c 00  0e 0e ff ff ff ff ff 00  |......,.........|
00000370  00 00 00 00 00 00 00 00  80 3f d1 01 ff ff ff 00  |.........?......|
00000380  00 00 36 00 01 16 0d 0a  0b 0c ff 00 32 00 7d 1b  |..6.........2.}.|
00000390  44 3f bb 8d 24 3f df 01  29 00 00 ff 21 00 36 00  |D?..$?..)...!.6.|
000003a0  01 15 0e 0a 0b 0c ff 00  e6 00 7d 1b 44 bf bb 8d  |..........}.D...|
000003b0  24 bf f5 01 2d 00 00 01  22 00 36 00 08 04 0c 0b  |$...-...".6.....|
000003c0  0a ff ff 00 0a 01 5c 60  7f bf 7b dc 8e bd 0a 02  |......\`..{.....|
000003d0  ff ff 00 00 23 00 36 00  01 1b 08 07 06 ff ff 00  |....#.6.........|
000003e0  32 00 7d 1b 44 3f bb 8d  24 3f 0e 02 2a 00 01 01  |2.}.D?..$?..*...|
000003f0  24 00 36 00 01 12 09 06  07 ff ff 00 e6 00 7d 1b  |$.6...........}.|
00000400  44 bf bb 8d 24 bf 29 02  2c 00 01 ff 25 00 36 00  |D...$.).,...%.6.|
00000410  08 04 07 06 ff ff ff 00  32 00 7d 1b 44 3f bb 8d  |........2.}.D?..|
00000420  24 3f 3b 02 ff ff 01 00  26 00 36 00 06 15 ff ff  |$?;.....&.6.....|
00000430  ff ff ff 00 32 00 7d 1b  44 3f bb 8d 24 3f 3f 02  |....2.}.D?..$??.|
00000440  ff ff ff 00 27 00 36 00  04 0e ff ff ff ff ff 00  |....'.6.........|
00000450  32 00 7d 1b 44 3f bb 8d  24 3f 54 02 ff ff ff 00  |2.}.D?..$?T.....|
00000460  00 00 37 00 01 16 0d 0a  0b 0c ff 00 54 01 44 1d  |..7.........T.D.|
00000470  af be b2 8f 70 3f 62 02  22 00 00 ff 29 00 37 00  |....p?b."...).7.|
00000480  01 15 0e 0a 0b 0c ff 00  a0 00 44 1d af 3e b2 8f  |..........D..>..|
00000490  70 bf 78 02 0f 00 00 01  2a 00 37 00 08 04 0c 0b  |p.x.....*.7.....|
000004a0  0a ff ff 00 c4 00 57 20  8d be 3f 15 76 bf 8d 02  |......W ..?.v...|
000004b0  ff ff 00 00 2b 00 37 00  01 1b 08 07 06 ff ff 00  |....+.7.........|
000004c0  54 01 44 1d af be b2 8f  70 3f 91 02 23 00 01 01  |T.D.....p?..#...|
000004d0  2c 00 37 00 01 12 09 06  07 ff ff 00 a0 00 44 1d  |,.7...........D.|
000004e0  af 3e b2 8f 70 bf ac 02  0e 00 01 ff 2d 00 37 00  |.>..p.......-.7.|
000004f0  08 04 07 06 ff ff ff 00  54 01 44 1d af be b2 8f  |........T.D.....|
00000500  70 3f be 02 ff ff 01 00  2e 00 37 00 06 15 ff ff  |p?........7.....|
00000510  ff ff ff 00 54 01 44 1d  af be b2 8f 70 3f c2 02  |....T.D.....p?..|
00000520  ff ff ff 00 2f 00 37 00  04 0e ff ff ff ff ff 00  |..../.7.........|
00000530  54 01 44 1d af be b2 8f  70 3f d7 02 ff ff ff 00  |T.D.....p?......|
00000540  00 00 38 00 01 0f 0d 0a  0b 0c ff 00 be 00 d4 d0  |..8.............|
00000550  31 be 5c 1c 7c bf e5 02  14 00 00 00 31 00 38 00  |1.\.|.......1.8.|
00000560  01 10 0e 0c 0b 0a ff 00  0a 00 d4 d0 31 3e 5c 1c  |............1>\.|
00000570  7c 3f f4 02 00 00 00 00  32 00 38 00 08 04 0c 0b  ||?......2.8.....|
00000580  0a ff ff 00 c8 00 44 1d  af be b2 8f 70 bf 04 03  |......D.....p...|
00000590  ff ff 00 00 33 00 38 00  01 14 0f 06 07 08 09 00  |....3.8.........|
000005a0  96 00 00 00 00 3f d7 b3  5d bf 08 03 10 00 01 00  |.....?..].......|
000005b0  34 00 38 00 01 13 10 09  08 07 06 00 4a 01 00 00  |4.8.........J...|
000005c0  00 bf d7 b3 5d 3f 1c 03  24 00 01 00 35 00 38 00  |....]?..$...5.8.|
000005d0  08 04 06 07 08 09 ff 00  00 00 00 00 00 00 00 00  |................|
000005e0  80 3f 2f 03 ff ff 01 00  36 00 38 00 04 0e ff ff  |.?/.....6.8.....|
000005f0  ff ff ff 00 00 00 00 00  00 00 00 00 80 3f 33 03  |.............?3.|
00000600  ff ff ff 00 37 00 38 00  06 15 ff ff ff ff ff 00  |....7.8.........|
00000610  00 00 00 00 00 00 00 00  80 3f 41 03 ff ff ff 00  |.........?A.....|
00000620  00 00 3e 00 10 08 ff ff  ff ff ff 00 00 00 00 00  |..>.............|
00000630  00 00 00 00 80 3f 56 03  ff ff ff 00 39 00 3e 00  |.....?V.....9.>.|
00000640  04 09 ff ff ff ff ff 00  00 00 00 00 00 00 00 00  |................|
00000650  80 3f 5e 03 ff ff ff 00  00 00 f4 00 01 13 0c 0b  |.?^.............|
00000660  09 08 ff 00 00 00 00 00  00 00 00 00 80 3f 67 03  |.............?g.|
00000670  25 00 00 00 3b 00 f4 00  01 17 0d 0b 09 08 ff 00  |%...;...........|
00000680  b4 00 00 00 00 00 00 00  80 bf 7a 03 11 00 00 00  |..........z.....|
00000690  3c 00 f4 00 08 04 08 09  0b ff ff 00 00 00 00 00  |<...............|
000006a0  00 00 00 00 80 3f 91 03  ff ff 00 00 3d 00 f4 00  |.....?......=...|
000006b0  01 16 11 10 0f 0e ff 00  53 01 01 7c b7 be 20 ff  |........S..|.. .|
000006c0  6e 3f 95 03 21 00 01 00  3e 00 f4 00 01 16 12 0e  |n?..!...>.......|
000006d0  0f 10 ff 00 9f 00 01 7c  b7 3e 20 ff 6e bf ab 03  |.......|.> .n...|
000006e0  0d 00 01 00 3f 00 f4 00  08 04 0e 0f 10 ff ff 00  |....?...........|
000006f0  00 00 00 00 00 00 00 00  80 3f c1 03 ff ff 01 00  |.........?......|
00000700  40 00 f4 00 06 15 ff ff  ff ff ff 00 00 00 00 00  |@...............|
00000710  00 00 00 00 80 3f c5 03  ff ff ff 00 41 00 f4 00  |.....?......A...|
00000720  04 0e ff ff ff ff ff 00  00 00 00 00 00 00 00 00  |................|
00000730  80 3f da 03 ff ff ff 00  00 00 f5 00 01 18 0d 0c  |.?..............|
00000740  0b 0a ff 00 09 00 5b 30  20 3e 25 d9 7c 3f e8 03  |......[0 >%.|?..|
00000750  00 00 00 00 43 00 f5 00  01 11 0e 0a 0b 0c ff 00  |....C...........|
00000760  bd 00 5b 30 20 be 25 d9  7c bf 00 04 14 00 00 00  |..[0 .%.|.......|
00000770  44 00 f5 00 08 04 0c 0b  0a ff ff 00 00 00 00 00  |D...............|
00000780  00 00 00 00 80 3f 11 04  ff ff 00 00 45 00 f5 00  |.....?......E...|
00000790  01 17 09 07 06 05 ff 00  00 00 00 00 00 00 00 00  |................|
000007a0  80 3f 15 04 25 00 01 00  46 00 f5 00 01 14 08 05  |.?..%...F.......|
000007b0  06 07 ff 00 b4 00 00 00  00 00 00 00 80 bf 2c 04  |..............,.|
000007c0  11 00 01 00 47 00 f5 00  08 04 05 06 07 ff ff 00  |....G...........|
000007d0  00 00 00 00 00 00 00 00  80 3f 40 04 ff ff 01 00  |.........?@.....|
000007e0  48 00 f5 00 06 15 ff ff  ff ff ff 00 00 00 00 00  |H...............|
000007f0  00 00 00 00 80 3f 44 04  ff ff ff 00 49 00 f5 00  |.....?D.....I...|
00000800  04 0e ff ff ff ff ff 00  00 00 00 00 00 00 00 00  |................|
00000810  80 3f 59 04 ff ff ff 00  00 00 f6 00 01 0c 03 04  |.?Y.............|
00000820  05 ff ff 00 b4 00 00 00  00 00 00 00 80 bf 67 04  |..............g.|
00000830  11 00 00 00 4b 00 f6 00  01 0c 03 04 05 ff ff 00  |....K...........|
00000840  00 00 00 00 00 00 00 00  80 3f 73 04 25 00 00 00  |.........?s.%...|
00000850  4c 00 f6 00 08 04 03 04  05 ff ff 00 00 00 00 00  |L...............|
00000860  00 00 00 00 80 3f 7f 04  ff ff 00 00 4d 00 f6 00  |.....?......M...|
00000870  06 15 ff ff ff ff ff 00  00 00 00 00 00 00 00 00  |................|
00000880  80 3f 83 04 ff ff ff 00  4e 00 f6 00 04 0e ff ff  |.?......N.......|
00000890  ff ff ff 00 00 00 00 00  00 00 00 00 80 3f 98 04  |.............?..|
000008a0  ff ff ff 00 00 00 f7 00  01 15 0e 08 07 06 ff 00  |................|
000008b0  3c 01 22 d5 31 bf a7 26  38 3f a6 04 1f 00 00 ff  |<.".1..&8?......|
000008c0  50 00 f7 00 01 15 0d 08  07 06 ff 00 88 00 22 d5  |P.............".|
000008d0  31 3f a7 26 38 bf bb 04  0c 00 00 01 51 00 f7 00  |1?.&8.......Q...|
000008e0  08 04 08 07 06 ff ff 00  00 00 00 00 00 00 00 00  |................|
000008f0  80 3f d0 04 ff ff 00 00  52 00 f7 00 01 15 0f 0a  |.?......R.......|
00000900  09 0b 0c 00 3c 01 22 d5  31 bf a7 26 38 3f d4 04  |....<.".1..&8?..|
00000910  20 00 01 01 53 00 f7 00  01 17 10 0a 09 0b 0c 00  | ...S...........|
00000920  88 00 22 d5 31 3f a7 26  38 bf e9 04 0b 00 01 ff  |..".1?.&8.......|
00000930  54 00 f7 00 08 04 0a 09  0b 0c ff 00 00 00 00 00  |T...............|
00000940  00 00 00 00 80 3f 00 05  ff ff 01 00 55 00 f7 00  |.....?......U...|
00000950  06 15 ff ff ff ff ff 00  00 00 00 00 00 00 00 00  |................|
00000960  80 3f 04 05 ff ff ff 00  56 00 f7 00 04 0e ff ff  |.?......V.......|
00000970  ff ff ff 00 00 00 00 00  00 00 00 00 80 3f 19 05  |.............?..|
00000980  ff ff ff 00 00 00 6b 01  04 0e ff ff ff ff ff 00  |......k.........|
00000990  00 00 00 00 00 00 00 00  80 3f 27 05 ff ff ff 00  |.........?'.....|
000009a0  00 00 6c 01 04 0e ff ff  ff ff ff 00 00 00 00 00  |..l.............|
000009b0  00 00 00 00 80 3f 35 05  ff ff ff 00 59 00 6c 01  |.....?5.....Y.l.|
000009c0  0e 00 ff ff ff ff ff 00  00 00 00 00 00 00 00 00  |................|
000009d0  80 3f 43 05 ff ff ff 00  00 00 6d 01 04 0e ff ff  |.?C.......m.....|
000009e0  ff ff ff 00 00 00 00 00  00 00 00 00 80 3f 43 05  |.............?C.|
000009f0  ff ff ff 00 5b 00 6d 01  0e 02 ff ff ff ff ff 00  |....[.m.........|
00000a00  00 00 00 00 00 00 00 00  80 3f 51 05 ff ff ff 00  |.........?Q.....|
00000a10  00 00 6e 01 04 0e ff ff  ff ff ff 00 00 00 00 00  |..n.............|
00000a20  00 00 00 00 80 3f 53 05  ff ff ff 00 00 00 6f 01  |.....?S.......o.|
00000a30  04 0e ff ff ff ff ff 00  00 00 00 00 00 00 00 00  |................|
00000a40  80 3f 61 05 ff ff ff 00  5e 00 6f 01 0e 02 ff ff  |.?a.....^.o.....|
00000a50  ff ff ff 00 00 00 00 00  00 00 00 00 80 3f 6f 05  |.............?o.|
00000a60  ff ff ff 00 00 00 70 01  04 0e ff ff ff ff ff 00  |......p.........|
00000a70  00 00 00 00 00 00 00 00  80 3f 71 05 ff ff ff 00  |.........?q.....|
00000a80  60 00 70 01 0e 02 ff ff  ff ff ff 00 00 00 00 00  |`.p.............|
00000a90  00 00 00 00 80 3f 7f 05  ff ff ff 00 00 00 71 01  |.....?........q.|
00000aa0  04 0d ff ff ff ff ff 00  00 00 00 00 00 00 00 00  |................|
00000ab0  80 3f 81 05 27 00 ff 01  00 00 72 01 04 0d ff ff  |.?..'.....r.....|
00000ac0  ff ff ff 00 00 00 00 00  00 00 00 00 80 3f 8e 05  |.............?..|
00000ad0  27 00 ff 01 00 00 73 01  04 0e ff ff ff ff ff 00  |'.....s.........|
00000ae0  00 00 00 00 00 00 00 00  80 3f 9b 05 27 00 ff 01  |.........?..'...|
00000af0  00 00 74 01 04 0d ff ff  ff ff ff 00 00 00 00 00  |..t.............|
00000b00  00 00 00 00 80 3f a9 05  27 00 ff 01 00 00 75 01  |.....?..'.....u.|
00000b10  04 0d ff ff ff ff ff 00  00 00 00 00 00 00 00 00  |................|
00000b20  80 3f b6 05 27 00 ff 01  00 00 76 01 04 0d ff ff  |.?..'.....v.....|
00000b30  ff ff ff 00 00 00 00 00  00 00 00 00 80 3f c3 05  |.............?..|
00000b40  27 00 ff 01 00 00 77 01  10 04 ff ff ff ff ff 00  |'.....w.........|
00000b50  00 00 00 00 00 00 00 00  80 3f d0 05 ff ff ff 00  |.........?......|
00000b60  68 00 77 01 04 0c ff ff  ff ff ff 00 00 00 00 00  |h.w.............|
00000b70  00 00 00 00 80 3f d4 05  ff ff ff 00 00 00 78 01  |.....?........x.|
00000b80  10 08 ff ff ff ff ff 00  00 00 00 00 00 00 00 00  |................|
00000b90  80 3f e0 05 ff ff ff 00  6a 00 78 01 04 09 ff ff  |.?......j.x.....|
00000ba0  ff ff ff 00 00 00 00 00  00 00 00 00 80 3f e8 05  |.............?..|
00000bb0  ff ff ff 00 00 00 79 01  10 08 ff ff ff ff ff 00  |......y.........|
00000bc0  00 00 00 00 00 00 00 00  80 3f f1 05 ff ff ff 00  |.........?......|
00000bd0  6c 00 79 01 04 0a ff ff  ff ff ff 00 4b 00 ea 46  |l.y.........K..F|
00000be0  77 3f ee 83 84 3e f9 05  ff ff ff 00 00 00 7a 01  |w?...>........z.|
00000bf0  10 08 ff ff ff ff ff 00  00 00 00 00 00 00 00 00  |................|
00000c00  80 3f 03 06 ff ff ff 00  6e 00 7a 01 04 0a ff ff  |.?......n.z.....|
00000c10  ff ff ff 00 5a 00 00 00  80 3f 00 00 00 00 0b 06  |....Z....?......|
00000c20  ff ff ff 00 00 00 7b 01  10 08 ff ff ff ff ff 00  |......{.........|
00000c30  00 00 00 00 00 00 00 00  80 3f 15 06 ff ff ff 00  |.........?......|
00000c40  70 00 7b 01 04 0a ff ff  ff ff ff 00 00 00 00 00  |p.{.............|
00000c50  00 00 00 00 80 3f 1d 06  ff ff ff 00 00 00 7c 01  |.....?........|.|
00000c60  10 08 ff ff ff ff ff 00  00 00 00 00 00 00 00 00  |................|
00000c70  80 3f 27 06 ff ff ff 00  72 00 7c 01 04 0a ff ff  |.?'.....r.|.....|
00000c80  ff ff ff 00 00 00 00 00  00 00 00 00 80 3f 2f 06  |.............?/.|
00000c90  ff ff ff 00 00 00 7d 01  10 08 ff ff ff ff ff 00  |......}.........|
00000ca0  00 00 00 00 00 00 00 00  80 3f 39 06 ff ff ff 00  |.........?9.....|
00000cb0  74 00 7d 01 04 09 ff ff  ff ff ff 00 00 00 00 00  |t.}.............|
00000cc0  00 00 00 00 80 3f 41 06  ff ff ff 00 00 00 7e 01  |.....?A.......~.|
00000cd0  10 08 ff ff ff ff ff 00  00 00 00 00 00 00 00 00  |................|
00000ce0  80 3f 4a 06 ff ff ff 00  76 00 7e 01 04 0a ff ff  |.?J.....v.~.....|
00000cf0  ff ff ff 00 00 00 00 00  00 00 00 00 80 3f 52 06  |.............?R.|
00000d00  ff ff ff 00 00 00 7f 01  10 08 ff ff ff ff ff 00  |................|
00000d10  00 00 00 00 00 00 00 00  80 3f 5c 06 ff ff ff 00  |.........?\.....|
00000d20  78 00 7f 01 04 0a ff ff  ff ff ff 00 00 00 00 00  |x...............|
00000d30  00 00 00 00 80 3f 64 06  ff ff ff 00 00 00 80 01  |.....?d.........|
00000d40  10 08 ff ff ff ff ff 00  00 00 00 00 00 00 00 00  |................|
00000d50  80 3f 6e 06 ff ff ff 00  7a 00 80 01 04 0a ff ff  |.?n.....z.......|
00000d60  ff ff ff 00 1d 01 ea 46  77 bf ee 83 84 3e 76 06  |.......Fw....>v.|
00000d70  ff ff ff 00 00 00 81 01  10 08 ff ff ff ff ff 00  |................|
00000d80  00 00 00 00 00 00 00 00  80 3f 80 06 ff ff ff 00  |.........?......|
00000d90  7c 00 81 01 04 0a ff ff  ff ff ff 00 0e 01 00 00  ||...............|
00000da0  80 bf 00 00 00 00 88 06  ff ff ff 00 00 00 82 01  |................|
00000db0  10 08 ff ff ff ff ff 00  00 00 00 00 00 00 00 00  |................|
00000dc0  80 3f 92 06 ff ff ff 00  7e 00 82 01 04 0a ff ff  |.?......~.......|
00000dd0  ff ff ff 00 4b 00 ea 46  77 3f ee 83 84 3e 9a 06  |....K..Fw?...>..|
00000de0  ff ff ff 00 00 00 83 01  10 08 ff ff ff ff ff 00  |................|
00000df0  00 00 00 00 00 00 00 00  80 3f a4 06 ff ff ff 00  |.........?......|
00000e00  80 00 83 01 04 0c ff ff  ff ff ff 00 69 00 ea 46  |............i..F|
00000e10  77 3f ee 83 84 be ac 06  ff ff ff 00 00 00 9a 01  |w?..............|
00000e20  01 16 07 0a 09 08 ff 00  0a 00 d4 d0 31 3e 5c 1c  |............1>\.|
00000e30  7c 3f b8 06 00 00 00 00  82 00 9a 01 01 16 06 08  ||?..............|
00000e40  09 0a ff 00 be 00 d4 d0  31 be 5c 1c 7c bf ce 06  |........1.\.|...|
00000e50  14 00 00 00 83 00 9a 01  08 04 08 09 0a 06 07 00  |................|
00000e60  0a 00 d4 d0 31 3e 5c 1c  7c 3f e4 06 ff ff 00 00  |....1>\.|?......|
00000e70  84 00 9a 01 0b 14 ff ff  ff ff ff 00 00 00 00 00  |................|
00000e80  00 00 00 00 80 3f e8 06  ff ff ff 00 85 00 9a 01  |.....?..........|
00000e90  0e 04 ff ff ff ff ff 00  00 00 00 00 00 00 00 00  |................|
00000ea0  80 3f fc 06 ff ff ff 00  86 00 9a 01 06 15 ff ff  |.?..............|
00000eb0  ff ff ff 00 0a 00 d4 d0  31 3e 5c 1c 7c 3f 00 07  |........1>\.|?..|
00000ec0  ff ff ff 00 87 00 9a 01  04 0e ff ff ff ff ff 00  |................|
00000ed0  0a 00 d4 d0 31 3e 5c 1c  7c 3f 15 07 ff ff ff 00  |....1>\.|?......|
00000ee0  00 00 9b 01 01 16 07 0a  09 08 ff 00 14 00 44 1d  |..............D.|
00000ef0  af 3e b2 8f 70 3f 23 07  01 00 00 00 89 00 9b 01  |.>..p?#.........|
00000f00  01 16 06 08 09 0a ff 00  c8 00 44 1d af be b2 8f  |..........D.....|
00000f10  70 bf 39 07 15 00 00 00  8a 00 9b 01 08 04 08 09  |p.9.............|
00000f20  0a 06 07 00 14 00 44 1d  af 3e b2 8f 70 3f 4f 07  |......D..>..p?O.|
00000f30  ff ff 00 00 8b 00 9b 01  0e 04 ff ff ff ff ff 00  |................|
00000f40  0a 00 d4 d0 31 3e 5c 1c  7c 3f 53 07 ff ff ff 00  |....1>\.|?S.....|
00000f50  8c 00 9b 01 06 15 ff ff  ff ff ff 00 14 00 44 1d  |..............D.|
00000f60  af 3e b2 8f 70 3f 57 07  ff ff ff 00 8d 00 9b 01  |.>..p?W.........|
00000f70  04 0e ff ff ff ff ff 00  14 00 44 1d af 3e b2 8f  |..........D..>..|
00000f80  70 3f 6c 07 ff ff ff 00  00 00 9c 01 01 16 07 0a  |p?l.............|
00000f90  09 08 ff 00 50 00 5c 1c  7c 3f d4 d0 31 3e 7a 07  |....P.\.|?..1>z.|
00000fa0  06 00 00 00 8f 00 9c 01  01 16 06 08 09 0a ff 00  |................|
00000fb0  04 01 5c 1c 7c bf d4 d0  31 be 90 07 1a 00 00 00  |..\.|...1.......|
00000fc0  90 00 9c 01 08 04 08 09  0a 06 07 00 50 00 5c 1c  |............P.\.|
00000fd0  7c 3f d4 d0 31 3e a6 07  ff ff 00 00 91 00 9c 01  ||?..1>..........|
00000fe0  0e 04 ff ff ff ff ff 00  46 00 b2 8f 70 3f 44 1d  |........F...p?D.|
00000ff0  af 3e aa 07 ff ff ff 00  92 00 9c 01 06 15 ff ff  |.>..............|
00001000  ff ff ff 00 50 00 5c 1c  7c 3f d4 d0 31 3e ae 07  |....P.\.|?..1>..|
00001010  ff ff ff 00 93 00 9c 01  04 0e ff ff ff ff ff 00  |................|
00001020  50 00 5c 1c 7c 3f d4 d0  31 3e c3 07 ff ff ff 00  |P.\.|?..1>......|
00001030  00 00 9d 01 01 16 07 0a  09 08 ff 00 6e 00 b2 8f  |............n...|
00001040  70 3f 44 1d af be d1 07  08 00 00 00 95 00 9d 01  |p?D.............|
00001050  01 16 06 08 09 0a ff 00  22 01 b2 8f 70 bf 44 1d  |........"...p.D.|
00001060  af 3e e7 07 1c 00 00 00  96 00 9d 01 08 04 08 09  |.>..............|
00001070  0a 06 07 00 6e 00 b2 8f  70 3f 44 1d af be fd 07  |....n...p?D.....|
00001080  ff ff 00 00 97 00 9d 01  0e 04 ff ff ff ff ff 00  |................|
00001090  64 00 5c 1c 7c 3f d4 d0  31 be 01 08 ff ff ff 00  |d.\.|?..1.......|
000010a0  98 00 9d 01 06 15 ff ff  ff ff ff 00 6e 00 b2 8f  |............n...|
000010b0  70 3f 44 1d af be 05 08  ff ff ff 00 99 00 9d 01  |p?D.............|
000010c0  04 0e ff ff ff ff ff 00  6e 00 b2 8f 70 3f 44 1d  |........n...p?D.|
000010d0  af be 1a 08 ff ff ff 00  00 00 9e 01 01 16 07 0a  |................|
000010e0  09 08 ff 00 78 00 d7 b3  5d 3f 00 00 00 bf 28 08  |....x...]?....(.|
000010f0  09 00 00 00 9b 00 9e 01  01 16 06 08 09 0a ff 00  |................|
00001100  2c 01 d7 b3 5d bf 00 00  00 3f 3e 08 1d 00 00 00  |,...]....?>.....|
00001110  9c 00 9e 01 08 04 08 09  0a 06 07 00 78 00 d7 b3  |............x...|
00001120  5d 3f 00 00 00 bf 54 08  ff ff 00 00 9d 00 9e 01  |]?....T.........|
00001130  0e 04 ff ff ff ff ff 00  00 00 00 00 00 00 00 00  |................|
00001140  80 3f 58 08 ff ff ff 00  9e 00 9e 01 06 15 ff ff  |.?X.............|
00001150  ff ff ff 00 78 00 d7 b3  5d 3f 00 00 00 bf 5c 08  |....x...]?....\.|
00001160  ff ff ff 00 9f 00 9e 01  04 0e ff ff ff ff ff 00  |................|
00001170  78 00 d7 b3 5d 3f 00 00  00 bf 71 08 ff ff ff 00  |x...]?....q.....|
00001180  00 00 9f 01 01 16 07 0a  09 08 ff 00 c8 00 44 1d  |..............D.|
00001190  af be b2 8f 70 bf 7f 08  15 00 00 00 a1 00 9f 01  |....p...........|
000011a0  01 16 06 08 09 0a ff 00  14 00 44 1d af 3e b2 8f  |..........D..>..|
000011b0  70 3f 95 08 01 00 00 00  a2 00 9f 01 08 04 08 09  |p?..............|
000011c0  0a 06 07 00 c8 00 44 1d  af be b2 8f 70 bf ab 08  |......D.....p...|
000011d0  ff ff 00 00 a3 00 9f 01  0e 04 ff ff ff ff ff 00  |................|
000011e0  be 00 d4 d0 31 be 5c 1c  7c bf af 08 ff ff ff 00  |....1.\.|.......|
000011f0  a4 00 9f 01 06 15 ff ff  ff ff ff 00 c8 00 44 1d  |..............D.|
00001200  af be b2 8f 70 bf b3 08  ff ff ff 00 a5 00 9f 01  |....p...........|
00001210  04 0e ff ff ff ff ff 00  c8 00 44 1d af be b2 8f  |..........D.....|
00001220  70 bf c8 08 ff ff ff 00  00 00 a0 01 01 16 07 0a  |p...............|
00001230  09 08 ff 00 d2 00 00 00  00 bf d7 b3 5d bf d6 08  |............]...|
00001240  18 00 00 00 a7 00 a0 01  01 16 06 08 09 0a ff 00  |................|
00001250  1e 00 00 00 00 3f d7 b3  5d 3f ec 08 04 00 00 00  |.....?..]?......|
00001260  a8 00 a0 01 08 04 08 09  0a 06 07 00 d2 00 00 00  |................|
00001270  00 bf d7 b3 5d bf 02 09  ff ff 00 00 a9 00 a0 01  |....]...........|
00001280  0e 04 ff ff ff ff ff 00  c8 00 44 1d af be b2 8f  |..........D.....|
00001290  70 bf 06 09 ff ff ff 00  aa 00 a0 01 06 15 ff ff  |p...............|
000012a0  ff ff ff 00 d2 00 00 00  00 bf d7 b3 5d bf 0a 09  |............]...|
000012b0  ff ff ff 00 ab 00 a0 01  04 0e ff ff ff ff ff 00  |................|
000012c0  d2 00 00 00 00 bf d7 b3  5d bf 1f 09 ff ff ff 00  |........].......|
000012d0  00 00 a1 01 01 16 0b 0a  09 08 ff 00 e6 00 7d 1b  |..............}.|
000012e0  44 bf bb 8d 24 bf 2d 09  2c 00 00 ff ad 00 a1 01  |D...$.-.,.......|
000012f0  01 15 0c 08 09 0a ff 00  32 00 7d 1b 44 3f bb 8d  |........2.}.D?..|
00001300  24 3f 43 09 2a 00 00 01  ae 00 a1 01 08 04 0a 09  |$?C.*...........|
00001310  08 ff ff 00 56 00 5c 60  7f 3f 7b dc 8e 3d 58 09  |....V.\`.?{..=X.|
00001320  ff ff 00 00 af 00 a1 01  01 1b 06 05 04 ff ff 00  |................|
00001330  e6 00 7d 1b 44 bf bb 8d  24 bf 5c 09 2d 00 01 01  |..}.D...$.\.-...|
00001340  b0 00 a1 01 01 12 07 04  05 ff ff 00 32 00 7d 1b  |............2.}.|
00001350  44 3f bb 8d 24 3f 77 09  29 00 01 ff b1 00 a1 01  |D?..$?w.).......|
00001360  08 04 05 04 ff ff ff 00  e6 00 7d 1b 44 bf bb 8d  |..........}.D...|
00001370  24 bf 89 09 ff ff 01 00  b2 00 a1 01 06 15 ff ff  |$...............|
00001380  ff ff ff 00 e6 00 7d 1b  44 bf bb 8d 24 bf 8d 09  |......}.D...$...|
00001390  ff ff ff 00 b3 00 a1 01  04 0e ff ff ff ff ff 00  |................|
000013a0  e6 00 7d 1b 44 bf bb 8d  24 bf a2 09 ff ff ff 00  |..}.D...$.......|
000013b0  00 00 a2 01 01 16 07 0a  09 08 ff 00 04 01 5c 1c  |..............\.|
000013c0  7c bf d4 d0 31 be b0 09  1a 00 00 00 b5 00 a2 01  ||...1...........|
000013d0  01 16 06 08 09 0a ff 00  50 00 5c 1c 7c 3f d4 d0  |........P.\.|?..|
000013e0  31 3e c6 09 06 00 00 00  b6 00 a2 01 08 04 08 09  |1>..............|
000013f0  0a 06 07 00 04 01 5c 1c  7c bf d4 d0 31 be dc 09  |......\.|...1...|
00001400  ff ff 00 00 b7 00 a2 01  0e 04 ff ff ff ff ff 00  |................|
00001410  fa 00 b2 8f 70 bf 44 1d  af be e0 09 ff ff ff 00  |....p.D.........|
00001420  b8 00 a2 01 06 15 ff ff  ff ff ff 00 04 01 5c 1c  |..............\.|
00001430  7c bf d4 d0 31 be e4 09  ff ff ff 00 b9 00 a2 01  ||...1...........|
00001440  04 0e ff ff ff ff ff 00  04 01 5c 1c 7c bf d4 d0  |..........\.|...|
00001450  31 be f9 09 ff ff ff 00  00 00 a3 01 01 16 0a 06  |1...............|
00001460  05 04 ff 00 2c 01 d7 b3  5d bf 00 00 00 3f 07 0a  |....,...]....?..|
00001470  1d 00 00 00 bb 00 a3 01  01 16 09 04 05 06 ff 00  |................|
00001480  78 00 d7 b3 5d 3f 00 00  00 bf 1d 0a 09 00 00 00  |x...]?..........|
00001490  bc 00 a3 01 08 04 04 05  06 09 0a 00 2c 01 d7 b3  |............,...|
000014a0  5d bf 00 00 00 3f 33 0a  ff ff 00 00 bd 00 a3 01  |]....?3.........|
000014b0  0e 04 ff ff ff ff ff 00  22 01 b2 8f 70 bf 44 1d  |........"...p.D.|
000014c0  af 3e 37 0a ff ff ff 00  be 00 a3 01 06 15 ff ff  |.>7.............|
000014d0  ff ff ff 00 2c 01 d7 b3  5d bf 00 00 00 3f 3b 0a  |....,...]....?;.|
000014e0  ff ff ff 00 bf 00 a3 01  04 0e ff ff ff ff ff 00  |................|
000014f0  2c 01 d7 b3 5d bf 00 00  00 3f 50 0a ff ff ff 00  |,...]....?P.....|
00001500  00 00 a4 01 01 16 07 0a  09 08 ff 00 40 01 bb 8d  |............@...|
00001510  24 bf 7d 1b 44 3f 5e 0a  1e 00 00 00 c1 00 a4 01  |$.}.D?^.........|
00001520  01 16 06 08 09 0a ff 00  8c 00 bb 8d 24 3f 7d 1b  |............$?}.|
00001530  44 bf 74 0a 0a 00 00 00  c2 00 a4 01 08 04 08 09  |D.t.............|
00001540  0a 06 07 00 40 01 bb 8d  24 bf 7d 1b 44 3f 8a 0a  |....@...$.}.D?..|
00001550  ff ff 00 00 c3 00 a4 01  0e 04 ff ff ff ff ff 00  |................|
00001560  36 01 7d 1b 44 bf bb 8d  24 3f 8e 0a ff ff ff 00  |6.}.D...$?......|
00001570  c4 00 a4 01 06 15 ff ff  ff ff ff 00 40 01 bb 8d  |............@...|
00001580  24 bf 7d 1b 44 3f 92 0a  ff ff ff 00 c5 00 a4 01  |$.}.D?..........|
00001590  04 0e ff ff ff ff ff 00  40 01 bb 8d 24 bf 7d 1b  |........@...$.}.|
000015a0  44 3f a7 0a ff ff ff 00  00 00 a5 01 01 16 0a 08  |D?..............|
000015b0  07 06 ff 00 54 01 44 1d  af be b2 8f 70 3f b5 0a  |....T.D.....p?..|
000015c0  21 00 00 00 c7 00 a5 01  01 16 09 06 07 08 ff 00  |!...............|
000015d0  a0 00 44 1d af 3e b2 8f  70 bf cb 0a 0d 00 00 00  |..D..>..p.......|
000015e0  c8 00 a5 01 08 04 06 07  08 09 0a 00 54 01 44 1d  |............T.D.|
000015f0  af be b2 8f 70 3f e1 0a  ff ff 00 00 c9 00 a5 01  |....p?..........|
00001600  0e 04 ff ff ff ff ff 00  4a 01 00 00 00 bf d7 b3  |........J.......|
00001610  5d 3f e5 0a ff ff ff 00  ca 00 a5 01 06 15 ff ff  |]?..............|
00001620  ff ff ff 00 54 01 44 1d  af be b2 8f 70 3f e9 0a  |....T.D.....p?..|
00001630  ff ff ff 00 cb 00 a5 01  04 0e ff ff ff ff ff 00  |................|
00001640  54 01 44 1d af be b2 8f  70 3f fe 0a ff ff ff 00  |T.D.....p?......|
00001650  00 00 a6 01 01 0c 04 05  06 ff ff 00 b4 00 00 00  |................|
00001660  00 00 00 00 80 bf 0c 0b  11 00 00 00 cd 00 a6 01  |................|
00001670  01 0c 04 05 06 ff ff 00  00 00 00 00 00 00 00 00  |................|
00001680  80 3f 18 0b 25 00 00 00  ce 00 a6 01 08 04 04 05  |.?..%...........|
00001690  06 ff ff 00 00 00 00 00  00 00 00 00 80 3f 24 0b  |.............?$.|
000016a0  ff ff 00 00 cf 00 a6 01  06 15 ff ff ff ff ff 00  |................|
000016b0  00 00 00 00 00 00 00 00  80 3f 28 0b ff ff ff 00  |.........?(.....|
000016c0  d0 00 a6 01 04 0e ff ff  ff ff ff 00 00 00 00 00  |................|
000016d0  00 00 00 00 80 3f 3d 0b  ff ff ff 00 00 00 a7 01  |.....?=.........|
000016e0  01 16 0d 0a 0b 0c ff 00  90 00 18 79 16 3f bd 1b  |...........y.?..|
000016f0  4f bf 4b 0b 0b 00 00 ff  d2 00 a7 01 01 15 0e 0a  |O.K.............|
00001700  0b 0c ff 00 44 01 18 79  16 bf bd 1b 4f 3f 61 0b  |....D..y....O?a.|
00001710  20 00 00 01 d3 00 a7 01  08 04 0c 0b 0a ff ff 00  | ...............|
00001720  00 00 00 00 00 00 00 00  80 3f 76 0b ff ff 00 00  |.........?v.....|
00001730  d4 00 a7 01 01 1b 08 07  06 ff ff 00 90 00 18 79  |...............y|
00001740  16 3f bd 1b 4f bf 7a 0b  0c 00 01 01 d5 00 a7 01  |.?..O.z.........|
00001750  01 12 09 06 07 ff ff 00  44 01 18 79 16 bf bd 1b  |........D..y....|
00001760  4f 3f 95 0b 1f 00 01 ff  d6 00 a7 01 08 04 07 06  |O?..............|
00001770  ff ff ff 00 90 00 18 79  16 3f bd 1b 4f bf a7 0b  |.......y.?..O...|
00001780  ff ff 01 00 d7 00 a7 01  06 15 ff ff ff ff ff 00  |................|
00001790  90 00 18 79 16 3f bd 1b  4f bf ab 0b ff ff ff 00  |...y.?..O.......|
000017a0  d8 00 a7 01 04 0e ff ff  ff ff ff 00 90 00 18 79  |...............y|
000017b0  16 3f bd 1b 4f bf c0 0b  ff ff ff 00 00 00 a8 01  |.?..O...........|
000017c0  01 0c 03 01 00 ff ff 00  5a 00 00 00 80 3f 00 00  |........Z....?..|
000017d0  00 00 ce 0b 07 00 00 00  da 00 a8 01 01 0c 02 01  |................|
000017e0  00 ff ff 00 0e 01 00 00  80 bf 00 00 00 00 da 0b  |................|
000017f0  1b 00 00 00 db 00 a8 01  08 04 01 00 ff ff ff 00  |................|
00001800  00 00 00 00 00 00 00 00  80 3f e6 0b ff ff 00 00  |.........?......|
00001810  dc 00 a8 01 06 06 ff ff  ff ff ff 00 00 00 00 00  |................|
00001820  00 00 00 00 80 3f ea 0b  ff ff ff 00 dd 00 a8 01  |.....?..........|
00001830  04 05 ff ff ff ff ff 00  00 00 00 00 00 00 00 00  |................|
00001840  80 3f f0 0b ff ff ff 00  00 00 ea 01 0e 02 ff ff  |.?..............|
00001850  ff ff ff 00 00 00 00 00  00 00 00 00 80 3f f5 0b  |.............?..|
00001860  ff ff ff 00 df 00 ea 01  04 0e ff ff ff ff ff 00  |................|
00001870  00 00 00 00 00 00 00 00  80 3f f7 0b ff ff ff 00  |.........?......|
00001880  00 00 eb 01 04 0e ff ff  ff ff ff 00 00 00 00 00  |................|
00001890  00 00 00 00 80 3f 05 0c  27 00 ff 01 00 00 ec 01  |.....?..'.......|
000018a0  04 0e ff ff ff ff ff 00  00 00 00 00 00 00 00 00  |................|
000018b0  80 3f 13 0c ff ff ff 00  e2 00 ec 01 0e 02 ff ff  |.?..............|
000018c0  ff ff ff 00 00 00 00 00  00 00 00 00 80 3f 21 0c  |.............?!.|
000018d0  ff ff ff 00 00 00 ed 01  04 0e ff ff ff ff ff 00  |................|
000018e0  00 00 00 00 00 00 00 00  80 3f 23 0c ff ff ff 00  |.........?#.....|
000018f0  00 00 f0 01 0e 02 ff ff  ff ff ff 00 00 00 00 00  |................|
00001900  00 00 00 00 80 3f 31 0c  ff ff ff 00 e5 00 f0 01  |.....?1.........|
00001910  04 0e ff ff ff ff ff 00  00 00 00 00 00 00 00 00  |................|
00001920  80 3f 33 0c ff ff ff 00  00 00 2f 02 01 16 07 0a  |.?3......./.....|
00001930  09 08 ff 00 04 01 5c 1c  7c bf d4 d0 31 be 41 0c  |......\.|...1.A.|
00001940  1a 00 00 00 e7 00 2f 02  01 16 06 08 09 0a ff 00  |....../.........|
00001950  50 00 5c 1c 7c 3f d4 d0  31 3e 57 0c 06 00 00 00  |P.\.|?..1>W.....|
00001960  e8 00 2f 02 08 04 08 09  0a 06 07 00 04 01 5c 1c  |../...........\.|
00001970  7c bf d4 d0 31 be 6d 0c  ff ff 00 00 e9 00 2f 02  ||...1.m......./.|
00001980  0e 04 ff ff ff ff ff 00  fa 00 b2 8f 70 bf 44 1d  |............p.D.|
00001990  af be 71 0c ff ff ff 00  ea 00 2f 02 06 15 ff ff  |..q......./.....|
000019a0  ff ff ff 00 04 01 5c 1c  7c bf d4 d0 31 be 75 0c  |......\.|...1.u.|
000019b0  ff ff ff 00 eb 00 2f 02  04 0e ff ff ff ff ff 00  |....../.........|
000019c0  04 01 5c 1c 7c bf d4 d0  31 be 8a 0c ff ff ff 00  |..\.|...1.......|
000019d0  00 00 30 02 0e 02 ff ff  ff ff ff 00 00 00 00 00  |..0.............|
000019e0  00 00 00 00 80 3f 98 0c  ff ff ff 00 ed 00 30 02  |.....?........0.|
000019f0  04 0e ff ff ff ff ff 00  00 00 00 00 00 00 00 00  |................|
00001a00  80 3f 9a 0c ff ff ff 00  00 00 31 02 0e 02 ff ff  |.?........1.....|
00001a10  ff ff ff 00 00 00 00 00  00 00 00 00 80 3f a8 0c  |.............?..|
00001a20  ff ff ff 00 ef 00 31 02  04 0e ff ff ff ff ff 00  |......1.........|
00001a30  00 00 00 00 00 00 00 00  80 3f aa 0c ff ff ff 00  |.........?......|
00001a40  00 00 32 02 0e 02 ff ff  ff ff ff 00 00 00 00 00  |..2.............|
00001a50  00 00 00 00 80 3f b8 0c  ff ff ff 00 f1 00 32 02  |.....?........2.|
00001a60  04 0e ff ff ff ff ff 00  00 00 00 00 00 00 00 00  |................|
00001a70  80 3f ba 0c ff ff ff 00  00 00 33 02 0e 02 ff ff  |.?........3.....|
00001a80  ff ff ff 00 00 00 00 00  00 00 00 00 80 3f c8 0c  |.............?..|
00001a90  ff ff ff 00 f3 00 33 02  04 0e ff ff ff ff ff 00  |......3.........|
00001aa0  00 00 00 00 00 00 00 00  80 3f ca 0c ff ff ff 00  |.........?......|
00001ab0  00 00 34 02 0e 02 ff ff  ff ff ff 00 00 00 00 00  |..4.............|
00001ac0  00 00 00 00 80 3f d8 0c  ff ff ff 00 f5 00 34 02  |.....?........4.|
00001ad0  04 0e ff ff ff ff ff 00  00 00 00 00 00 00 00 00  |................|
00001ae0  80 3f da 0c ff ff ff 00  00 00 35 02 0e 02 ff ff  |.?........5.....|
00001af0  ff ff ff 00 00 00 00 00  00 00 00 00 80 3f e8 0c  |.............?..|
00001b00  ff ff ff 00 00 00 36 02  0e 02 ff ff ff ff ff 00  |......6.........|
00001b10  00 00 00 00 00 00 00 00  80 3f ea 0c ff ff ff 00  |.........?......|
00001b20  00 00 37 02 0e 02 ff ff  ff ff ff 00 00 00 00 00  |..7.............|
00001b30  00 00 00 00 80 3f ec 0c  ff ff ff 00 00 00 38 02  |.....?........8.|
00001b40  0e 02 ff ff ff ff ff 00  00 00 00 00 00 00 00 00  |................|
00001b50  80 3f ee 0c ff ff ff 00  00 00 39 02 0e 02 ff ff  |.?........9.....|
00001b60  ff ff ff 00 00 00 00 00  00 00 00 00 80 3f f0 0c  |.............?..|
00001b70  ff ff ff 00 00 00 3a 02  0e 02 ff ff ff ff ff 00  |......:.........|
00001b80  00 00 00 00 00 00 00 00  80 3f f2 0c ff ff ff 00  |.........?......|
00001b90  00 00 3b 02 04 0e ff ff  ff ff ff 00 00 00 00 00  |..;.............|
00001ba0  00 00 00 00 80 3f f4 0c  ff ff ff 00 00 00 3c 02  |.....?........<.|
00001bb0  0e 02 ff ff ff ff ff 00  87 00 f3 04 35 3f f3 04  |............5?..|
00001bc0  35 bf 02 0d ff ff ff 00  00 00 3d 02 04 0e ff ff  |5.........=.....|
00001bd0  ff ff ff 00 00 00 00 00  00 00 00 00 80 3f 04 0d  |.............?..|
00001be0  ff ff ff 00 00 00 3e 02  0e 02 ff ff ff ff ff 00  |......>.........|
00001bf0  0e 01 00 00 80 bf 00 00  00 00 12 0d ff ff ff 00  |................|
00001c00  00 00 3f 02 0e 02 ff ff  ff ff ff 00 00 00 00 00  |..?.............|
00001c10  00 00 00 00 80 3f 14 0d  ff ff ff 00 00 00 40 02  |.....?........@.|
00001c20  0e 02 ff ff ff ff ff 00  00 00 00 00 00 00 00 00  |................|
00001c30  80 3f 16 0d ff ff ff 00  00 00 41 02 0e 02 ff ff  |.?........A.....|
00001c40  ff ff ff 00 00 00 00 00  00 00 00 00 80 3f 18 0d  |.............?..|
00001c50  ff ff ff 00 00 00 42 02  0e 02 ff ff ff ff ff 00  |......B.........|
00001c60  87 00 f3 04 35 3f f3 04  35 bf 1a 0d ff ff ff 00  |....5?..5.......|
00001c70  00 00 43 02 0e 02 ff ff  ff ff ff 00 00 00 00 00  |..C.............|
00001c80  00 00 00 00 80 3f 1c 0d  ff ff ff 00 00 00 44 02  |.....?........D.|
00001c90  0e 02 ff ff ff ff ff 00  00 00 00 00 00 00 00 00  |................|
00001ca0  80 3f 1e 0d ff ff ff 00  00 00 45 02 0e 02 ff ff  |.?........E.....|
00001cb0  ff ff ff 00 5a 00 00 00  80 3f 00 00 00 00 20 0d  |....Z....?.... .|
00001cc0  ff ff ff 00 00 00 46 02  0e 02 ff ff ff ff ff 00  |......F.........|
00001cd0  b4 00 00 00 00 00 00 00  80 bf 22 0d ff ff ff 00  |..........".....|
00001ce0  00 00 47 02 04 0e ff ff  ff ff ff 00 00 00 00 00  |..G.............|
00001cf0  00 00 00 00 80 3f 24 0d  ff ff ff 00 00 00 48 02  |.....?$.......H.|
00001d00  0e 02 ff ff ff ff ff 00  00 00 00 00 00 00 00 00  |................|
00001d10  80 3f 32 0d ff ff ff 00  0a 01 48 02 04 0e ff ff  |.?2.......H.....|
00001d20  ff ff ff 00 00 00 00 00  00 00 00 00 80 3f 34 0d  |.............?4.|
00001d30  ff ff ff 00 00 00 49 02  0e 02 ff ff ff ff ff 00  |......I.........|
00001d40  00 00 00 00 00 00 00 00  80 3f 42 0d ff ff ff 00  |.........?B.....|
00001d50  0c 01 49 02 04 0e ff ff  ff ff ff 00 00 00 00 00  |..I.............|
00001d60  00 00 00 00 80 3f 44 0d  ff ff ff 00 00 00 4a 02  |.....?D.......J.|
00001d70  04 0e ff ff ff ff ff 00  00 00 00 00 00 00 00 00  |................|
00001d80  80 3f 52 0d ff ff ff 00  00 00 4b 02 04 0e ff ff  |.?R.......K.....|
00001d90  ff ff ff 00 00 00 00 00  00 00 00 00 80 3f 60 0d  |.............?`.|
00001da0  ff ff ff 00 00 00 4c 02  04 0e ff ff ff ff ff 00  |......L.........|
00001db0  00 00 00 00 00 00 00 00  80 3f 6e 0d ff ff ff 00  |.........?n.....|
00001dc0  00 00 4d 02 04 0e ff ff  ff ff ff 00 00 00 00 00  |..M.............|
00001dd0  00 00 00 00 80 3f 7c 0d  ff ff ff 00 00 00 4e 02  |.....?|.......N.|
00001de0  04 0e ff ff ff ff ff 00  00 00 00 00 00 00 00 00  |................|
00001df0  80 3f 8a 0d ff ff ff 00  00 00 4f 02 04 0e ff ff  |.?........O.....|
00001e00  ff ff ff 00 00 00 00 00  00 00 00 00 80 3f 98 0d  |.............?..|
00001e10  ff ff ff 00 13 01 4f 02  0e 02 ff ff ff ff ff 00  |......O.........|
00001e20  00 00 00 00 00 00 00 00  80 3f a6 0d ff ff ff 00  |.........?......|
00001e30  00 00 50 02 04 0e ff ff  ff ff ff 00 00 00 00 00  |..P.............|
00001e40  00 00 00 00 80 3f a8 0d  ff ff ff 00 00 00 51 02  |.....?........Q.|
00001e50  04 0e ff ff ff ff ff 00  00 00 00 00 00 00 00 00  |................|
00001e60  80 3f b6 0d ff ff ff 00  16 01 51 02 0e 02 ff ff  |.?........Q.....|
00001e70  ff ff ff 00 00 00 00 00  00 00 00 00 80 3f c4 0d  |.............?..|
00001e80  ff ff ff 00 00 00 52 02  04 0e ff ff ff ff ff 00  |......R.........|
00001e90  00 00 00 00 00 00 00 00  80 3f c6 0d ff ff ff 00  |.........?......|
00001ea0  00 00 53 02 04 0e ff ff  ff ff ff 00 00 00 00 00  |..S.............|
00001eb0  00 00 00 00 80 3f d4 0d  ff ff ff 00 19 01 53 02  |.....?........S.|
00001ec0  0e 02 ff ff ff ff ff 00  00 00 00 00 00 00 00 00  |................|
00001ed0  80 3f e2 0d ff ff ff 00  00 00 54 02 04 0e ff ff  |.?........T.....|
00001ee0  ff ff ff 00 00 00 00 00  00 00 00 00 80 3f e4 0d  |.............?..|
00001ef0  ff ff ff 00 00 00 55 02  04 0e ff ff ff ff ff 00  |......U.........|
00001f00  00 00 00 00 00 00 00 00  80 3f f2 0d ff ff ff 00  |.........?......|
00001f10  1c 01 55 02 0e 02 ff ff  ff ff ff 00 00 00 00 00  |..U.............|
00001f20  00 00 00 00 80 3f 00 0e  ff ff ff 00 00 00 56 02  |.....?........V.|
00001f30  04 0e ff ff ff ff ff 00  00 00 00 00 00 00 00 00  |................|
00001f40  80 3f 02 0e ff ff ff 00  00 00 57 02 04 0e ff ff  |.?........W.....|
00001f50  ff ff ff 00 00 00 00 00  00 00 00 00 80 3f 10 0e  |.............?..|
00001f60  ff ff ff 00 1f 01 57 02  0e 02 ff ff ff ff ff 00  |......W.........|
00001f70  00 00 00 00 00 00 00 00  80 3f 1e 0e ff ff ff 00  |.........?......|
00001f80  00 00 58 02 04 0e ff ff  ff ff ff 00 00 00 00 00  |..X.............|
00001f90  00 00 00 00 80 3f 20 0e  ff ff ff 00 00 00 59 02  |.....? .......Y.|
00001fa0  04 0e ff ff ff ff ff 00  00 00 00 00 00 00 00 00  |................|
00001fb0  80 3f 2e 0e ff ff ff 00  22 01 59 02 0e 02 ff ff  |.?......".Y.....|
00001fc0  ff ff ff 00 00 00 00 00  00 00 00 00 80 3f 3c 0e  |.............?<.|
00001fd0  ff ff ff 00 00 00 5b 02  04 0a ff ff ff ff ff 00  |......[.........|
00001fe0  4b 00 ea 46 77 3f ee 83  84 3e 3e 0e ff ff ff 00  |K..Fw?...>>.....|
00001ff0  24 01 5b 02 10 04 ff ff  ff ff ff 00 00 00 00 00  |$.[.............|

=== FILE 3/17: terrdata/objects/Falcon4.PD ===
path: D:\SteamLibrary\steamapps\common\Falcon 4.0\terrdata\objects\FALCON4.PD
size: 44282 bytes  (dumping first 8192 bytes)
--- hex dump ---
00000000  6a 0e 00 00 00 00 00 00  00 00 00 03 00 00 00 b0  |j...............|
00000010  28 45 00 c0 38 45 01 01  00 00 00 00 d0 43 00 40  |(E..8E.......C.@|
00000020  51 c5 02 00 00 00 00 80  98 43 00 50 63 c5 0f 00  |Q........C.Pc...|
00000030  00 00 00 00 ba 42 00 70  5d c5 03 00 00 00 00 00  |.....B.p].......|
00000040  de c2 00 a0 58 c5 03 00  00 00 00 00 73 c3 00 b0  |....X.......s...|
00000050  54 c5 03 00 00 00 00 00  5d c3 00 c0 49 c5 03 00  |T.......]...I...|
00000060  00 00 00 00 15 c3 00 a0  3e c5 03 00 00 00 00 00  |........>.......|
00000070  98 c2 00 10 34 c5 03 00  00 00 00 00 88 c1 00 10  |....4...........|
00000080  2a c5 03 00 00 00 00 00  0c 42 00 30 20 c5 03 00  |*........B.0 ...|
00000090  00 00 00 00 b4 42 00 f0  16 c5 03 00 00 00 00 00  |.....B..........|
000000a0  13 43 00 40 0c c5 03 00  00 00 00 00 5c 43 00 c0  |.C.@........\C..|
000000b0  01 c5 03 00 00 00 00 80  8b 43 00 80 ef c4 03 00  |.........C......|
000000c0  00 00 00 80 a5 43 00 c0  db c4 03 00 00 00 00 00  |.....C..........|
000000d0  c1 43 00 40 c9 c4 03 00  00 00 00 00 dd 43 00 20  |.C.@.........C. |
000000e0  b3 c4 03 00 00 00 00 80  00 44 00 00 9e c4 03 00  |.........D......|
000000f0  00 00 00 40 0f 44 00 00  8a c4 03 00 00 00 00 40  |...@.D.........@|
00000100  1c 44 00 80 6c c4 03 00  00 00 00 00 2a 44 00 80  |.D..l.......*D..|
00000110  47 c4 03 02 00 00 00 00  01 44 00 40 3f c5 01 01  |G........D.@?...|
00000120  00 00 00 00 2e 45 00 20  46 45 02 00 00 00 00 f0  |.....E. FE......|
00000130  36 45 00 10 5d 45 0f 00  00 00 00 50 2a 45 00 d0  |6E..]E.....P*E..|
00000140  62 45 03 00 00 00 00 f0  1d 45 00 90 67 45 03 00  |bE.......E..gE..|
00000150  00 00 00 d0 12 45 00 90  69 45 03 00 00 00 00 30  |.....E..iE.....0|
00000160  0d 45 00 90 5f 45 03 00  00 00 00 50 09 45 00 60  |.E.._E.....P.E.`|
00000170  53 45 03 00 00 00 00 20  04 45 00 20 46 45 03 00  |SE..... .E. FE..|
00000180  00 00 00 20 fe 44 00 90  38 45 03 00 00 00 00 60  |... .D..8E.....`|
00000190  f4 44 00 a0 2b 45 03 00  00 00 00 40 eb 44 00 60  |.D..+E.....@.D.`|
000001a0  1e 45 03 00 00 00 00 80  e3 44 00 40 12 45 03 00  |.E.......D.@.E..|
000001b0  00 00 00 60 da 44 00 f0  05 45 03 00 00 00 00 80  |...`.D...E......|
000001c0  d2 44 00 40 f4 44 03 00  00 00 00 c0 c8 44 00 e0  |.D.@.D.......D..|
000001d0  dc 44 03 00 00 00 00 00  c0 44 00 80 c5 44 03 00  |.D.......D...D..|
000001e0  00 00 00 00 b8 44 00 20  ac 44 03 00 00 00 00 80  |.....D. .D......|
000001f0  ad 44 00 a0 92 44 03 00  00 00 00 a0 a4 44 00 80  |.D...D.......D..|
00000200  75 44 03 00 00 00 00 a0  9b 44 00 c0 43 44 03 02  |uD.......D..CD..|
00000210  00 00 00 90 3a 45 00 e0  76 45 08 01 00 00 00 00  |....:E..vE......|
00000220  45 45 00 40 73 45 08 00  00 00 00 00 79 43 00 e0  |EE.@sE......yC..|
00000230  7b c5 08 00 00 00 00 00  a6 42 00 60 78 c5 08 02  |{........B.`x...|
00000240  00 00 00 30 2e 45 00 e0  d5 44 01 01 00 00 00 60  |...0.E...D.....`|
00000250  97 44 00 40 24 c5 02 00  00 00 00 20 90 44 00 50  |.D.@$...... .D.P|
00000260  31 c5 0f 00 00 00 00 20  ad 44 00 10 37 c5 03 00  |1...... .D..7...|
00000270  00 00 00 60 c2 44 00 f0  38 c5 03 00 00 00 00 00  |...`.D..8.......|
00000280  cd 44 00 80 2c c5 03 00  00 00 00 00 d6 44 00 f0  |.D..,........D..|
00000290  1f c5 03 00 00 00 00 40  dd 44 00 30 16 c5 03 00  |.......@.D.0....|
000002a0  00 00 00 40 e6 44 00 90  09 c5 03 00 00 00 00 e0  |...@.D..........|
000002b0  ed 44 00 40 01 c5 03 00  00 00 00 c0 f6 44 00 60  |.D.@.........D.`|
000002c0  e9 c4 03 00 00 00 00 e0  00 45 00 e0 cc c4 03 00  |.........E......|
000002d0  00 00 00 50 05 45 00 c0  b3 c4 03 00 00 00 00 70  |...P.E.........p|
000002e0  09 45 00 00 9c c4 03 00  00 00 00 e0 0d 45 00 c0  |.E...........E..|
000002f0  82 c4 03 00 00 00 00 20  14 45 00 c0 44 c4 03 00  |....... .E..D...|
00000300  00 00 00 30 18 45 00 00  19 c4 03 00 00 00 00 20  |...0.E......... |
00000310  1c 45 00 80 db c3 03 00  00 00 00 60 1f 45 00 80  |.E.........`.E..|
00000320  88 c3 03 00 00 00 00 80  23 45 00 00 c4 c2 03 00  |........#E......|
00000330  00 00 00 e0 27 45 00 00  8c 42 03 00 00 00 00 40  |....'E...B.....@|
00000340  2b 45 00 00 80 43 03 00  00 00 00 90 2f 45 00 00  |+E...C....../E..|
00000350  d6 43 03 00 00 00 00 c0  33 45 00 c0 18 44 03 00  |.C......3E...D..|
00000360  00 00 00 80 38 45 00 40  49 44 03 00 00 00 00 50  |....8E.@ID.....P|
00000370  3d 45 00 c0 7a 44 03 00  00 00 00 10 41 45 00 60  |=E..zD......AE.`|
00000380  94 44 03 02 00 00 00 60  8d 44 00 50 31 c5 01 01  |.D.....`.D.P1...|
00000390  00 00 00 20 29 45 00 60  b8 44 02 00 00 00 00 80  |... )E.`.D......|
000003a0  2e 45 00 00 d4 44 0f 00  00 00 00 20 3f 45 00 c0  |.E...D..... ?E..|
000003b0  c9 44 03 00 00 00 00 20  49 45 00 60 c1 44 03 00  |.D..... IE.`.D..|
000003c0  00 00 00 00 54 45 00 60  b9 44 03 00 00 00 00 a0  |....TE.`.D......|
000003d0  4f 45 00 20 a1 44 03 00  00 00 00 d0 4b 45 00 20  |OE. .D......KE. |
000003e0  8a 44 03 00 00 00 00 10  47 45 00 c0 62 44 03 00  |.D......GE..bD..|
000003f0  00 00 00 50 42 45 00 40  32 44 03 00 00 00 00 10  |...PBE.@2D......|
00000400  3e 45 00 80 04 44 03 00  00 00 00 c0 39 45 00 00  |>E...D......9E..|
00000410  b3 43 03 00 00 00 00 70  36 45 00 00 2c 43 03 00  |.C.....p6E..,C..|
00000420  00 00 00 10 32 45 00 00  80 40 03 00 00 00 00 f0  |....2E...@......|
00000430  2d 45 00 00 2b c3 03 00  00 00 00 a0 2a 45 00 80  |-E..+.......*E..|
00000440  a8 c3 03 00 00 00 00 c0  26 45 00 00 ff c3 03 00  |........&E......|
00000450  00 00 00 a0 22 45 00 40  2b c4 03 02 00 00 00 10  |...."E.@+.......|
00000460  3c 45 00 f0 2b 45 08 01  00 00 00 b0 4d 45 00 90  |<E..+E......ME..|
00000470  25 45 08 00 00 00 00 40  66 44 00 50 71 c5 08 00  |%E.....@fD.Pq...|
00000480  00 00 00 c0 1f 44 00 f0  6a c5 08 02 00 00 00 40  |.....D..j......@|
00000490  2b 44 00 00 64 43 09 01  00 00 00 00 18 44 00 00  |+D..dC.......D..|
000004a0  8b 43 09 00 00 00 00 00  20 c2 00 00 9a 42 09 00  |.C...... ....B..|
000004b0  00 00 00 00 e0 c2 00 00  e4 42 09 00 00 00 00 00  |.........B......|
000004c0  f0 42 00 b0 47 c5 06 00  00 00 00 20 b2 44 00 20  |.B..G...... .D. |
000004d0  4c c5 06 00 00 00 00 90  1b 45 00 c0 93 c4 06 00  |L........E......|
000004e0  00 00 00 70 47 45 00 20  e7 44 06 00 00 00 00 a0  |...pGE. .D......|
000004f0  c4 44 00 b0 1b 45 06 00  00 00 00 00 18 c2 00 80  |.D...E..........|
00000500  f5 43 06 00 00 00 00 40  6c 45 00 a0 44 45 06 00  |.C.....@lE..DE..|
00000510  00 00 00 c0 1a 44 00 e0  e7 c4 06 00 00 00 00 00  |.....D..........|
00000520  38 44 00 70 25 45 06 00  00 00 00 00 25 43 00 f0  |8D.p%E......%C..|
00000530  8a c5 06 00 00 00 00 80  2f 45 00 a0 7c 45 06 00  |......../E..|E..|
00000540  00 00 00 20 00 45 00 20  1d c5 06 00 00 00 00 80  |... .E. ........|
00000550  c5 c3 00 c0 1e c4 06 00  00 00 00 d0 58 45 00 00  |............XE..|
00000560  57 43 06 00 00 00 00 80  17 45 00 80 b7 44 06 00  |WC.......E...D..|
00000570  00 00 00 40 81 44 00 80  2b c4 06 00 00 00 00 40  |...@.D..+......@|
00000580  79 44 00 00 9a 44 06 02  00 00 00 00 13 c3 00 e0  |yD...D..........|
00000590  fb c4 04 01 00 00 00 00  fe c2 00 a0 b8 c4 07 00  |................|
000005a0  00 00 00 40 12 c4 00 10  15 c5 04 00 00 00 00 80  |...@............|
000005b0  29 c4 00 60 e7 c4 04 00  00 00 00 00 f2 c3 00 c0  |)..`............|
000005c0  99 c4 04 00 00 00 00 00  16 c3 00 80 67 c4 04 00  |............g...|
000005d0  00 00 00 80 8e 43 00 40  8a c4 04 00 00 00 00 00  |.....C.@........|
000005e0  b0 42 00 c0 a4 c4 09 00  00 00 00 80 a9 c3 00 40  |.B.............@|
000005f0  d1 c4 09 00 00 00 00 80  9e c3 00 40 c2 c4 09 00  |...........@....|
00000600  00 00 00 00 39 43 00 e0  a7 c4 09 00 00 00 00 00  |....9C..........|
00000610  e0 c1 00 c0 cc c4 09 00  00 00 00 00 07 c3 00 20  |............... |
00000620  f5 c4 09 00 00 00 00 00  36 c3 00 20 06 c5 09 02  |........6.. ....|
00000630  00 00 00 00 00 00 00 70  49 c5 01 01 00 00 00 00  |.......pI.......|
00000640  00 00 00 00 a6 c2 02 00  00 00 00 00 00 00 00 00  |................|
00000650  00 00 0f 00 00 00 00 00  ce c2 00 00 b4 42 0f 00  |.............B..|
00000660  00 00 00 00 3d c3 00 00  ae 42 03 00 00 00 00 00  |....=....B......|
00000670  52 c3 00 00 9e c2 03 00  00 00 00 00 46 c3 00 00  |R...........F...|
00000680  69 c3 03 00 00 00 00 00  52 c3 00 80 c0 c3 03 00  |i.......R.......|
00000690  00 00 00 00 49 c3 00 c0  06 c4 03 00 00 00 00 00  |....I...........|
000006a0  4f c3 00 00 2e c4 03 00  00 00 00 00 4c c3 00 80  |O...........L...|
000006b0  51 c4 03 00 00 00 00 00  f8 c2 00 00 53 c4 03 02  |Q...........S...|
000006c0  00 00 00 00 00 00 00 00  a6 c2 01 01 00 00 00 00  |................|
000006d0  00 00 00 70 49 c5 02 00  00 00 00 00 00 00 00 30  |...pI..........0|
000006e0  50 c5 0f 00 00 00 00 00  d0 42 00 80 54 c5 0f 00  |P........B..T...|
000006f0  00 00 00 00 44 43 00 50  54 c5 03 00 00 00 00 00  |....DC.PT.......|
00000700  4d 43 00 90 49 c5 03 00  00 00 00 00 47 43 00 a0  |MC..I.......GC..|
00000710  40 c5 03 00 00 00 00 00  4d 43 00 d0 36 c5 03 00  |@.......MC..6...|
00000720  00 00 00 00 4a 43 00 30  2d c5 03 00 00 00 00 00  |....JC.0-.......|
00000730  4d 43 00 90 23 c5 03 00  00 00 00 00 4d 43 00 40  |MC..#.......MC.@|
00000740  1a c5 03 00 00 00 00 00  e8 42 00 f0 19 c5 03 02  |.........B......|
00000750  00 00 00 00 a0 c2 00 00  ba 42 08 01 00 00 00 00  |.........B......|
00000760  a0 42 00 00 ba 42 08 00  00 00 00 00 a0 42 00 60  |.B...B.......B.`|
00000770  54 c5 08 00 00 00 00 00  a0 c2 00 60 54 c5 08 02  |T..........`T...|
00000780  00 00 00 00 0f 43 00 90  5d c5 09 01 00 00 00 00  |.....C..].......|
00000790  fe c2 00 00 61 43 09 00  00 00 00 00 c8 43 00 90  |....aC.......C..|
000007a0  37 c5 06 00 00 00 00 80  84 43 00 00 6e 43 06 00  |7........C..nC..|
000007b0  00 00 00 00 f6 c3 00 00  90 c2 06 00 00 00 00 80  |................|
000007c0  ab c3 00 50 23 c5 06 02  00 00 00 00 83 c3 00 00  |...P#...........|
000007d0  c8 43 07 01 00 00 00 00  6b c3 00 00 2b 44 04 00  |.C......k...+D..|
000007e0  00 00 00 80 b2 c3 00 80  38 44 04 00 00 00 00 00  |........8D......|
000007f0  43 c3 00 30 5a c5 04 00  00 00 00 00 28 c3 00 c0  |C..0Z.......(...|
00000800  51 c5 09 02 00 00 00 00  16 43 00 c0 94 44 09 01  |Q........C...D..|
00000810  00 00 00 00 dc 42 00 40  97 44 04 00 00 00 00 00  |.....B.@.D......|
00000820  dc 42 00 c0 8f 44 09 00  00 00 00 00 11 44 00 00  |.B...D.......D..|
00000830  7a c4 04 00 00 00 00 00  f5 43 00 c0 80 c4 09 00  |z........C......|
00000840  00 00 00 00 1b 44 00 40  8d c4 04 00 00 00 00 00  |.....D.@........|
00000850  a5 c3 00 40 83 44 09 00  00 00 00 00 aa c3 00 00  |...@.D..........|
00000860  7a 44 04 00 00 00 00 40  ab c4 00 00 c8 c2 04 00  |zD.....@........|
00000870  00 00 00 c0 a3 c4 00 00  dc c2 09 00 00 00 00 00  |................|
00000880  9b c4 00 00 d2 c3 04 00  00 00 00 00 52 44 00 00  |............RD..|
00000890  39 c4 09 00 00 00 00 00  2a 44 00 00 52 c4 09 00  |9.......*D..R...|
000008a0  00 00 00 80 22 44 00 00  3e c4 07 02 00 00 00 00  |...."D..>.......|
000008b0  79 c3 00 00 34 c3 0d 01  00 00 00 80 8b c3 00 00  |y...4...........|
000008c0  8d c3 0d 00 00 00 00 40  43 c4 00 00 97 c3 0d 00  |.......@C.......|
000008d0  00 00 00 00 5e c4 00 80  83 c3 0d 00 00 00 00 00  |....^...........|
000008e0  04 43 00 80 8e c3 0e 00  00 00 00 00 1f 43 00 00  |.C...........C..|
000008f0  4d c3 0e 00 00 00 00 40  3f 44 00 00 44 43 0e 00  |M......@?D..DC..|
00000900  00 00 00 00 1c 44 00 00  7a 43 0e 02 00 00 00 80  |.....D..zC......|
00000910  29 44 00 00 80 c1 09 01  00 00 00 40 3c 44 00 00  |)D.........@<D..|
00000920  00 40 04 00 00 00 00 80  0d 44 00 00 64 c3 09 00  |.@.......D..d...|
00000930  00 00 00 20 a7 c4 00 c0  15 44 04 00 00 00 00 e0  |... .....D......|
00000940  ab c4 00 00 f7 43 09 00  00 00 00 00 f8 41 00 00  |.....C.......A..|
00000950  9c c4 04 00 00 00 00 00  ba c2 00 a0 a0 c4 04 00  |................|
00000960  00 00 00 00 92 c3 00 00  a3 c4 09 00 00 00 00 00  |................|
00000970  ba 42 00 60 90 c4 04 00  00 00 00 00 34 c3 00 a0  |.B.`........4...|
00000980  a4 c4 07 02 00 00 00 00  c3 43 00 40 3b c5 01 01  |.........C.@;...|
00000990  00 00 00 c0 27 45 00 40  51 45 02 00 00 00 00 b0  |....'E.@QE......|
000009a0  2e 45 00 50 63 45 0f 00  00 00 00 f0 3b 45 00 70  |.E.PcE......;E.p|
000009b0  5d 45 03 00 00 00 00 b0  48 45 00 a0 58 45 03 00  |]E......HE..XE..|
000009c0  00 00 00 90 51 45 00 b0  53 45 03 00 00 00 00 90  |....QE..SE......|
000009d0  4f 45 00 c0 49 45 03 00  00 00 00 10 4b 45 00 a0  |OE..IE......KE..|
000009e0  3e 45 03 00 00 00 00 80  46 45 00 10 34 45 03 00  |>E......FE..4E..|
000009f0  00 00 00 d0 42 45 00 10  2a 45 03 00 00 00 00 90  |....BE..*E......|
00000a00  3f 45 00 30 20 45 03 00  00 00 00 20 3c 45 00 f0  |?E.0 E..... <E..|
00000a10  16 45 03 00 00 00 00 90  38 45 00 40 0c 45 03 00  |.E......8E.@.E..|
00000a20  00 00 00 00 34 45 00 c0  01 45 03 00 00 00 00 50  |....4E...E.....P|
00000a30  30 45 00 80 ef 44 03 00  00 00 00 10 2d 45 00 c0  |0E...D......-E..|
00000a40  db 44 03 00 00 00 00 a0  29 45 00 40 c9 44 03 00  |.D......)E.@.D..|
00000a50  00 00 00 20 26 45 00 20  b3 44 03 00 00 00 00 a0  |... &E. .D......|
00000a60  21 45 00 00 9e 44 03 00  00 00 00 f0 1d 45 00 00  |!E...D.......E..|
00000a70  8a 44 03 00 00 00 00 b0  1a 45 00 80 6c 44 03 00  |.D.......E..lD..|
00000a80  00 00 00 40 17 45 00 80  47 44 03 02 00 00 00 90  |...@.E..GD......|
00000a90  22 45 00 a0 42 45 01 01  00 00 00 00 9e 43 00 20  |"E..BE.......C. |
00000aa0  46 c5 02 00 00 00 00 00  2d 43 00 10 5d c5 0f 00  |F.......-C..]...|
00000ab0  00 00 00 80 bb 43 00 d0  62 c5 03 00 00 00 00 40  |.....C..b......@|
00000ac0  0f 44 00 90 67 c5 03 00  00 00 00 00 3e 44 00 20  |.D..g.......>D. |
00000ad0  69 c5 03 00 00 00 00 40  52 44 00 90 5f c5 03 00  |i......@RD.._...|
00000ae0  00 00 00 c0 61 44 00 60  53 c5 03 00 00 00 00 80  |....aD.`S.......|
00000af0  76 44 00 20 46 c5 03 00  00 00 00 60 85 44 00 90  |vD. F......`.D..|
00000b00  38 c5 03 00 00 00 00 20  8f 44 00 a0 2b c5 03 00  |8...... .D..+...|
00000b10  00 00 00 40 98 44 00 60  1e c5 03 00 00 00 00 00  |...@.D.`........|
00000b20  a0 44 00 40 12 c5 03 00  00 00 00 20 a9 44 00 f0  |.D.@....... .D..|
00000b30  05 c5 03 00 00 00 00 00  b1 44 00 40 f4 c4 03 00  |.........D.@....|
00000b40  00 00 00 c0 ba 44 00 e0  dc c4 03 00 00 00 00 80  |.....D..........|
00000b50  c3 44 00 80 c5 c4 03 00  00 00 00 80 cb 44 00 20  |.D...........D. |
00000b60  ac c4 03 00 00 00 00 00  d6 44 00 a0 92 c4 03 00  |.........D......|
00000b70  00 00 00 e0 de 44 00 80  75 c4 03 00 00 00 00 e0  |.....D..u.......|
00000b80  e7 44 00 c0 43 c4 03 02  00 00 00 00 06 43 00 20  |.D..C........C. |
00000b90  78 c5 08 01 00 00 00 00  38 c2 00 f0 73 c5 08 00  |x.......8...s...|
00000ba0  00 00 00 d0 31 45 00 60  7c 45 08 00 00 00 00 c0  |....1E.`|E......|
00000bb0  3c 45 00 20 78 45 08 02  00 00 00 80 9c 43 00 e0  |<E. xE.......C..|
00000bc0  d5 c4 01 01 00 00 00 20  ec 44 00 40 24 45 02 00  |....... .D.@$E..|
00000bd0  00 00 00 60 f3 44 00 50  31 45 0f 00 00 00 00 60  |...`.D.P1E.....`|
00000be0  d6 44 00 10 37 45 03 00  00 00 00 20 c1 44 00 f0  |.D..7E..... .D..|
00000bf0  38 45 03 00 00 00 00 80  b6 44 00 80 2c 45 03 00  |8E.......D..,E..|
00000c00  00 00 00 80 ad 44 00 f0  1f 45 03 00 00 00 00 40  |.....D...E.....@|
00000c10  a6 44 00 30 16 45 03 00  00 00 00 40 9d 44 00 90  |.D.0.E.....@.D..|
00000c20  09 45 03 00 00 00 00 a0  95 44 00 40 01 45 03 00  |.E.......D.@.E..|
00000c30  00 00 00 c0 8c 44 00 60  e9 44 03 00 00 00 00 c0  |.....D.`.D......|
00000c40  81 44 00 e0 cc 44 03 00  00 00 00 c0 71 44 00 c0  |.D...D......qD..|
00000c50  b3 44 03 00 00 00 00 40  61 44 00 00 9c 44 03 00  |.D.....@aD...D..|
00000c60  00 00 00 80 4f 44 00 c0  82 44 03 00 00 00 00 80  |....OD...D......|
00000c70  36 44 00 c0 44 44 03 00  00 00 00 40 26 44 00 00  |6D..DD.....@&D..|
00000c80  19 44 03 00 00 00 00 80  16 44 00 80 db 43 03 00  |.D.......D...C..|
00000c90  00 00 00 80 09 44 00 80  88 43 03 00 00 00 00 00  |.....D...C......|
00000ca0  f2 43 00 00 c4 42 03 00  00 00 00 00 cf 43 00 00  |.C...B.......C..|
00000cb0  8c c2 03 00 00 00 00 00  b4 43 00 00 80 c3 03 00  |.........C......|
00000cc0  00 00 00 80 91 43 00 00  d6 c3 03 00 00 00 00 00  |.....C..........|
00000cd0  60 43 00 c0 18 c4 03 00  00 00 00 00 14 43 00 40  |`C...........C.@|
00000ce0  49 c4 03 00 00 00 00 00  8e 42 00 c0 7a c4 03 00  |I........B..z...|
00000cf0  00 00 00 00 30 41 00 60  94 c4 03 02 00 00 00 20  |....0A.`....... |
00000d00  f6 44 00 50 31 45 01 01  00 00 00 00 c5 43 00 60  |.D.P1E.......C.`|
00000d10  b8 c4 02 00 00 00 00 00  9a 43 00 00 d4 c4 0f 00  |.........C......|
00000d20  00 00 00 00 28 42 00 c0  c9 c4 03 00 00 00 00 00  |....(B..........|
00000d30  ec c2 00 60 c1 c4 03 00  00 00 00 00 92 c3 00 60  |...`...........`|
00000d40  b9 c4 03 00 00 00 00 00  5e c3 00 20 a1 c4 03 00  |........^.. ....|
00000d50  00 00 00 00 21 c3 00 20  8a c4 03 00 00 00 00 00  |....!.. ........|
00000d60  aa c2 00 c0 62 c4 03 00  00 00 00 00 10 c1 00 40  |....b..........@|
00000d70  32 c4 03 00 00 00 00 00  6c 42 00 80 04 c4 03 00  |2.......lB......|
00000d80  00 00 00 00 00 43 00 00  b3 c3 03 00 00 00 00 00  |.....C..........|
00000d90  35 43 00 00 2c c3 03 00  00 00 00 00 7b 43 00 00  |5C..,.......{C..|
00000da0  80 c0 03 00 00 00 00 80  9e 43 00 00 2b 43 03 00  |.........C..+C..|
00000db0  00 00 00 00 b9 43 00 80  a8 43 03 00 00 00 00 00  |.....C...C......|
00000dc0  d8 43 00 00 ff 43 03 00  00 00 00 00 f9 43 00 40  |.C...C.......C.@|
00000dd0  2b 44 03 02 00 00 00 00  9a 42 00 90 2c c5 08 01  |+D.......B..,...|
00000de0  00 00 00 00 31 c3 00 40  26 c5 08 00 00 00 00 d0  |....1..@&.......|
00000df0  08 45 00 60 71 45 08 00  00 00 00 50 19 45 00 f0  |.E.`qE.....P.E..|
00000e00  6a 45 08 02 00 00 00 f0  16 45 00 00 64 c3 09 01  |jE.......E..d...|
00000e10  00 00 00 c0 1b 45 00 00  8b c3 09 00 00 00 00 40  |.....E.........@|
00000e20  44 45 00 00 9a c2 09 00  00 00 00 c0 48 45 00 00  |DE..........HE..|
00000e30  e4 c2 09 00 00 00 00 40  3a 45 00 b0 47 45 06 00  |.......@:E..GE..|
00000e40  00 00 00 60 d1 44 00 20  4c 45 06 00 00 00 00 c0  |...`.D. LE......|
00000e50  18 44 00 c0 93 44 06 00  00 00 00 00 b6 c2 00 20  |.D...D......... |
00000e60  e7 c4 06 00 00 00 00 e0  be 44 00 b0 1b c5 06 00  |.........D......|
00000e70  00 00 00 20 44 45 00 80  f5 c3 06 00 00 00 00 00  |... DE..........|
00000e80  2a c4 00 a0 44 c5 06 00  00 00 00 10 1b 45 00 e0  |*...D........E..|
00000e90  e7 44 06 00 00 00 00 c0  13 45 00 70 25 c5 06 00  |.D.......E.p%...|
00000ea0  00 00 00 70 37 45 00 f0  8a 45 06 00 00 00 00 00  |...p7E...E......|
00000eb0  92 43 00 a0 7c c5 06 00  00 00 00 40 83 44 00 20  |.C..|......@.D. |
00000ec0  1d 45 06 00 00 00 00 70  5a 45 00 c0 1e 44 06 00  |.E.....pZE...D..|
00000ed0  00 00 00 80 b8 c3 00 00  57 c3 06 00 00 00 00 00  |........W.......|
00000ee0  29 44 00 80 b7 c4 06 00  00 00 00 20 01 45 00 80  |)D......... .E..|
00000ef0  2b 44 06 00 00 00 00 70  03 45 00 00 9a c4 06 02  |+D.....p.E......|
00000f00  00 00 00 f0 4a 45 00 e0  fb 44 04 01 00 00 00 b0  |....JE...D......|
00000f10  49 45 00 a0 b8 44 07 00  00 00 00 50 66 45 00 10  |IE...D.....PfE..|
00000f20  15 45 04 00 00 00 00 20  6c 45 00 60 e7 44 04 00  |.E..... lE.`.D..|
00000f30  00 00 00 00 60 45 00 c0  99 44 04 00 00 00 00 20  |....`E...D..... |
00000f40  4b 45 00 80 67 44 04 00  00 00 00 f0 2f 45 00 40  |KE..gD....../E.@|
00000f50  8a 44 04 00 00 00 00 40  3c 45 00 c0 a4 44 09 00  |.D.....@<E...D..|
00000f60  00 00 00 f0 56 45 00 40  d1 44 09 00 00 00 00 90  |....VE.@.D......|
00000f70  55 45 00 40 c2 44 09 00  00 00 00 30 36 45 00 e0  |UE.@.D.....06E..|
00000f80  a7 44 09 00 00 00 00 80  43 45 00 c0 cc 44 09 00  |.D......CE...D..|
00000f90  00 00 00 30 4a 45 00 20  f5 44 09 00 00 00 00 20  |...0JE. .D..... |
00000fa0  4d 45 00 20 06 45 09 02  00 00 00 00 34 44 00 00  |ME. .E......4D..|
00000fb0  16 c4 05 01 00 00 00 00  02 44 00 00 0c c4 05 00  |.........D......|
00000fc0  00 00 00 00 e1 43 00 80  09 c4 05 00 00 00 00 80  |.....C..........|
00000fd0  4a 44 00 80 13 c4 05 00  00 00 00 00 5c 44 00 c0  |JD..........\D..|
00000fe0  11 c4 05 00 00 00 00 80  18 44 00 80 22 c4 05 00  |.........D.."...|
00000ff0  00 00 00 00 52 44 00 c0  1b c4 05 00 00 00 00 00  |....RD..........|
00001000  2a 44 00 80 22 c4 05 00  00 00 00 00 48 44 00 c0  |*D..".......HD..|
00001010  25 c4 05 00 00 00 00 80  36 44 00 80 2c c4 05 00  |%.......6D..,...|
00001020  00 00 00 00 3e 44 00 00  20 c4 05 00 00 00 00 80  |....>D.. .......|
00001030  1d 44 00 40 2d c4 05 00  00 00 00 00 02 44 00 80  |.D.@-........D..|
00001040  22 c4 05 00 00 00 00 00  16 44 00 00 0c c4 05 00  |"........D......|
00001050  00 00 00 80 2c 44 00 80  09 c4 05 00 00 00 00 00  |....,D..........|
00001060  0c 44 00 00 16 c4 05 00  00 00 00 00 20 44 00 00  |.D.......... D..|
00001070  16 c4 05 00 00 00 00 80  54 44 00 80 09 c4 05 00  |........TD......|
00001080  00 00 00 80 40 44 00 00  0c c4 05 00 00 00 00 00  |....@D..........|
00001090  f0 43 00 00 16 c4 05 00  00 00 00 c0 4a c4 00 00  |.C..........J...|
000010a0  0f c4 05 00 00 00 00 40  02 c4 00 00 05 c4 05 00  |.......@........|
000010b0  00 00 00 80 dc c3 00 80  02 c4 05 00 00 00 00 c0  |................|
000010c0  22 c4 00 00 0f c4 05 00  00 00 00 c0 36 c4 00 00  |"...........6...|
000010d0  0f c4 05 00 00 00 00 40  16 c4 00 80 02 c4 05 00  |.......@........|
000010e0  00 00 00 c0 2c c4 00 00  05 c4 05 00 00 00 00 c0  |....,...........|
000010f0  40 c4 00 80 1b c4 05 00  00 00 00 40 25 c4 00 40  |@..........@%..@|
00001100  26 c4 05 00 00 00 00 c0  04 c4 00 00 19 c4 05 00  |&...............|
00001110  00 00 00 40 0c c4 00 80  25 c4 05 00 00 00 00 80  |...@....%.......|
00001120  f5 c3 00 c0 1e c4 05 00  00 00 00 c0 18 c4 00 80  |................|
00001130  1b c4 05 00 00 00 00 80  e1 c3 00 c0 14 c4 05 00  |................|
00001140  00 00 00 40 2a c4 00 80  1b c4 05 00 00 00 00 80  |...@*...........|
00001150  cd c3 00 c0 0a c4 05 00  00 00 00 80 f0 c3 00 80  |................|
00001160  0c c4 05 00 00 00 00 00  34 c4 00 00 25 c4 05 00  |........4...%...|
00001170  00 00 00 c0 40 c4 00 00  05 c4 05 00 00 00 00 c0  |....@...........|
00001180  0e c4 00 00 0f c4 05 00  00 00 00 00 75 44 00 00  |............uD..|
00001190  f5 c3 05 00 00 00 00 00  66 44 00 80 04 c4 05 00  |........fD......|
000011a0  00 00 00 00 57 c4 00 00  e1 c3 05 00 00 00 00 80  |....W...........|
000011b0  3b c4 00 00 e6 c3 05 00  00 00 00 80 45 c4 00 00  |;...........E...|
000011c0  c3 c3 05 00 00 00 00 80  59 c4 00 00 a0 c2 09 00  |........Y.......|
000011d0  00 00 00 00 34 c4 00 00  20 c3 09 00 00 00 00 00  |....4... .......|
000011e0  2f 44 00 00 d7 c3 09 02  00 00 00 80 54 44 00 00  |/D..........TD..|
000011f0  e1 c3 06 01 00 00 00 00  2a c4 00 00 c3 c3 06 00  |........*.......|
00001200  00 00 00 00 ff c3 00 00  dc c3 06 02 00 00 00 50  |...............P|
00001210  ab 45 00 00 6e 45 01 01  00 00 00 90 6b c5 00 30  |.E..nE......k..0|
00001220  3b 45 02 00 00 00 00 60  7f c5 00 f0 37 45 0f 00  |;E.....`....7E..|
00001230  00 00 00 00 7e c5 00 60  26 45 03 00 00 00 00 90  |....~..`&E......|
00001240  7c c5 00 e0 17 45 03 00  00 00 00 60 7b c5 00 60  ||....E.....`{..`|
00001250  07 45 03 00 00 00 00 d0  79 c5 00 20 f0 44 03 00  |.E......y.. .D..|
00001260  00 00 00 80 70 c5 00 20  d2 44 13 00 00 00 00 00  |....p.. .D......|
00001270  65 c5 00 80 b3 44 03 00  00 00 00 e0 4f c5 00 e0  |e....D......O...|
00001280  b5 44 03 00 00 00 00 b0  3b c5 00 a0 b9 44 03 00  |.D......;....D..|
00001290  00 00 00 70 27 c5 00 a0  bd 44 03 00 00 00 00 10  |...p'....D......|
000012a0  15 c5 00 e0 c0 44 03 00  00 00 00 30 04 c5 00 20  |.....D.....0... |
000012b0  c3 44 03 00 00 00 00 60  e7 c4 00 60 c6 44 03 00  |.D.....`...`.D..|
000012c0  00 00 00 a0 be c4 00 20  ca 44 03 00 00 00 00 00  |....... .D......|
000012d0  9b c4 00 c0 cd 44 03 00  00 00 00 c0 6c c4 00 00  |.....D......l...|
000012e0  d2 44 03 00 00 00 00 00  cd c3 00 60 d7 44 03 00  |.D.........`.D..|
000012f0  00 00 00 80 f4 43 00 c0  e0 44 03 00 00 00 00 c0  |.....C...D......|
00001300  81 44 00 00 e8 44 03 02  00 00 00 40 43 c5 00 50  |.D...D.....@C..P|
00001310  3f 45 01 01 00 00 00 d0  be 45 00 30 71 45 02 00  |?E.......E.0qE..|
00001320  00 00 00 20 c4 45 00 60  72 45 0f 00 00 00 00 30  |... .E.`rE.....0|
00001330  c4 45 00 58 82 45 03 00  00 00 00 b0 c2 45 00 48  |.E.X.E.......E.H|
00001340  89 45 03 00 00 00 00 e8  b9 45 00 b8 89 45 03 00  |.E.......E...E..|
00001350  00 00 00 98 af 45 00 f0  89 45 03 00 00 00 00 d8  |.....E...E......|
00001360  a5 45 00 f0 89 45 03 00  00 00 00 78 9a 45 00 08  |.E...E.....x.E..|
00001370  8a 45 03 00 00 00 00 d8  90 45 00 98 8a 45 03 00  |.E.......E...E..|
00001380  00 00 00 10 87 45 00 e8  8a 45 03 00 00 00 00 90  |.....E...E......|
00001390  77 45 00 d0 89 45 03 00  00 00 00 20 65 45 00 f8  |wE...E..... eE..|
000013a0  88 45 03 00 00 00 00 f0  54 45 00 18 88 45 03 00  |.E......TE...E..|
000013b0  00 00 00 f0 45 45 00 68  87 45 03 00 00 00 00 b0  |....EE.h.E......|
000013c0  38 45 00 b0 86 45 03 00  00 00 00 60 2b 45 00 00  |8E...E.....`+E..|
000013d0  86 45 03 00 00 00 00 60  1e 45 00 20 85 45 03 00  |.E.....`.E. .E..|
000013e0  00 00 00 00 12 45 00 b8  84 45 03 00 00 00 00 90  |.....E...E......|
000013f0  05 45 00 70 84 45 03 00  00 00 00 40 f2 44 00 00  |.E.p.E.....@.D..|
00001400  84 45 03 00 00 00 00 c0  d8 44 00 70 83 45 03 00  |.E.......D.p.E..|
00001410  00 00 00 60 bf 44 00 c0  82 45 03 02 00 00 00 b8  |...`.D...E......|
00001420  c6 45 00 40 7b 45 08 01  00 00 00 58 c7 45 00 60  |.E.@{E.....X.E.`|
00001430  6a 45 08 00 00 00 00 c8  81 c5 00 90 30 45 08 00  |jE..........0E..|
00001440  00 00 00 98 82 c5 00 10  41 45 08 02 00 00 00 80  |........AE......|
00001450  5d c5 00 60 a3 44 0b 01  00 00 00 60 5e c5 00 e0  |]..`.D.....`^...|
00001460  a4 44 0b 00 00 00 00 10  5f c5 00 20 c5 44 0b 00  |.D......_.. .D..|
00001470  00 00 00 d0 5f c5 00 60  c3 44 0b 00 00 00 00 60  |...._..`.D.....`|
00001480  3c c5 00 c0 c9 44 0b 00  00 00 00 40 3c c5 00 60  |<....D.....@<..`|
00001490  c7 44 0b 00 00 00 00 20  3b c5 00 a0 aa 44 0b 00  |.D..... ;....D..|
000014a0  00 00 00 40 3b c5 00 e0  ac 44 0b 00 00 00 00 00  |...@;....D......|
000014b0  16 c5 00 e0 b2 44 0b 00  00 00 00 20 16 c5 00 20  |.....D..... ... |
000014c0  b5 44 0b 00 00 00 00 70  18 c5 00 20 d0 44 0b 00  |.D.....p... .D..|
000014d0  00 00 00 50 18 c5 00 e0  cd 44 0b 00 00 00 00 60  |...P.....D.....`|
000014e0  be c4 00 40 bc 44 0b 00  00 00 00 a0 be c4 00 80  |...@.D..........|
000014f0  be 44 0b 00 00 00 00 40  c0 c4 00 80 da 44 0b 00  |.D.....@.....D..|
00001500  00 00 00 00 c0 c4 00 40  d8 44 0b 00 00 00 00 40  |.......@.D.....@|
00001510  6b c4 00 a0 c1 44 0b 00  00 00 00 80 6b c4 00 00  |k....D......k...|
00001520  c4 44 0b 00 00 00 00 c0  6f c4 00 40 e4 44 0b 00  |.D......o..@.D..|
00001530  00 00 00 80 6f c4 00 e0  e1 44 0b 00 00 00 00 00  |....o....D......|
00001540  b9 c3 00 00 c8 44 0b 00  00 00 00 80 b9 c3 00 40  |.....D.........@|
00001550  ca 44 0b 00 00 00 00 80  c5 c3 00 20 e5 44 0b 00  |.D......... .D..|
00001560  00 00 00 80 c6 c3 00 60  e7 44 0b 00 00 00 00 40  |.......`.D.....@|
00001570  25 44 00 00 f3 44 0c 00  00 00 00 80 21 44 00 20  |%D...D......!D. |
00001580  f1 44 0c 00 00 00 00 c0  2b 44 00 c0 d3 44 0c 00  |.D......+D...D..|
00001590  00 00 00 c0 25 44 00 20  d6 44 0c 00 00 00 00 60  |....%D. .D.....`|
000015a0  9d 44 00 c0 d9 44 0c 00  00 00 00 20 9a 44 00 c0  |.D...D..... .D..|
000015b0  db 44 0c 00 00 00 00 20  9a 44 00 e0 fa 44 0c 00  |.D..... .D...D..|
000015c0  00 00 00 20 98 44 00 00  f8 44 0c 02 00 00 00 00  |... .D...D......|
000015d0  00 42 00 a0 9b 44 10 01  00 00 00 60 fb c4 00 80  |.B...D.....`....|
000015e0  86 44 10 00 00 00 00 60  13 c5 00 40 6e 44 10 00  |.D.....`...@nD..|
000015f0  00 00 00 60 09 c5 00 40  4d 44 10 00 00 00 00 60  |...`...@MD.....`|
00001600  ff c4 00 40 2d 44 10 00  00 00 00 50 1f c5 00 00  |...@-D.....P....|
00001610  33 44 10 00 00 00 00 a0  f0 c4 00 c0 5a 44 10 00  |3D..........ZD..|
00001620  00 00 00 e0 e2 c4 00 40  77 44 10 00 00 00 00 80  |.......@wD......|
00001630  f6 c3 00 80 5f 44 10 00  00 00 00 00 99 c3 00 c0  |...._D..........|
00001640  8c 44 10 00 00 00 00 00  1b c3 00 c0 7a 44 10 00  |.D..........zD..|
00001650  00 00 00 00 90 41 00 80  57 44 10 00 00 00 00 00  |.....A..WD......|
00001660  09 43 00 c0 84 44 10 00  00 00 00 00 6d 43 00 80  |.C...D......mC..|
00001670  92 44 10 02 00 00 00 e8  c7 45 00 10 0f 45 01 01  |.D.......E...E..|
00001680  00 00 00 80 9e 44 00 40  fb c4 02 00 00 00 00 60  |.....D.@.......`|
00001690  80 44 00 d0 09 c5 0f 00  00 00 00 c0 5e 44 00 40  |.D..........^D.@|
000016a0  fc c4 03 00 00 00 00 40  3c 44 00 20 e7 c4 03 00  |.......@<D. ....|
000016b0  00 00 00 c0 28 44 00 40  d7 c4 03 00 00 00 00 40  |....(D.@.......@|
000016c0  42 44 00 60 c6 c4 03 00  00 00 00 40 68 44 00 a0  |BD.`.......@hD..|
000016d0  b7 c4 03 00 00 00 00 80  86 44 00 e0 a9 c4 03 00  |.........D......|
000016e0  00 00 00 e0 96 44 00 40  9c c4 03 00 00 00 00 60  |.....D.@.......`|
000016f0  a6 44 00 60 8e c4 03 00  00 00 00 80 b5 44 00 e0  |.D.`.........D..|
00001700  81 c4 03 00 00 00 00 80  c6 44 00 00 66 c4 03 00  |.........D..f...|
00001710  00 00 00 e0 d8 44 00 80  4a c4 03 00 00 00 00 40  |.....D..J......@|
00001720  e9 44 00 40 2f c4 03 00  00 00 00 c0 f8 44 00 80  |.D.@/........D..|
00001730  13 c4 03 00 00 00 00 f0  03 45 00 00 f5 c3 03 00  |.........E......|
00001740  00 00 00 80 0c 45 00 00  b6 c3 03 00 00 00 00 b0  |.....E..........|
00001750  15 45 00 00 7e c3 03 00  00 00 00 f0 1d 45 00 00  |.E..~........E..|
00001760  11 c3 03 00 00 00 00 a0  25 45 00 00 08 c2 03 00  |........%E......|
00001770  00 00 00 40 2d 45 00 00  84 42 03 02 00 00 00 20  |...@-E...B..... |
00001780  b5 44 00 40 e7 c4 01 01  00 00 00 90 cd 45 00 30  |.D.@.........E.0|
00001790  19 45 02 00 00 00 00 30  d7 45 00 90 28 45 0f 00  |.E.....0.E..(E..|
000017a0  00 00 00 20 d3 45 00 e0  33 45 03 00 00 00 00 f8  |... .E..3E......|
000017b0  ce 45 00 30 3e 45 03 00  00 00 00 78 ca 45 00 50  |.E.0>E.....x.E.P|
000017c0  45 45 03 00 00 00 00 b8  c5 45 00 a0 3f 45 03 00  |EE.......E..?E..|
000017d0  00 00 00 00 c1 45 00 00  37 45 03 00 00 00 00 70  |.....E..7E.....p|
000017e0  bb 45 00 20 2e 45 03 00  00 00 00 d8 b5 45 00 e0  |.E. .E.......E..|
000017f0  24 45 03 00 00 00 00 80  b0 45 00 20 1c 45 03 00  |$E.......E. .E..|
00001800  00 00 00 38 ab 45 00 f0  12 45 03 00 00 00 00 88  |...8.E...E......|
00001810  a6 45 00 60 0a 45 03 00  00 00 00 70 a1 45 00 00  |.E.`.E.....p.E..|
00001820  02 45 03 00 00 00 00 c8  9c 45 00 80 f3 44 03 00  |.E.......E...D..|
00001830  00 00 00 c8 97 45 00 20  e4 44 03 00 00 00 00 f0  |.....E. .D......|
00001840  92 45 00 40 d4 44 03 00  00 00 00 10 8e 45 00 40  |.E.@.D.......E.@|
00001850  c2 44 03 00 00 00 00 98  88 45 00 80 b1 44 03 00  |.D.......E...D..|
00001860  00 00 00 a8 83 45 00 20  a1 44 03 00 00 00 00 30  |.....E. .D.....0|
00001870  7d 45 00 20 90 44 03 02  00 00 00 18 df 45 00 70  |}E. .D.......E.p|
00001880  3d 45 08 01 00 00 00 80  e2 45 00 c0 35 45 08 00  |=E.......E..5E..|
00001890  00 00 00 c0 44 44 00 60  1d c5 08 00 00 00 00 c0  |....DD.`........|
000018a0  27 44 00 20 15 c5 08 02  00 00 00 d8 b6 45 00 40  |'D. .........E.@|
000018b0  94 44 01 01 00 00 00 d0  10 45 00 00 df c4 02 00  |.D.......E......|
000018c0  00 00 00 20 07 45 00 e0  f1 c4 0f 00 00 00 00 d0  |... .E..........|
000018d0  10 45 00 40 05 c5 03 00  00 00 00 10 19 45 00 30  |.E.@.........E.0|
000018e0  0c c5 03 00 00 00 00 f0  23 45 00 10 04 c5 03 00  |........#E......|
000018f0  00 00 00 10 2e 45 00 c0  f6 c4 03 00 00 00 00 20  |.....E......... |
00001900  36 45 00 a0 e9 c4 03 00  00 00 00 40 40 45 00 40  |6E.........@@E.@|
00001910  d8 c4 03 00 00 00 00 c0  47 45 00 a0 cd c4 03 00  |........GE......|
00001920  00 00 00 e0 51 45 00 40  bc c4 03 00 00 00 00 c0  |....QE.@........|
00001930  5d 45 00 20 a9 c4 03 00  00 00 00 f0 67 45 00 c0  |]E. ........gE..|
00001940  97 c4 03 00 00 00 00 70  71 45 00 40 87 c4 03 00  |.......pqE.@....|
00001950  00 00 00 90 7b 45 00 c0  6b c4 03 00 00 00 00 88  |....{E..k.......|
00001960  84 45 00 40 40 c4 03 00  00 00 00 10 89 45 00 80  |.E.@@........E..|
00001970  22 c4 03 00 00 00 00 70  8d 45 00 00 05 c4 03 00  |"......p.E......|
00001980  00 00 00 70 91 45 00 00  cf c3 03 00 00 00 00 f8  |...p.E..........|
00001990  95 45 00 00 94 c3 03 00  00 00 00 80 9a 45 00 00  |.E...........E..|
000019a0  39 c3 03 00 00 00 00 d8  9e 45 00 00 4c c2 03 00  |9........E..L...|
000019b0  00 00 00 60 a3 45 00 00  80 42 03 00 00 00 00 18  |...`.E...B......|
000019c0  a8 45 00 00 3c 43 03 00  00 00 00 28 ad 45 00 80  |.E..<C.....(.E..|
000019d0  9f 43 03 00 00 00 00 58  b2 45 00 00 e2 43 03 00  |.C.....X.E...C..|
000019e0  00 00 00 d8 b6 45 00 40  11 44 03 02 00 00 00 00  |.....E.@.D......|
000019f0  06 45 00 a0 f0 c4 01 01  00 00 00 f8 b0 45 00 80  |.E...........E..|
00001a00  7f 44 02 00 00 00 00 c8  b6 45 00 40 92 44 0f 00  |.D.......E.@.D..|
00001a10  00 00 00 b0 bc 45 00 c0  71 44 03 00 00 00 00 f0  |.....E..qD......|
00001a20  bf 45 00 00 4f 44 03 00  00 00 00 a8 c3 45 00 80  |.E..OD.......E..|
00001a30  2b 44 03 00 00 00 00 b8  be 45 00 40 0a 44 03 00  |+D.......E.@.D..|
00001a40  00 00 00 38 ba 45 00 00  d4 43 03 00 00 00 00 10  |...8.E...C......|
00001a50  b5 45 00 80 91 43 03 00  00 00 00 f8 af 45 00 00  |.E...C.......E..|
00001a60  20 43 03 00 00 00 00 48  ab 45 00 00 10 42 03 00  | C.....H.E...B..|
00001a70  00 00 00 b8 a6 45 00 00  9c c2 03 00 00 00 00 60  |.....E.........`|
00001a80  a2 45 00 00 55 c3 03 00  00 00 00 d8 9d 45 00 80  |.E..U........E..|
00001a90  a1 c3 03 00 00 00 00 58  99 45 00 00 dd c3 03 00  |.......X.E......|
00001aa0  00 00 00 50 95 45 00 00  0c c4 03 00 00 00 00 f0  |...P.E..........|
00001ab0  90 45 00 80 29 c4 03 00  00 00 00 68 8c 45 00 00  |.E..)......h.E..|
00001ac0  47 c4 03 02 00 00 00 b8  cd 45 00 20 f8 44 08 01  |G........E. .D..|
00001ad0  00 00 00 d0 d2 45 00 c0  dc 44 08 00 00 00 00 c0  |.....E...D......|
00001ae0  b3 44 00 a0 28 c5 08 00  00 00 00 20 9d 44 00 d0  |.D..(...... .D..|
00001af0  1c c5 08 02 00 00 00 a0  4d 45 00 00 6e 44 09 01  |........ME..nD..|
00001b00  00 00 00 f0 4a 45 00 40  81 44 09 00 00 00 00 a0  |....JE.@.D......|
00001b10  21 45 00 00 94 44 09 00  00 00 00 e0 1e 45 00 80  |!E...D.......E..|
00001b20  9c 44 09 00 00 00 00 20  88 44 00 40 d8 c4 06 00  |.D..... .D.@....|
00001b30  00 00 00 70 08 45 00 b0  18 c5 06 00 00 00 00 98  |...p.E..........|
00001b40  81 45 00 40 92 c4 06 00  00 00 00 f0 c3 45 00 e0  |.E.@.........E..|
00001b50  89 44 06 00 00 00 00 30  a2 45 00 40 1a 45 06 00  |.D.....0.E.@.E..|
00001b60  00 00 00 b0 2e 45 00 c0  c0 44 06 00 00 00 00 20  |.....E...D..... |
00001b70  e8 45 00 80 f1 44 06 00  00 00 00 f0 08 45 00 80  |.E...D.......E..|
00001b80  4c c4 06 00 00 00 00 f0  8d 45 00 e0 3c 45 06 00  |L........E..<E..|
00001b90  00 00 00 00 fb 43 00 30  31 c5 06 00 00 00 00 d8  |.....C.01.......|
00001ba0  db 45 00 a0 47 45 06 00  00 00 00 c0 41 45 00 90  |.E..GE......AE..|
00001bb0  03 c5 06 00 00 00 00 60  f0 44 00 40 3a 44 06 00  |.......`.D.@:D..|
00001bc0  00 00 00 f0 b1 45 00 00  e1 c3 06 00 00 00 00 40  |.....E.........@|
00001bd0  a9 45 00 a0 90 44 06 00  00 00 00 e0 43 45 00 00  |.E...D......CE..|
00001be0  60 c1 06 00 00 00 00 e0  7d 45 00 40 d0 44 06 02  |`.......}E.@.D..|
00001bf0  00 00 00 e0 b4 44 00 80  0f c4 04 01 00 00 00 c0  |.....D..........|
00001c00  d8 44 00 00 ec c2 07 00  00 00 00 c0 5c 44 00 c0  |.D..........\D..|
00001c10  28 c4 04 00 00 00 00 a0  85 44 00 00 27 c3 04 00  |(........D..'...|
00001c20  00 00 00 80 c1 44 00 00  89 43 04 00 00 00 00 a0  |.....D...C......|
00001c30  f8 44 00 80 b9 43 04 00  00 00 00 40 0e 45 00 00  |.D...C.....@.E..|
00001c40  00 c0 04 00 00 00 00 e0  f9 44 00 00 b0 c2 09 00  |.........D......|
00001c50  00 00 00 60 b5 44 00 00  36 c3 09 00 00 00 00 40  |...`.D..6......@|
00001c60  bf 44 00 00 b4 c2 09 00  00 00 00 70 01 45 00 00  |.D.........p.E..|
00001c70  1e c3 09 00 00 00 00 60  d9 44 00 80 99 c3 09 00  |.......`.D......|
00001c80  00 00 00 a0 b9 44 00 40  05 c4 09 00 00 00 00 00  |.....D.@........|
00001c90  a9 44 00 80 27 c4 09 02  00 00 00 00 fe 43 00 00  |.D..'........C..|
00001ca0  43 45 01 01 00 00 00 00  2f 45 00 b0 46 c5 02 00  |CE....../E..F...|
00001cb0  00 00 00 50 35 45 00 00  59 c5 0f 00 00 00 00 60  |...P5E..Y......`|
00001cc0  27 45 00 00 5d c5 03 00  00 00 00 90 1a 45 00 80  |'E..]........E..|
00001cd0  61 c5 03 00 00 00 00 d0  10 45 00 f0 63 c5 03 00  |a........E..c...|
00001ce0  00 00 00 b0 0b 45 00 80  5a c5 03 00 00 00 00 00  |.....E..Z.......|
00001cf0  08 45 00 10 4f c5 03 00  00 00 00 b0 04 45 00 10  |.E..O........E..|
00001d00  44 c5 03 00 00 00 00 20  01 45 00 00 3a c5 03 00  |D...... .E..:...|
00001d10  00 00 00 80 fa 44 00 60  30 c5 03 00 00 00 00 e0  |.....D.`0.......|
00001d20  f3 44 00 20 27 c5 03 00  00 00 00 a0 eb 44 00 a0  |.D. '........D..|
00001d30  1c c5 03 00 00 00 00 00  e5 44 00 a0 11 c5 03 00  |.........D......|
00001d40  00 00 00 e0 dd 44 00 90  07 c5 03 00 00 00 00 20  |.....D......... |
00001d50  d6 44 00 e0 fb c4 03 00  00 00 00 80 cf 44 00 60  |.D...........D.`|
00001d60  e9 c4 03 00 00 00 00 a0  c6 44 00 e0 d3 c4 03 00  |.........D......|
00001d70  00 00 00 00 c0 44 00 e0  bd c4 03 00 00 00 00 c0  |.....D..........|
00001d80  b8 44 00 c0 a9 c4 03 00  00 00 00 00 b1 44 00 80  |.D...........D..|
00001d90  96 c4 03 00 00 00 00 80  aa 44 00 00 84 c4 03 02  |.........D......|
00001da0  00 00 00 e0 28 45 00 30  37 c5 01 01 00 00 00 00  |....(E.07.......|
00001db0  d4 43 00 80 50 45 02 00  00 00 00 00 95 43 00 e0  |.C..PE.......C..|
00001dc0  67 45 0f 00 00 00 00 00  a8 42 00 20 64 45 03 00  |gE.......B. dE..|
00001dd0  00 00 00 00 e8 c2 00 d0  5f 45 03 00 00 00 00 80  |........_E......|
00001de0  88 c3 00 30 5a 45 03 00  00 00 00 00 6f c3 00 f0  |...0ZE......o...|
00001df0  4e 45 03 00 00 00 00 00  22 c3 00 20 43 45 03 00  |NE......".. CE..|
00001e00  00 00 00 00 b0 c2 00 b0  35 45 03 00 00 00 00 00  |........5E......|
00001e10  30 c1 00 f0 27 45 03 00  00 00 00 00 78 42 00 f0  |0...'E......xB..|
00001e20  1a 45 03 00 00 00 00 00  0f 43 00 e0 0d 45 03 00  |.E.......C...E..|
00001e30  00 00 00 00 5c 43 00 10  02 45 03 00 00 00 00 00  |....\C...E......|
00001e40  91 43 00 60 eb 44 03 00  00 00 00 00 b6 43 00 40  |.C.`.D.......C.@|
00001e50  d4 44 03 00 00 00 00 00  d4 43 00 20 bc 44 03 00  |.D.......C. .D..|
00001e60  00 00 00 80 f5 43 00 80  a4 44 03 00 00 00 00 00  |.....C...D......|
00001e70  0f 44 00 00 8c 44 03 00  00 00 00 80 1f 44 00 80  |.D...D.......D..|
00001e80  63 44 03 00 00 00 00 c0  30 44 00 40 33 44 03 00  |cD......0D.@3D..|
00001e90  00 00 00 00 43 44 00 c0  01 44 03 02 00 00 00 00  |....CD...D......|
00001ea0  64 42 00 a0 7e 45 08 01  00 00 00 00 5e 43 00 e0  |dB..~E......^C..|
00001eb0  80 45 08 00 00 00 00 f0  42 45 00 f0 6d c5 08 00  |.E......BE..m...|
00001ec0  00 00 00 50 38 45 00 60  71 c5 08 02 00 00 00 80  |...P8E.`q.......|
00001ed0  aa 44 00 d0 0a 45 01 01  00 00 00 30 38 45 00 40  |.D...E.....08E.@|
00001ee0  04 c5 02 00 00 00 00 c0  3d 45 00 90 10 c5 0f 00  |........=E......|
00001ef0  00 00 00 90 4c 45 00 b0  0b c5 03 00 00 00 00 f0  |....LE..........|
00001f00  55 45 00 40 06 c5 03 00  00 00 00 00 52 45 00 a0  |UE.@........RE..|
00001f10  f2 c4 03 00 00 00 00 50  4d 45 00 a0 d9 c4 03 00  |.......PME......|
00001f20  00 00 00 f0 49 45 00 00  c6 c4 03 00 00 00 00 30  |....IE.........0|
00001f30  45 45 00 00 ad c4 03 00  00 00 00 d0 42 45 00 40  |EE..........BE.@|
00001f40  9b c4 03 00 00 00 00 20  3e 45 00 40 82 c4 03 00  |....... >E.@....|
00001f50  00 00 00 30 39 45 00 00  4b c4 03 00 00 00 00 70  |...09E..K......p|
00001f60  34 45 00 c0 18 c4 03 00  00 00 00 00 30 45 00 80  |4E..........0E..|
00001f70  d3 c3 03 00 00 00 00 50  2b 45 00 00 5f c3 03 00  |.......P+E.._...|
00001f80  00 00 00 b0 25 45 00 00  1c 42 03 00 00 00 00 c0  |....%E...B......|
00001f90  21 45 00 00 58 43 03 00  00 00 00 d0 1d 45 00 00  |!E..XC.......E..|
00001fa0  c2 43 03 00 00 00 00 b0  19 45 00 40 09 44 03 00  |.C.......E.@.D..|
00001fb0  00 00 00 d0 15 45 00 40  35 44 03 00 00 00 00 60  |.....E.@5D.....`|
00001fc0  12 45 00 c0 60 44 03 00  00 00 00 80 0d 45 00 80  |.E..`D.......E..|
00001fd0  86 44 03 00 00 00 00 e0  09 45 00 80 9c 44 03 00  |.D.......E...D..|
00001fe0  00 00 00 d0 05 45 00 80  b3 44 03 00 00 00 00 a0  |.....E...D......|
00001ff0  01 45 00 20 cc 44 03 00  00 00 00 a0 fa 44 00 40  |.E. .D.......D.@|

=== FILE 4/17: terrdata/objects/Falcon4.OCD ===
path: D:\SteamLibrary\steamapps\common\Falcon 4.0\terrdata\objects\FALCON4.OCD
size: 36020 bytes  (dumping first 8192 bytes)
--- hex dump ---
00000000  9b 02 00 00 00 00 00 00  00 00 00 00 00 00 00 00  |................|
00000010  00 00 00 00 00 00 00 00  00 00 00 00 00 00 00 00  |................|
00000020  00 00 00 00 00 00 00 00  00 00 00 00 00 00 00 00  |................|
00000030  00 00 00 00 00 00 00 00  7d 00 30 32 5f 32 30 20  |........}.02_20 |
00000040  41 69 72 62 61 73 65 20  32 00 00 00 00 00 02 00  |Airbase 2.......|
00000050  46 00 01 00 00 00 00 00  32 96 00 00 49 2d 35 2e  |F.......2...I-5.|
00000060  2c 24 29 19 19 46 00 00  7d 27 6c 16 01 00 7e 00  |,$)..F..}'l...~.|
00000070  48 69 67 68 77 61 79 20  53 74 72 69 70 20 4e 53  |Highway Strip NS|
00000080  00 00 00 00 01 00 32 00  09 00 00 00 00 00 4b fe  |......2.......K.|
00000090  00 00 5c 1b 40 3d 11 0e  02 00 00 5c 00 00 11 27  |..\.@=.....\...'|
000000a0  0d 07 6d 00 7f 00 41 72  6d 79 62 61 73 65 20 31  |..m...Armybase 1|
000000b0  00 00 00 00 00 00 00 00  00 00 02 00 14 00 0e 00  |................|
000000c0  00 00 00 00 2d 87 00 00  5b 2b 57 12 29 0e 03 00  |....-...[+W.)...|
000000d0  00 5b 00 00 30 27 0b 0a  7a 00 80 00 42 6f 72 64  |.[..0'..z...Bord|
000000e0  65 72 00 00 00 00 00 00  00 00 00 00 00 00 00 00  |er..............|
000000f0  00 00 14 00 00 00 00 00  00 00 00 00 00 00 00 00  |................|
00000100  00 00 00 00 00 00 00 00  00 00 26 27 01 ff 85 00  |..........&'....|
00000110  81 00 30 34 34 20 42 72  69 64 67 65 20 36 00 00  |..044 Bridge 6..|
00000120  00 00 00 00 00 00 00 00  14 00 00 00 00 00 00 00  |................|
00000130  00 00 00 00 5c 3c 4e 00  00 00 00 00 00 5c 00 00  |....\<N......\..|
00000140  2b 27 0d ff 86 00 82 00  33 30 34 20 42 69 6f 57  |+'......304 BioW|
00000150  65 61 70 6f 6e 73 00 00  00 00 00 00 90 01 0f 00  |eapons..........|
00000160  00 00 00 00 00 00 00 00  00 00 61 2a 61 00 32 0c  |..........a*a.2.|
00000170  0a 00 00 55 00 00 28 27  21 ff 93 00 83 00 34 30  |...U..('!.....40|
00000180  46 20 39 43 43 31 00 00  00 00 00 00 00 00 00 00  |F 9CC1..........|
00000190  00 00 00 00 14 00 00 00  00 00 00 00 00 00 00 00  |................|
000001a0  60 30 5e 02 41 01 04 00  00 60 00 00 32 27 1c ff  |`0^.A....`..2'..|
000001b0  b4 00 84 00 48 65 61 64  71 75 61 72 74 65 72 73  |....Headquarters|
000001c0  00 00 00 00 00 00 00 00  64 00 14 00 00 00 00 00  |........d.......|
000001d0  00 00 00 00 00 00 42 00  42 10 00 21 00 00 00 42  |......B.B..!...B|
000001e0  00 00 29 27 02 ff d0 00  85 00 44 65 70 6f 74 20  |..)'......Depot |
000001f0  31 00 00 00 00 00 00 00  00 00 00 00 00 00 64 00  |1.............d.|
00000200  0f 00 00 00 00 00 00 00  00 00 00 00 32 19 32 05  |............2.2.|
00000210  32 05 02 00 00 32 00 00  2c 27 01 ff d2 00 86 00  |2....2..,'......|
00000220  32 33 32 20 46 61 63 74  6f 72 79 20 35 00 00 00  |232 Factory 5...|
00000230  00 00 00 00 2c 01 0f 00  00 00 00 00 00 00 00 00  |....,...........|
00000240  00 00 5a 2d 5a 02 37 0c  09 00 00 5a 00 00 28 27  |..Z-Z.7....Z..('|
00000250  09 ff d3 00 30 00 4e 61  76 69 67 61 74 69 6f 6e  |....0.Navigation|
00000260  20 42 65 61 63 6f 00 00  00 00 00 00 0f 00 00 00  | Beaco..........|
00000270  00 00 00 00 00 00 00 00  00 00 00 00 00 00 00 00  |................|
00000280  00 00 00 00 27 27 01 ff  dc 00 87 00 46 6f 72 74  |....''......Fort|
00000290  69 66 69 63 61 74 69 6f  6e 20 31 00 00 00 00 00  |ification 1.....|
000002a0  64 00 0a 00 00 00 00 00  00 00 00 00 00 00 50 50  |d.............PP|
000002b0  08 04 00 00 00 00 00 50  00 00 30 27 04 ff dd 00  |.......P..0'....|
000002c0  88 00 48 69 6c 6c 20 74  6f 70 00 00 00 00 00 00  |..Hill top......|
000002d0  00 00 00 00 00 00 64 00  01 00 00 00 00 00 00 00  |......d.........|
000002e0  00 00 00 00 00 00 00 00  00 00 00 00 00 00 00 00  |................|
000002f0  26 27 01 ff e1 00 89 00  49 6e 74 65 72 73 65 63  |&'......Intersec|
00000300  74 69 6f 6e 00 00 00 00  00 00 00 00 00 00 0a 00  |tion............|
00000310  00 00 00 00 00 00 00 00  00 00 00 00 00 00 00 00  |................|
00000320  00 00 00 00 00 00 00 00  01 ff e2 00 03 03 44 65  |..............De|
00000330  70 6f 74 00 00 00 00 00  00 00 00 00 00 00 00 00  |pot.............|
00000340  00 00 32 00 0f 00 00 00  00 00 00 00 00 00 00 00  |..2.............|
00000350  32 19 32 05 32 05 02 00  00 32 00 00 2c 27 01 ff  |2.2.2....2..,'..|
00000360  e3 00 04 03 32 33 38 20  46 61 63 74 6f 72 79 20  |....238 Factory |
00000370  33 00 00 00 00 00 00 00  2c 01 0f 00 00 00 00 00  |3.......,.......|
00000380  00 00 00 00 00 00 57 28  4e 02 3b 0a 0a 00 00 57  |......W(N.;....W|
00000390  00 00 28 27 07 ff e4 00  8a 00 31 34 44 20 59 6f  |..('......14D Yo|
000003a0  6e 67 59 6f 6e 67 20 4e  75 63 00 00 00 00 f4 01  |ngYong Nuc......|
000003b0  0f 00 00 00 00 00 00 00  00 00 00 00 5b 42 3c 06  |............[B<.|
000003c0  19 05 02 00 00 5b 00 00  2a 27 0b ff eb 00 8b 00  |.....[..*'......|
000003d0  4d 6f 75 6e 74 61 69 6e  20 50 61 73 73 00 00 00  |Mountain Pass...|
000003e0  00 00 00 00 00 00 01 00  00 00 00 00 00 00 00 00  |................|
000003f0  00 00 00 00 00 00 00 00  00 00 00 00 00 00 26 27  |..............&'|
00000400  01 ff f6 00 8c 00 50 6f  72 74 20 4e 6f 72 74 68  |......Port North|
00000410  20 53 6d 00 00 00 00 00  00 00 2c 01 0f 00 0f 00  | Sm.......,.....|
00000420  00 00 00 00 00 00 00 00  5c 2e 5c 02 3e 08 06 00  |........\.\.>...|
00000430  00 5c 00 00 2e 27 0d ff  f7 00 8d 00 50 6f 77 65  |.\...'......Powe|
00000440  72 20 50 6c 61 6e 74 20  31 00 00 00 00 00 00 00  |r Plant 1.......|
00000450  90 01 0f 00 00 00 00 00  00 00 00 00 00 00 32 19  |..............2.|
00000460  19 05 19 05 02 00 00 32  00 00 28 27 01 ff 04 01  |.......2..('....|
00000470  8e 00 52 61 64 61 72 20  53 69 74 65 20 31 00 00  |..Radar Site 1..|
00000480  00 00 00 00 00 00 64 00  0f 00 00 00 00 00 00 00  |......d.........|
00000490  4b ff 00 00 32 19 32 05  19 32 02 00 00 32 00 00  |K...2.2..2...2..|
000004a0  24 27 01 00 05 01 8f 00  52 61 69 6c 20 54 65 72  |$'......Rail Ter|
000004b0  6d 69 6e 61 6c 20 31 00  00 00 00 00 64 00 0f 00  |minal 1.....d...|
000004c0  00 00 00 00 00 00 00 00  00 00 32 0c 32 00 25 05  |..........2.2.%.|
000004d0  02 00 00 32 00 00 2c 27  01 ff 06 01 90 00 52 61  |...2..,'......Ra|
000004e0  69 6c 72 6f 61 64 20 31  00 00 00 00 00 00 00 00  |ilroad 1........|
000004f0  00 00 64 00 05 00 00 00  00 00 00 00 00 00 00 00  |..d.............|
00000500  00 00 00 00 00 00 00 00  00 00 00 00 2c 27 01 ff  |............,'..|
00000510  07 01 91 00 34 30 41 20  48 61 6e 6a 6f 6e 00 00  |....40A Hanjon..|
00000520  00 00 00 00 00 00 00 00  58 02 0f 00 00 00 00 00  |........X.......|
00000530  00 00 00 00 00 00 5d 3c  60 08 43 0f 14 00 00 60  |......]<`.C....`|
00000540  00 00 28 27 1f ff 08 01  92 00 48 69 67 68 77 61  |..('......Highwa|
00000550  79 00 00 00 00 00 00 00  00 00 00 00 00 00 00 00  |y...............|
00000560  05 00 00 00 00 00 00 00  00 00 00 00 00 00 00 00  |................|
00000570  00 00 00 00 00 00 00 00  26 27 01 ff 27 01 93 00  |........&'..'...|
00000580  53 65 61 00 00 00 00 00  00 00 00 00 00 00 00 00  |Sea.............|
00000590  00 00 00 00 00 00 01 00  00 00 00 00 00 00 00 00  |................|
000005a0  00 00 00 00 00 00 00 00  00 00 00 00 00 00 26 27  |..............&'|
000005b0  01 ff 28 01 05 03 31 34  44 20 53 69 6e 67 53 69  |..(...14D SingSi|
000005c0  6e 67 20 4e 75 63 00 00  00 00 f4 01 0f 00 00 00  |ng Nuc..........|
000005d0  00 00 00 00 00 00 00 00  5b 42 3c 06 19 05 02 00  |........[B<.....|
000005e0  00 5b 00 00 2a 27 0b ff  29 01 94 00 54 6f 77 6e  |.[..*'..)...Town|
000005f0  00 00 00 00 00 00 00 00  00 00 00 00 00 00 00 00  |................|
00000600  64 00 0a 00 00 00 00 00  00 00 00 00 00 00 32 19  |d.............2.|
00000610  32 00 19 00 02 00 00 32  00 00 00 00 01 ff 34 01  |2......2......4.|
00000620  78 02 46 6f 72 64 00 00  00 00 00 00 00 00 00 00  |x.Ford..........|
00000630  00 00 00 00 00 00 00 00  01 00 00 00 00 00 00 00  |................|
00000640  00 00 00 00 00 00 00 00  00 00 00 00 00 00 00 00  |................|
00000650  26 27 01 ff 35 01 79 02  42 65 61 63 68 00 00 00  |&'..5.y.Beach...|
00000660  00 00 00 00 00 00 00 00  00 00 00 00 00 00 01 00  |................|
00000670  00 00 00 00 00 00 00 00  00 00 00 00 00 00 00 00  |................|
00000680  00 00 00 00 00 00 26 27  01 ff 36 01 75 00 56 69  |......&'..6.u.Vi|
00000690  6c 6c 61 67 65 00 00 00  00 00 00 00 00 00 00 00  |llage...........|
000006a0  00 00 64 00 05 00 00 00  00 00 00 00 00 00 00 00  |..d.............|
000006b0  32 19 32 00 19 00 02 00  00 32 00 00 00 00 01 ff  |2.2......2......|
000006c0  37 01 32 02 52 61 64 69  6f 20 54 6f 77 65 72 20  |7.2.Radio Tower |
000006d0  31 00 00 00 00 00 00 00  00 00 0f 00 00 00 00 00  |1...............|
000006e0  00 00 00 00 00 00 32 00  32 0c 00 19 00 00 00 32  |......2.2......2|
000006f0  00 00 29 27 01 ff 38 01  73 00 34 30 46 20 39 43  |..)'..8.s.40F 9C|
00000700  43 32 00 00 00 00 00 00  00 00 00 00 00 00 00 00  |C2..............|
00000710  14 00 00 00 00 00 00 00  00 00 00 00 60 30 5f 01  |............`0_.|
00000720  42 01 04 00 00 60 00 00  32 27 1d ff 39 01 55 03  |B....`..2'..9.U.|
00000730  56 69 6c 6c 61 67 65 00  00 00 00 00 00 00 00 00  |Village.........|
00000740  00 00 00 00 64 00 05 00  00 00 00 00 00 00 00 00  |....d...........|
00000750  00 00 32 19 32 00 19 00  02 00 00 32 00 00 00 00  |..2.2......2....|
00000760  01 ff 56 01 54 03 56 69  6c 6c 61 67 65 00 00 00  |..V.T.Village...|
00000770  00 00 00 00 00 00 00 00  00 00 64 00 05 00 00 00  |..........d.....|
00000780  00 00 00 00 00 00 00 00  32 19 32 00 19 00 02 00  |........2.2.....|
00000790  00 32 00 00 00 00 01 ff  57 01 77 00 32 30 5f 30  |.2......W.w.20_0|
000007a0  32 20 41 69 72 62 61 73  65 20 32 00 00 00 00 00  |2 Airbase 2.....|
000007b0  02 00 46 00 11 00 00 00  00 00 32 96 00 00 49 2d  |..F.......2...I-|
000007c0  35 2e 2c 24 29 19 19 46  00 00 7d 27 6c 20 58 01  |5.,$)..F..}'l X.|
000007d0  76 00 32 33 31 20 46 61  63 74 6f 72 79 20 33 00  |v.231 Factory 3.|
000007e0  00 00 00 00 00 00 2c 01  0f 00 00 00 00 00 00 00  |......,.........|
000007f0  00 00 00 00 57 28 4e 02  3b 0a 0a 00 00 57 00 00  |....W(N.;....W..|
00000800  28 27 07 ff c4 01 7b 00  30 34 34 20 42 72 69 64  |('....{.044 Brid|
00000810  67 65 20 34 00 00 00 00  00 00 00 00 00 00 14 00  |ge 4............|
00000820  00 00 00 00 00 00 00 00  00 00 58 2c 58 00 00 00  |..........X,X...|
00000830  00 00 00 58 00 00 2b 27  08 ff cb 01 13 03 53 41  |...X..+'......SA|
00000840  4d 20 53 69 74 65 00 00  00 00 00 00 00 00 00 00  |M Site..........|
00000850  00 00 64 00 05 00 00 00  00 00 00 00 00 00 00 00  |..d.............|
00000860  57 00 00 00 00 00 00 00  00 00 00 00 2f 27 07 ff  |W.........../'..|
00000870  d3 01 89 03 48 61 72 74  20 53 69 74 65 00 00 00  |....Hart Site...|
00000880  00 00 00 00 00 00 00 00  64 00 0a 00 19 00 00 00  |........d.......|
00000890  00 00 00 00 00 00 5c 5a  07 01 00 00 00 00 00 5c  |......\Z.......\|
000008a0  00 00 2d 27 0d ff da 01  8b 03 55 6e 64 65 72 67  |..-'......Underg|
000008b0  72 6f 75 6e 64 20 46 61  63 74 00 00 00 00 90 01  |round Fact......|
000008c0  0f 00 00 00 00 00 00 00  00 00 00 00 32 1e 0f 00  |............2...|
000008d0  00 00 00 00 00 32 00 00  28 27 01 ff e7 01 8c 03  |.....2..('......|
000008e0  30 34 34 20 42 72 69 64  67 65 20 37 00 00 00 00  |044 Bridge 7....|
000008f0  00 00 00 00 00 00 14 00  00 00 00 00 00 00 00 00  |................|
00000900  00 00 55 39 47 00 00 00  00 00 00 55 00 00 2b 27  |..U9G......U..+'|
00000910  06 ff e8 01 8d 03 30 34  34 20 42 72 69 64 67 65  |......044 Bridge|
00000920  20 35 00 00 00 00 00 00  00 00 00 00 14 00 00 00  | 5..............|
00000930  00 00 00 00 00 00 00 00  57 4b 38 00 00 00 00 00  |........WK8.....|
00000940  00 57 00 00 2b 27 07 ff  ee 01 74 00 35 34 35 20  |.W..+'....t.545 |
00000950  4f 73 61 6e 00 00 00 00  00 00 00 00 00 00 00 00  |Osan............|
00000960  01 00 5a 00 1b 00 00 00  00 00 00 00 00 00 56 31  |..Z...........V1|
00000970  38 29 32 25 2b 1e 1e 41  00 00 14 27 61 ff f5 01  |8)2%+..A...'a...|
00000980  fb 06 4f 6c 79 6d 70 69  63 20 43 6f 6d 70 6c 65  |..Olympic Comple|
00000990  78 00 00 00 00 00 64 00  14 00 00 00 00 00 00 00  |x.....d.........|
000009a0  00 00 00 00 53 24 4b 00  29 08 02 00 00 53 00 00  |....S$K.)....S..|
000009b0  32 27 05 ff 56 02 fc 06  50 61 6e 6d 75 6e 6a 6f  |2'..V...Panmunjo|
000009c0  6e 00 00 00 00 00 00 00  00 00 00 00 64 00 0a 00  |n...........d...|
000009d0  00 00 00 00 00 00 00 00  00 00 5f 2f 5f 01 2f 04  |.........._/_./.|
000009e0  02 00 00 5f 00 00 32 27  15 ff 5b 02 00 07 4b 4f  |..._..2'..[...KO|
000009f0  45 58 00 00 00 00 00 00  00 00 00 00 00 00 00 00  |EX..............|
00000a00  00 00 64 00 0a 00 00 00  00 00 00 00 00 00 00 00  |..d.............|
00000a10  50 28 50 00 32 02 04 00  00 50 00 00 32 27 04 ff  |P(P.2....P..2'..|
00000a20  70 02 b5 03 38 30 46 20  39 43 43 31 00 00 00 00  |p...80F 9CC1....|
00000a30  00 00 00 00 00 00 00 00  00 00 0f 00 00 00 00 00  |................|
00000a40  00 00 00 00 00 00 60 30  5e 00 46 01 04 00 00 60  |......`0^.F....`|
00000a50  00 00 32 27 18 ff 74 02  ca 03 38 33 35 20 43 69  |..2'..t...835 Ci|
00000a60  74 79 00 00 00 00 00 00  00 00 00 00 00 00 00 00  |ty..............|
00000a70  0f 00 00 00 00 00 00 00  00 00 00 00 5c 2c 56 02  |............\,V.|
00000a80  37 04 05 00 00 5c 00 00  32 27 0c ff 8c 02 cb 03  |7....\..2'......|
00000a90  32 34 31 20 42 72 69 64  67 65 20 31 00 00 00 00  |241 Bridge 1....|
00000aa0  00 00 00 00 00 00 14 00  00 00 00 00 00 00 00 00  |................|
00000ab0  00 00 32 19 32 00 00 00  00 00 00 32 00 00 2b 27  |..2.2......2..+'|
00000ac0  01 ff 98 02 cd 03 32 34  32 20 42 72 69 64 67 65  |......242 Bridge|
00000ad0  20 31 00 00 00 00 00 00  00 00 00 00 14 00 00 00  | 1..............|
00000ae0  00 00 00 00 00 00 00 00  32 19 32 00 00 00 00 00  |........2.2.....|
00000af0  00 32 00 00 25 27 01 ff  99 02 ce 03 44 34 31 20  |.2..%'......D41 |
00000b00  42 72 69 64 67 65 20 33  00 00 00 00 00 00 00 00  |Bridge 3........|
00000b10  00 00 14 00 00 00 00 00  00 00 00 00 00 00 32 19  |..............2.|
00000b20  32 19 19 05 02 00 00 32  00 00 2b 27 01 ff 9a 02  |2......2..+'....|
00000b30  cf 03 44 34 32 20 42 72  69 64 67 65 20 33 00 00  |..D42 Bridge 3..|
00000b40  00 00 00 00 00 00 00 00  14 00 00 00 00 00 00 00  |................|
00000b50  00 00 00 00 32 19 32 19  19 05 02 00 00 32 00 00  |....2.2......2..|
00000b60  25 27 01 ff 9b 02 6e 03  30 35 5f 32 33 20 41 69  |%'....n.05_23 Ai|
00000b70  72 62 61 73 65 20 32 00  00 00 00 00 02 00 46 00  |rbase 2.......F.|
00000b80  20 00 00 00 00 00 32 96  00 00 49 2d 35 2e 2c 24  | .....2...I-5.,$|
00000b90  29 19 19 46 00 00 83 27  6c 20 9c 02 6f 03 33 34  |)..F...'l ..o.34|
00000ba0  5f 31 36 20 41 69 72 62  61 73 65 20 32 00 00 00  |_16 Airbase 2...|
00000bb0  00 00 02 00 46 00 28 00  00 00 00 00 32 96 00 00  |....F.(.....2...|
00000bc0  49 2d 35 2e 2c 24 29 19  19 46 00 00 7d 27 6c 20  |I-5.,$)..F..}'l |
00000bd0  08 03 70 03 35 30 35 20  57 6f 6e 73 61 6e 00 00  |..p.505 Wonsan..|
00000be0  00 00 00 00 00 00 00 00  02 00 5a 00 30 00 00 00  |..........Z.0...|
00000bf0  00 00 4b fe 00 00 4f 2e  3a 31 2d 1f 24 12 12 4d  |..K...O.:1-.$..M|
00000c00  00 00 84 27 65 32 74 03  eb 03 38 30 46 20 43 49  |...'e2t...80F CI|
00000c10  54 59 20 32 00 00 00 00  00 00 00 00 00 00 00 00  |TY 2............|
00000c20  14 00 00 00 00 00 00 00  00 00 00 00 60 30 5e 00  |............`0^.|
00000c30  46 01 04 00 00 60 00 00  31 27 18 ff d9 03 fd 03  |F....`..1'......|
00000c40  30 34 36 20 42 72 69 64  67 65 20 32 00 00 00 00  |046 Bridge 2....|
00000c50  00 00 00 00 00 00 14 00  00 00 00 00 00 00 00 00  |................|
00000c60  00 00 5c 55 35 00 00 00  00 00 00 5c 00 00 25 27  |..\U5......\..%'|
00000c70  0d ff f1 03 03 04 30 34  36 20 42 72 69 64 67 65  |......046 Bridge|
00000c80  20 33 00 00 00 00 00 00  00 00 00 00 14 00 00 00  | 3..............|
00000c90  00 00 00 00 00 00 00 00  5b 4b 3e 00 00 00 00 00  |........[K>.....|
00000ca0  00 5b 00 00 25 27 0b ff  fe 03 04 04 30 34 36 20  |.[..%'......046 |
00000cb0  42 72 69 64 67 65 20 34  00 00 00 00 00 00 00 00  |Bridge 4........|
00000cc0  00 00 14 00 00 00 00 00  00 00 00 00 00 00 5c 2e  |..............\.|
00000cd0  5c 00 00 00 00 00 00 5c  00 00 25 27 0c ff 09 04  |\......\..%'....|
00000ce0  05 04 30 34 36 20 42 72  69 64 67 65 20 35 00 00  |..046 Bridge 5..|
00000cf0  00 00 00 00 00 00 00 00  14 00 00 00 00 00 00 00  |................|
00000d00  00 00 00 00 57 4b 38 00  00 00 00 00 00 57 00 00  |....WK8......W..|
00000d10  25 27 07 ff 15 04 2e 04  36 36 42 20 50 6f 72 74  |%'......66B Port|
00000d20  00 00 00 00 00 00 00 00  00 00 00 00 2c 01 0f 00  |............,...|
00000d30  38 00 00 00 00 00 00 00  00 00 5c 28 58 00 3f 0a  |8.........\(X.?.|
00000d40  08 00 00 58 00 00 2e 27  0c ff 1c 04 ba 03 41 34  |...X...'......A4|
00000d50  31 20 42 72 69 64 67 65  20 31 00 00 00 00 00 00  |1 Bridge 1......|
00000d60  00 00 64 00 14 00 00 00  00 00 00 00 00 00 00 00  |..d.............|
00000d70  32 19 32 00 00 00 00 00  00 32 00 00 2b 27 01 ff  |2.2......2..+'..|
00000d80  28 04 bb 03 41 34 32 20  42 72 69 64 67 65 20 31  |(...A42 Bridge 1|
00000d90  00 00 00 00 00 00 00 00  64 00 14 00 00 00 00 00  |........d.......|
00000da0  00 00 00 00 00 00 32 19  32 00 00 00 00 00 00 32  |......2.2......2|
00000db0  00 00 25 27 01 ff 29 04  bc 03 36 35 34 20 42 72  |..%'..)...654 Br|
00000dc0  69 64 67 65 20 31 00 00  00 00 00 00 00 00 64 00  |idge 1........d.|
00000dd0  14 00 00 00 00 00 00 00  00 00 00 00 5a 3c 4b 00  |............Z<K.|
00000de0  00 00 00 00 00 5a 00 00  2b 27 09 ff 2a 04 bd 03  |.....Z..+'..*...|
00000df0  36 35 36 20 42 72 69 64  67 65 20 31 00 00 00 00  |656 Bridge 1....|
00000e00  00 00 00 00 64 00 14 00  00 00 00 00 00 00 00 00  |....d...........|
00000e10  00 00 5a 3c 4b 00 00 00  00 00 00 5a 00 00 25 27  |..Z<K......Z..%'|
00000e20  09 ff 33 04 be 03 36 45  36 20 42 72 69 64 67 65  |..3...6E6 Bridge|
00000e30  20 31 00 00 00 00 00 00  00 00 64 00 14 00 00 00  | 1........d.....|
00000e40  00 00 00 00 00 00 00 00  5c 3d 4c 00 00 00 00 00  |........\=L.....|
00000e50  00 5c 00 00 25 27 0c ff  3c 04 bf 03 36 45 34 20  |.\..%'..<...6E4 |
00000e60  42 72 69 64 67 65 20 31  00 00 00 00 00 00 00 00  |Bridge 1........|
00000e70  64 00 14 00 00 00 00 00  00 00 00 00 00 00 5c 3d  |d.............\=|
00000e80  4c 00 00 00 00 00 00 5c  00 00 2b 27 0c ff 48 04  |L......\..+'..H.|
00000e90  c0 03 36 38 34 20 42 72  69 64 67 65 20 31 00 00  |..684 Bridge 1..|
00000ea0  00 00 00 00 00 00 64 00  14 00 00 00 00 00 00 00  |......d.........|
00000eb0  00 00 00 00 5a 3c 4b 00  00 00 00 00 00 5a 00 00  |....Z<K......Z..|
00000ec0  2b 27 09 ff 54 04 2f 04  36 38 36 20 42 72 69 64  |+'..T./.686 Brid|
00000ed0  67 65 20 31 00 00 00 00  00 00 00 00 64 00 14 00  |ge 1........d...|
00000ee0  00 00 00 00 00 00 00 00  00 00 5c 3d 4c 00 00 00  |..........\=L...|
00000ef0  00 00 00 5c 00 00 25 27  0c ff 5d 04 30 04 36 38  |...\..%'..].0.68|
00000f00  42 20 42 72 69 64 67 65  20 31 00 00 00 00 00 00  |B Bridge 1......|
00000f10  00 00 64 00 14 00 00 00  00 00 00 00 00 00 00 00  |..d.............|
00000f20  5a 3c 4b 00 00 00 00 00  00 5a 00 00 25 27 09 ff  |Z<K......Z..%'..|
00000f30  69 04 31 04 36 38 44 20  42 72 69 64 67 65 20 31  |i.1.68D Bridge 1|
00000f40  00 00 00 00 00 00 00 00  64 00 14 00 00 00 00 00  |........d.......|
00000f50  00 00 00 00 00 00 55 39  47 00 00 00 00 00 00 55  |......U9G......U|
00000f60  00 00 2b 27 06 ff 72 04  32 04 44 33 37 20 74 6f  |..+'..r.2.D37 to|
00000f70  77 6e 00 00 00 00 00 00  00 00 00 00 00 00 64 00  |wn............d.|
00000f80  0a 00 00 00 00 00 00 00  00 00 00 00 5a 2b 54 01  |............Z+T.|
00000f90  3f 03 05 00 00 5a 00 00  33 27 0a ff 78 04 33 04  |?....Z..3'..x.3.|
00000fa0  44 33 42 20 54 6f 77 6e  00 00 00 00 00 00 00 00  |D3B Town........|
00000fb0  00 00 00 00 64 00 0a 00  00 00 00 00 00 00 00 00  |....d...........|
00000fc0  00 00 5b 2b 55 00 48 02  05 00 00 5b 00 00 33 27  |..[+U.H....[..3'|
00000fd0  0b ff 82 04 34 04 44 33  44 20 54 6f 77 6e 00 00  |....4.D3D Town..|
00000fe0  00 00 00 00 00 00 00 00  00 00 64 00 0a 00 00 00  |..........d.....|
00000ff0  00 00 00 00 00 00 00 00  5b 2b 55 01 40 03 05 00  |........[+U.@...|
00001000  00 5b 00 00 33 27 0b ff  8d 04 35 04 44 33 45 20  |.[..3'....5.D3E |
00001010  54 6f 77 6e 00 00 00 00  00 00 00 00 00 00 00 00  |Town............|
00001020  64 00 0a 00 00 00 00 00  00 00 00 00 00 00 58 29  |d.............X)|
00001030  58 00 48 01 04 00 00 58  00 00 33 27 08 ff 98 04  |X.H....X..3'....|
00001040  36 04 44 33 46 20 54 6f  77 6e 00 00 00 00 00 00  |6.D3F Town......|
00001050  00 00 00 00 00 00 64 00  0a 00 00 00 00 00 00 00  |......d.........|
00001060  00 00 00 00 5a 2a 52 02  46 03 05 00 00 5a 00 00  |....Z*R.F....Z..|
00001070  33 27 09 ff a0 04 37 04  44 34 37 20 54 6f 77 6e  |3'....7.D47 Town|
00001080  00 00 00 00 00 00 00 00  00 00 00 00 64 00 0a 00  |............d...|
00001090  00 00 00 00 00 00 00 00  00 00 5a 2d 5a 02 48 03  |..........Z-Z.H.|
000010a0  04 00 00 5a 00 00 33 27  09 ff a9 04 38 04 44 34  |...Z..3'....8.D4|
000010b0  38 20 54 6f 77 6e 00 00  00 00 00 00 00 00 00 00  |8 Town..........|
000010c0  00 00 64 00 0a 00 00 00  00 00 00 00 00 00 00 00  |..d.............|
000010d0  5a 2a 52 02 41 03 05 00  00 5a 00 00 33 27 09 ff  |Z*R.A....Z..3'..|
000010e0  b2 04 39 04 36 35 42 20  42 72 69 64 67 65 20 31  |..9.65B Bridge 1|
000010f0  00 00 00 00 00 00 00 00  64 00 14 00 00 00 00 00  |........d.......|
00001100  00 00 00 00 00 00 5a 3c  4b 00 00 00 00 00 00 5a  |......Z<K......Z|
00001110  00 00 25 27 09 ff bb 04  3a 04 36 35 44 20 42 72  |..%'....:.65D Br|
00001120  69 64 67 65 20 31 00 00  00 00 00 00 00 00 64 00  |idge 1........d.|
00001130  14 00 00 00 00 00 00 00  00 00 00 00 5a 3c 4b 00  |............Z<K.|
00001140  00 00 00 00 00 5a 00 00  2b 27 09 ff c4 04 3b 04  |.....Z..+'....;.|
00001150  36 45 42 20 42 72 69 64  67 65 20 31 00 00 00 00  |6EB Bridge 1....|
00001160  00 00 00 00 64 00 14 00  00 00 00 00 00 00 00 00  |....d...........|
00001170  00 00 5c 3d 4c 00 00 00  00 00 00 5c 00 00 25 27  |..\=L......\..%'|
00001180  0c ff cd 04 3c 04 36 45  44 20 42 72 69 64 67 65  |....<.6ED Bridge|
00001190  20 31 00 00 00 00 00 00  00 00 64 00 14 00 00 00  | 1........d.....|
000011a0  00 00 00 00 00 00 00 00  5c 3d 4c 00 00 00 00 00  |........\=L.....|
000011b0  00 5c 00 00 2b 27 0c ff  d9 04 0b 04 37 35 34 20  |.\..+'......754 |
000011c0  42 72 69 64 67 65 20 31  00 00 00 00 00 00 00 00  |Bridge 1........|
000011d0  64 00 14 00 00 00 00 00  00 00 00 00 00 00 5c 3d  |d.............\=|
000011e0  4c 00 00 00 00 00 00 5c  00 00 2b 27 0c ff e5 04  |L......\..+'....|
000011f0  0c 04 30 34 34 20 42 72  69 64 67 65 20 31 00 00  |..044 Bridge 1..|
00001200  00 00 00 00 00 00 64 00  14 00 00 00 00 00 00 00  |......d.........|
00001210  00 00 00 00 5c 55 35 00  00 00 00 00 00 5c 00 00  |....\U5......\..|
00001220  2b 27 0d ff f1 04 0d 04  30 34 36 20 42 72 69 64  |+'......046 Brid|
00001230  67 65 20 31 00 00 00 00  00 00 00 00 64 00 14 00  |ge 1........d...|
00001240  00 00 00 00 00 00 00 00  00 00 5d 3e 4e 00 00 00  |..........]>N...|
00001250  00 00 00 5d 00 00 25 27  0f ff fe 04 0e 04 30 34  |...]..%'......04|
00001260  42 20 42 72 69 64 67 65  20 31 00 00 00 00 00 00  |B Bridge 1......|
00001270  00 00 64 00 14 00 00 00  00 00 00 00 00 00 00 00  |..d.............|
00001280  5d 3e 4e 00 00 00 00 00  00 5d 00 00 25 27 0f ff  |]>N......]..%'..|
00001290  0d 05 0f 04 30 34 44 20  42 72 69 64 67 65 20 31  |....04D Bridge 1|
000012a0  00 00 00 00 00 00 00 00  64 00 14 00 00 00 00 00  |........d.......|
000012b0  00 00 00 00 00 00 5d 3e  4e 00 00 00 00 00 00 5d  |......]>N......]|
000012c0  00 00 2b 27 0f ff 1c 05  10 04 37 35 44 20 42 72  |..+'......75D Br|
000012d0  69 64 67 65 20 31 00 00  00 00 00 00 00 00 64 00  |idge 1........d.|
000012e0  14 00 00 00 00 00 00 00  00 00 00 00 5c 3d 4c 00  |............\=L.|
000012f0  00 00 00 00 00 5c 00 00  2b 27 0c ff 2b 05 78 04  |.....\..+'..+.x.|
00001300  36 32 34 20 42 72 69 64  67 65 20 31 00 00 00 00  |624 Bridge 1....|
00001310  00 00 00 00 64 00 14 00  00 00 00 00 00 00 00 00  |....d...........|
00001320  00 00 5c 3d 4c 00 00 00  00 00 00 5c 00 00 2b 27  |..\=L......\..+'|
00001330  0c ff 37 05 79 04 36 32  36 20 42 72 69 64 67 65  |..7.y.626 Bridge|
00001340  20 31 00 00 00 00 00 00  00 00 64 00 14 00 00 00  | 1........d.....|
00001350  00 00 00 00 00 00 00 00  5a 3c 4b 00 00 00 00 00  |........Z<K.....|
00001360  00 5a 00 00 25 27 09 ff  43 05 3d 04 36 32 42 20  |.Z..%'..C.=.62B |
00001370  42 72 69 64 67 65 20 31  00 00 00 00 00 00 00 00  |Bridge 1........|
00001380  64 00 14 00 00 00 00 00  00 00 00 00 00 00 5a 3c  |d.............Z<|
00001390  4b 00 00 00 00 00 00 5a  00 00 25 27 09 ff 4c 05  |K......Z..%'..L.|
000013a0  3e 04 36 32 44 20 42 72  69 64 67 65 20 31 00 00  |>.62D Bridge 1..|
000013b0  00 00 00 00 00 00 64 00  14 00 00 00 00 00 00 00  |......d.........|
000013c0  00 00 00 00 5c 3d 4c 00  00 00 00 00 00 5c 00 00  |....\=L......\..|
000013d0  2b 27 0c ff 55 05 3f 04  33 30 46 20 42 55 52 42  |+'..U.?.30F BURB|
000013e0  31 00 00 00 00 00 00 00  00 00 00 00 64 00 14 00  |1...........d...|
000013f0  00 00 00 00 00 00 00 00  00 00 58 2c 58 00 42 03  |..........X,X.B.|
00001400  04 00 00 58 00 00 32 27  08 ff 61 05 15 04 30 34  |...X..2'..a...04|
00001410  34 20 42 72 69 64 67 65  20 32 00 00 00 00 00 00  |4 Bridge 2......|
00001420  00 00 64 00 14 00 00 00  00 00 00 00 00 00 00 00  |..d.............|
00001430  5c 55 35 00 00 00 00 00  00 5c 00 00 2b 27 0d ff  |\U5......\..+'..|
00001440  69 05 16 04 30 34 34 20  42 72 69 64 67 65 20 33  |i...044 Bridge 3|
00001450  00 00 00 00 00 00 00 00  64 00 14 00 00 00 00 00  |........d.......|
00001460  00 00 00 00 00 00 5b 4b  3e 00 00 00 00 00 00 5b  |......[K>......[|
00001470  00 00 2b 27 0b ff 76 05  fa 02 30 34 36 20 42 72  |..+'..v...046 Br|
00001480  69 64 67 65 20 36 00 00  00 00 00 00 00 00 64 00  |idge 6........d.|
00001490  14 00 00 00 00 00 00 00  00 00 00 00 5c 3c 4e 00  |............\<N.|
000014a0  00 00 00 00 00 5c 00 00  25 27 0d ff 81 05 d6 04  |.....\..%'......|
000014b0  4e 6f 72 74 68 20 53 65  6f 75 6c 00 00 00 00 00  |North Seoul.....|
000014c0  00 00 00 00 00 00 0f 00  00 00 00 00 00 00 00 00  |................|
000014d0  00 00 60 30 5f 00 43 00  04 00 00 60 00 00 31 27  |..`0_.C....`..1'|
000014e0  1e ff 8e 05 7b 04 30 34  42 20 42 72 69 64 67 65  |....{.04B Bridge|
000014f0  20 32 00 00 00 00 00 00  00 00 64 00 14 00 00 00  | 2........d.....|
00001500  00 00 00 00 00 00 00 00  5c 54 35 00 00 00 00 00  |........\T5.....|
00001510  00 5c 00 00 25 27 0c ff  ac 05 44 04 30 34 42 20  |.\..%'....D.04B |
00001520  42 72 69 64 67 65 20 33  00 00 00 00 00 00 00 00  |Bridge 3........|
00001530  64 00 14 00 00 00 00 00  00 00 00 00 00 00 5b 4b  |d.............[K|
00001540  3e 00 00 00 00 00 00 5b  00 00 25 27 0b ff b8 05  |>......[..%'....|
00001550  45 04 30 34 42 20 42 72  69 64 67 65 20 37 00 00  |E.04B Bridge 7..|
00001560  00 00 00 00 00 00 64 00  14 00 00 00 00 00 00 00  |......d.........|
00001570  00 00 00 00 55 39 47 00  00 00 00 00 00 55 00 00  |....U9G......U..|
00001580  25 27 06 ff c3 05 46 04  30 34 42 20 42 72 69 64  |%'....F.04B Brid|
00001590  67 65 20 35 00 00 00 00  00 00 00 00 64 00 14 00  |ge 5........d...|
000015a0  00 00 00 00 00 00 00 00  00 00 57 4b 38 00 00 00  |..........WK8...|
000015b0  00 00 00 57 00 00 25 27  07 ff c9 05 47 04 30 34  |...W..%'....G.04|
000015c0  42 20 42 72 69 64 67 65  20 34 00 00 00 00 00 00  |B Bridge 4......|
000015d0  00 00 64 00 14 00 00 00  00 00 00 00 00 00 00 00  |..d.............|
000015e0  58 2c 58 00 00 00 00 00  00 58 00 00 25 27 08 ff  |X,X......X..%'..|
000015f0  d0 05 48 04 30 34 42 20  42 72 69 64 67 65 20 36  |..H.04B Bridge 6|
00001600  00 00 00 00 00 00 00 00  64 00 14 00 00 00 00 00  |........d.......|
00001610  00 00 00 00 00 00 5a 37  50 00 00 00 00 00 00 5a  |......Z7P......Z|
00001620  00 00 25 27 09 ff d8 05  51 04 30 34 36 20 42 72  |..%'....Q.046 Br|
00001630  69 64 67 65 20 37 00 00  00 00 00 00 00 00 64 00  |idge 7........d.|
00001640  14 00 00 00 00 00 00 00  00 00 00 00 55 47 39 00  |............UG9.|
00001650  00 00 00 00 00 55 00 00  25 27 06 ff e1 05 49 04  |.....U..%'....I.|
00001660  30 34 44 20 42 72 69 64  67 65 20 32 00 00 00 00  |04D Bridge 2....|
00001670  00 00 00 00 64 00 14 00  00 00 00 00 00 00 00 00  |....d...........|
00001680  00 00 5c 54 35 00 00 00  00 00 00 5c 00 00 2b 27  |..\T5......\..+'|
00001690  0c ff e7 05 4a 04 30 34  44 20 42 72 69 64 67 65  |....J.04D Bridge|
000016a0  20 33 00 00 00 00 00 00  00 00 64 00 14 00 00 00  | 3........d.....|
000016b0  00 00 00 00 00 00 00 00  5b 4b 3e 00 00 00 00 00  |........[K>.....|
000016c0  00 5b 00 00 2b 27 0b ff  f3 05 5a 04 30 34 44 20  |.[..+'....Z.04D |
000016d0  42 72 69 64 67 65 20 34  00 00 00 00 00 00 00 00  |Bridge 4........|
000016e0  64 00 14 00 00 00 00 00  00 00 00 00 00 00 58 2c  |d.............X,|
000016f0  58 00 00 00 00 00 00 58  00 00 2b 27 08 ff fe 05  |X......X..+'....|
00001700  5b 04 30 34 44 20 42 72  69 64 67 65 20 36 00 00  |[.04D Bridge 6..|
00001710  00 00 00 00 00 00 64 00  14 00 00 00 00 00 00 00  |......d.........|
00001720  00 00 00 00 5a 36 51 00  00 00 00 00 00 5a 00 00  |....Z6Q......Z..|
00001730  2b 27 0a ff 06 06 5c 04  30 34 44 20 42 72 69 64  |+'....\.04D Brid|
00001740  67 65 20 37 00 00 00 00  00 00 00 00 64 00 14 00  |ge 7........d...|
00001750  00 00 00 00 00 00 00 00  00 00 55 39 47 00 00 00  |..........U9G...|
00001760  00 00 00 55 00 00 2b 27  06 ff 10 06 5d 04 36 32  |...U..+'....].62|
00001770  34 20 42 72 69 64 67 65  20 32 00 00 00 00 00 00  |4 Bridge 2......|
00001780  00 00 64 00 14 00 00 00  00 00 00 00 00 00 00 00  |..d.............|
00001790  5b 53 36 00 00 00 00 00  00 5b 00 00 2b 27 0b ff  |[S6......[..+'..|
000017a0  16 06 5e 04 36 32 34 20  42 72 69 64 67 65 20 33  |..^.624 Bridge 3|
000017b0  00 00 00 00 00 00 00 00  64 00 14 00 00 00 00 00  |........d.......|
000017c0  00 00 00 00 00 00 5a 46  41 00 00 00 00 00 00 5a  |......ZFA......Z|
000017d0  00 00 2b 27 09 ff 21 06  5f 04 36 32 34 20 42 72  |..+'..!._.624 Br|
000017e0  69 64 67 65 20 34 00 00  00 00 00 00 00 00 64 00  |idge 4........d.|
000017f0  14 00 00 00 00 00 00 00  00 00 00 00 57 2b 57 00  |............W+W.|
00001800  00 00 00 00 00 57 00 00  2b 27 07 ff 2a 06 60 04  |.....W..+'..*.`.|
00001810  36 32 34 20 42 72 69 64  67 65 20 35 00 00 00 00  |624 Bridge 5....|
00001820  00 00 00 00 64 00 14 00  00 00 00 00 00 00 00 00  |....d...........|
00001830  00 00 55 47 39 00 00 00  00 00 00 55 00 00 2b 27  |..UG9......U..+'|
00001840  06 ff 31 06 61 04 36 32  34 20 42 72 69 64 67 65  |..1.a.624 Bridge|
00001850  20 36 00 00 00 00 00 00  00 00 64 00 14 00 00 00  | 6........d.....|
00001860  00 00 00 00 00 00 00 00  5a 37 50 00 00 00 00 00  |........Z7P.....|
00001870  00 5a 00 00 2b 27 09 ff  37 06 62 04 36 32 34 20  |.Z..+'..7.b.624 |
00001880  42 72 69 64 67 65 20 37  00 00 00 00 00 00 00 00  |Bridge 7........|
00001890  64 00 14 00 00 00 00 00  00 00 00 00 00 00 53 3a  |d.............S:|
000018a0  42 00 00 00 00 00 00 53  00 00 2b 27 05 ff 40 06  |B......S..+'..@.|
000018b0  63 04 36 32 44 20 42 72  69 64 67 65 20 32 00 00  |c.62D Bridge 2..|
000018c0  00 00 00 00 00 00 64 00  14 00 00 00 00 00 00 00  |......d.........|
000018d0  00 00 00 00 5b 53 36 00  00 00 00 00 00 5b 00 00  |....[S6......[..|
000018e0  2b 27 0b ff 45 06 64 04  36 32 44 20 42 72 69 64  |+'..E.d.62D Brid|
000018f0  67 65 20 33 00 00 00 00  00 00 00 00 64 00 14 00  |ge 3........d...|
00001900  00 00 00 00 00 00 00 00  00 00 5a 46 41 00 00 00  |..........ZFA...|
00001910  00 00 00 5a 00 00 2b 27  09 ff 50 06 65 04 36 32  |...Z..+'..P.e.62|
00001920  44 20 42 72 69 64 67 65  20 34 00 00 00 00 00 00  |D Bridge 4......|
00001930  00 00 64 00 14 00 00 00  00 00 00 00 00 00 00 00  |..d.............|
00001940  57 2b 57 00 00 00 00 00  00 57 00 00 2b 27 07 ff  |W+W......W..+'..|
00001950  59 06 66 04 36 32 44 20  42 72 69 64 67 65 20 35  |Y.f.62D Bridge 5|
00001960  00 00 00 00 00 00 00 00  64 00 14 00 00 00 00 00  |........d.......|
00001970  00 00 00 00 00 00 55 47  39 00 00 00 00 00 00 55  |......UG9......U|
00001980  00 00 2b 27 06 ff 60 06  67 04 36 32 44 20 42 72  |..+'..`.g.62D Br|
00001990  69 64 67 65 20 36 00 00  00 00 00 00 00 00 64 00  |idge 6........d.|
000019a0  14 00 00 00 00 00 00 00  00 00 00 00 5a 37 50 00  |............Z7P.|
000019b0  00 00 00 00 00 5a 00 00  2b 27 09 ff 66 06 68 04  |.....Z..+'..f.h.|
000019c0  36 32 44 20 42 72 69 64  67 65 20 37 00 00 00 00  |62D Bridge 7....|
000019d0  00 00 00 00 64 00 14 00  00 00 00 00 00 00 00 00  |....d...........|
000019e0  00 00 53 3a 42 00 00 00  00 00 00 53 00 00 2b 27  |..S:B......S..+'|
000019f0  05 ff 6f 06 69 04 36 32  36 20 42 72 69 64 67 65  |..o.i.626 Bridge|
00001a00  20 32 00 00 00 00 00 00  00 00 64 00 14 00 00 00  | 2........d.....|
00001a10  00 00 00 00 00 00 00 00  58 4d 37 00 00 00 00 00  |........XM7.....|
00001a20  00 58 00 00 25 27 08 ff  74 06 6a 04 36 32 36 20  |.X..%'..t.j.626 |
00001a30  42 72 69 64 67 65 20 33  00 00 00 00 00 00 00 00  |Bridge 3........|
00001a40  64 00 14 00 00 00 00 00  00 00 00 00 00 00 57 4b  |d.............WK|
00001a50  38 00 00 00 00 00 00 57  00 00 25 27 07 ff 7c 06  |8......W..%'..|.|
00001a60  6b 04 36 32 36 20 42 72  69 64 67 65 20 34 00 00  |k.626 Bridge 4..|
00001a70  00 00 00 00 00 00 64 00  14 00 00 00 00 00 00 00  |......d.........|
00001a80  00 00 00 00 53 29 53 00  00 00 00 00 00 53 00 00  |....S)S......S..|
00001a90  25 27 05 ff 83 06 6c 04  36 32 36 20 42 72 69 64  |%'....l.626 Brid|
00001aa0  67 65 20 35 00 00 00 00  00 00 00 00 64 00 14 00  |ge 5........d...|
00001ab0  00 00 00 00 00 00 00 00  00 00 53 42 3a 00 00 00  |..........SB:...|
00001ac0  00 00 00 53 00 00 25 27  05 ff 88 06 6d 04 36 32  |...S..%'....m.62|
00001ad0  36 20 42 72 69 64 67 65  20 36 00 00 00 00 00 00  |6 Bridge 6......|
00001ae0  00 00 64 00 14 00 00 00  00 00 00 00 00 00 00 00  |..d.............|
00001af0  58 37 4d 00 00 00 00 00  00 58 00 00 25 27 08 ff  |X7M......X..%'..|
00001b00  8d 06 6e 04 36 32 36 20  42 72 69 64 67 65 20 37  |..n.626 Bridge 7|
00001b10  00 00 00 00 00 00 00 00  64 00 14 00 00 00 00 00  |........d.......|
00001b20  00 00 00 00 00 00 50 3c  3c 00 00 00 00 00 00 50  |......P<<......P|
00001b30  00 00 25 27 04 ff 95 06  7c 04 36 32 42 20 42 72  |..%'....|.62B Br|
00001b40  69 64 67 65 20 32 00 00  00 00 00 00 00 00 64 00  |idge 2........d.|
00001b50  14 00 00 00 00 00 00 00  00 00 00 00 58 4d 37 00  |............XM7.|
00001b60  00 00 00 00 00 58 00 00  25 27 08 ff 99 06 7d 04  |.....X..%'....}.|
00001b70  36 32 42 20 42 72 69 64  67 65 20 34 00 00 00 00  |62B Bridge 4....|
00001b80  00 00 00 00 64 00 14 00  00 00 00 00 00 00 00 00  |....d...........|
00001b90  00 00 53 29 53 00 00 00  00 00 00 53 00 00 25 27  |..S)S......S..%'|
00001ba0  05 ff a1 06 7e 04 36 32  42 20 42 72 69 64 67 65  |....~.62B Bridge|
00001bb0  20 33 00 00 00 00 00 00  00 00 64 00 14 00 00 00  | 3........d.....|
00001bc0  00 00 00 00 00 00 00 00  57 4b 38 00 00 00 00 00  |........WK8.....|
00001bd0  00 57 00 00 25 27 07 ff  a6 06 7f 04 36 32 42 20  |.W..%'......62B |
00001be0  42 72 69 64 67 65 20 35  00 00 00 00 00 00 00 00  |Bridge 5........|
00001bf0  64 00 14 00 00 00 00 00  00 00 00 00 00 00 53 42  |d.............SB|
00001c00  3a 00 00 00 00 00 00 53  00 00 25 27 05 ff ad 06  |:......S..%'....|
00001c10  80 04 36 32 42 20 42 72  69 64 67 65 20 36 00 00  |..62B Bridge 6..|
00001c20  00 00 00 00 00 00 64 00  14 00 00 00 00 00 00 00  |......d.........|
00001c30  00 00 00 00 53 42 3a 00  00 00 00 00 00 53 00 00  |....SB:......S..|
00001c40  25 27 05 ff b2 06 81 04  36 32 42 20 42 72 69 64  |%'......62B Brid|
00001c50  67 65 20 37 00 00 00 00  00 00 00 00 64 00 14 00  |ge 7........d...|
00001c60  00 00 00 00 00 00 00 00  00 00 53 29 53 00 00 00  |..........S)S...|
00001c70  00 00 00 53 00 00 25 27  05 ff b7 06 d7 04 44 6f  |...S..%'......Do|
00001c80  77 6e 74 6f 77 6e 20 53  65 6f 75 6c 00 00 00 00  |wntown Seoul....|
00001c90  00 00 64 00 0f 00 00 00  00 00 00 00 00 00 00 00  |..d.............|
00001ca0  60 2e 60 01 3c 03 04 00  00 60 00 00 31 27 20 ff  |`.`.<....`..1' .|
00001cb0  bc 06 82 04 36 35 34 20  42 72 69 64 67 65 20 32  |....654 Bridge 2|
00001cc0  00 00 00 00 00 00 00 00  64 00 14 00 00 00 00 00  |........d.......|
00001cd0  00 00 00 00 00 00 58 4d  37 00 00 00 00 00 00 58  |......XM7......X|
00001ce0  00 00 2b 27 08 ff dc 06  83 04 36 35 34 20 42 72  |..+'......654 Br|
00001cf0  69 64 67 65 20 33 00 00  00 00 00 00 00 00 64 00  |idge 3........d.|
00001d00  14 00 00 00 00 00 00 00  00 00 00 00 58 42 42 00  |............XBB.|
00001d10  00 00 00 00 00 58 00 00  2b 27 08 ff e4 06 84 04  |.....X..+'......|
00001d20  36 35 34 20 42 72 69 64  67 65 20 34 00 00 00 00  |654 Bridge 4....|
00001d30  00 00 00 00 64 00 14 00  00 00 00 00 00 00 00 00  |....d...........|
00001d40  00 00 53 29 53 00 00 00  00 00 00 53 00 00 2b 27  |..S)S......S..+'|
00001d50  05 ff ec 06 85 04 36 35  34 20 42 72 69 64 67 65  |......654 Bridge|
00001d60  20 35 00 00 00 00 00 00  00 00 64 00 14 00 00 00  | 5........d.....|
00001d70  00 00 00 00 00 00 00 00  50 3c 3c 00 00 00 00 00  |........P<<.....|
00001d80  00 50 00 00 2b 27 04 ff  f1 06 86 04 36 35 34 20  |.P..+'......654 |
00001d90  42 72 69 64 67 65 20 36  00 00 00 00 00 00 00 00  |Bridge 6........|
00001da0  64 00 14 00 00 00 00 00  00 00 00 00 00 00 58 37  |d.............X7|
00001db0  4d 00 00 00 00 00 00 58  00 00 2b 27 08 ff f5 06  |M......X..+'....|
00001dc0  87 04 36 35 34 20 42 72  69 64 67 65 20 37 00 00  |..654 Bridge 7..|
00001dd0  00 00 00 00 00 00 64 00  14 00 00 00 00 00 00 00  |......d.........|
00001de0  00 00 00 00 50 3c 3c 00  00 00 00 00 00 50 00 00  |....P<<......P..|
00001df0  2b 27 04 ff fd 06 88 04  36 35 36 20 42 72 69 64  |+'......656 Brid|
00001e00  67 65 20 32 00 00 00 00  00 00 00 00 64 00 14 00  |ge 2........d...|
00001e10  00 00 00 00 00 00 00 00  00 00 5a 50 37 00 00 00  |..........ZP7...|
00001e20  00 00 00 5a 00 00 25 27  09 ff 01 07 89 04 36 35  |...Z..%'......65|
00001e30  36 20 42 72 69 64 67 65  20 33 00 00 00 00 00 00  |6 Bridge 3......|
00001e40  00 00 64 00 14 00 00 00  00 00 00 00 00 00 00 00  |..d.............|
00001e50  58 42 42 00 00 00 00 00  00 58 00 00 25 27 08 ff  |XBB......X..%'..|
00001e60  0a 07 8a 04 36 35 36 20  42 72 69 64 67 65 20 34  |....656 Bridge 4|
00001e70  00 00 00 00 00 00 00 00  64 00 14 00 00 00 00 00  |........d.......|
00001e80  00 00 00 00 00 00 53 29  53 00 00 00 00 00 00 53  |......S)S......S|
00001e90  00 00 25 27 05 ff 12 07  8b 04 36 35 36 20 42 72  |..%'......656 Br|
00001ea0  69 64 67 65 20 35 00 00  00 00 00 00 00 00 64 00  |idge 5........d.|
00001eb0  14 00 00 00 00 00 00 00  00 00 00 00 50 3c 3c 00  |............P<<.|
00001ec0  00 00 00 00 00 50 00 00  25 27 04 ff 17 07 8c 04  |.....P..%'......|
00001ed0  36 35 36 20 42 72 69 64  67 65 20 36 00 00 00 00  |656 Bridge 6....|
00001ee0  00 00 00 00 64 00 14 00  00 00 00 00 00 00 00 00  |....d...........|
00001ef0  00 00 58 37 4d 00 00 00  00 00 00 58 00 00 25 27  |..X7M......X..%'|
00001f00  08 ff 1b 07 8d 04 36 35  36 20 42 72 69 64 67 65  |......656 Bridge|
00001f10  20 37 00 00 00 00 00 00  00 00 64 00 14 00 00 00  | 7........d.....|
00001f20  00 00 00 00 00 00 00 00  50 3c 3c 00 00 00 00 00  |........P<<.....|
00001f30  00 50 00 00 25 27 04 ff  23 07 8e 04 36 35 42 20  |.P..%'..#...65B |
00001f40  42 72 69 64 67 65 20 32  00 00 00 00 00 00 00 00  |Bridge 2........|
00001f50  64 00 14 00 00 00 00 00  00 00 00 00 00 00 5a 50  |d.............ZP|
00001f60  37 00 00 00 00 00 00 5a  00 00 25 27 09 ff 27 07  |7......Z..%'..'.|
00001f70  8f 04 36 35 42 20 42 72  69 64 67 65 20 33 00 00  |..65B Bridge 3..|
00001f80  00 00 00 00 00 00 64 00  14 00 00 00 00 00 00 00  |......d.........|
00001f90  00 00 00 00 58 42 42 00  00 00 00 00 00 58 00 00  |....XBB......X..|
00001fa0  25 27 08 ff 30 07 90 04  36 35 42 20 42 72 69 64  |%'..0...65B Brid|
00001fb0  67 65 20 34 00 00 00 00  00 00 00 00 64 00 14 00  |ge 4........d...|
00001fc0  00 00 00 00 00 00 00 00  00 00 53 29 53 00 00 00  |..........S)S...|
00001fd0  00 00 00 53 00 00 25 27  05 ff 38 07 91 04 36 35  |...S..%'..8...65|
00001fe0  42 20 42 72 69 64 67 65  20 35 00 00 00 00 00 00  |B Bridge 5......|
00001ff0  00 00 64 00 14 00 00 00  00 00 00 00 00 00 00 00  |..d.............|

=== FILE 5/17: terrdata/objects/Falcon4.UCD ===
path: D:\SteamLibrary\steamapps\common\Falcon 4.0\terrdata\objects\FALCON4.UCD
size: 99458 bytes  (dumping first 8192 bytes)
--- hex dump ---
00000000  28 01 00 00 00 00 00 00  00 00 00 00 00 00 00 00  |(...............|
00000010  00 00 00 00 00 00 00 00  00 00 00 00 00 00 00 00  |................|
00000020  00 00 00 00 00 00 00 00  00 00 00 00 00 00 00 00  |................|
00000030  00 00 00 00 00 00 00 00  00 00 00 00 00 00 00 00  |................|
00000040  00 00 00 00 00 00 00 00  00 00 00 00 00 00 00 00  |................|
00000050  00 00 00 00 00 00 00 00  00 00 00 00 00 00 00 00  |................|
00000060  00 00 00 00 00 00 00 00  00 00 00 00 00 00 00 00  |................|
00000070  00 00 00 00 00 00 00 00  00 00 00 00 00 00 00 00  |................|
00000080  00 00 00 00 00 00 00 00  00 00 00 00 00 00 00 00  |................|
00000090  00 00 00 00 00 00 00 00  00 00 00 00 00 00 00 00  |................|
000000a0  00 00 00 00 00 00 00 00  00 00 00 00 00 00 00 00  |................|
000000b0  00 00 00 00 00 00 00 00  00 00 00 00 00 00 00 00  |................|
000000c0  00 00 00 00 00 00 00 00  00 00 00 00 00 00 00 00  |................|
000000d0  00 00 00 00 00 00 00 00  00 00 00 00 00 00 00 00  |................|
000000e0  00 00 00 00 00 00 00 00  00 00 00 00 00 00 00 00  |................|
000000f0  00 00 00 00 00 00 00 00  00 00 00 00 00 00 00 00  |................|
00000100  00 00 00 00 00 00 00 00  00 00 00 00 00 00 00 00  |................|
00000110  00 00 00 00 00 00 00 00  00 00 00 00 00 00 00 00  |................|
00000120  00 00 00 00 00 00 00 00  00 00 00 00 00 00 00 00  |................|
00000130  00 00 00 00 00 00 00 00  00 00 00 00 00 00 00 00  |................|
00000140  00 00 00 00 00 00 00 00  00 00 00 00 00 00 00 00  |................|
00000150  00 00 4c 01 00 00 00 00  00 00 00 00 00 00 00 00  |..L.............|
00000160  00 00 00 00 00 00 00 00  00 00 00 00 00 00 00 00  |................|
00000170  00 00 00 00 00 00 00 00  00 00 00 00 00 00 00 00  |................|
00000180  00 00 00 00 00 00 00 00  00 00 00 00 00 00 00 00  |................|
00000190  00 00 00 00 00 00 00 00  00 00 00 00 00 00 00 00  |................|
000001a0  00 00 00 00 00 00 00 00  00 00 00 00 00 00 00 00  |................|
000001b0  00 00 00 00 00 00 00 00  00 00 00 00 00 00 00 00  |................|
000001c0  00 00 00 00 00 00 00 00  00 00 00 00 00 00 00 00  |................|
000001d0  00 00 00 00 00 00 00 00  00 00 00 00 00 00 00 00  |................|
000001e0  00 00 00 00 00 00 00 00  00 00 00 00 00 00 00 00  |................|
000001f0  00 00 00 00 00 00 00 00  00 00 00 00 00 00 00 00  |................|
00000200  00 00 00 00 00 00 00 00  00 00 00 00 00 00 00 00  |................|
00000210  00 00 00 00 00 00 00 00  00 00 00 00 00 00 00 00  |................|
00000220  00 00 00 00 00 00 00 00  00 00 00 00 00 00 00 00  |................|
00000230  00 00 00 00 00 00 00 00  41 69 72 6c 69 66 74 00  |........Airlift.|
00000240  00 00 00 00 00 00 00 00  00 00 00 00 00 00 05 00  |................|
00000250  00 00 e7 03 90 01 1e 00  00 00 64 00 00 00 0a 00  |..........d.....|
00000260  00 00 00 00 00 00 00 00  00 64 00 00 00 00 14 00  |.........d......|
00000270  00 00 00 00 00 00 00 00  00 00 00 00 00 00 00 00  |................|
00000280  00 00 00 00 00 00 00 00  00 00 00 00 00 00 00 00  |................|
00000290  00 00 00 00 00 00 00 00  00 00 ff 00 00 00 71 27  |..............q'|
000002a0  00 00 3c 03 00 00 01 00  00 00 01 00 00 00 00 00  |..<.............|
000002b0  00 00 00 00 00 00 00 00  00 00 00 00 00 00 00 00  |................|
000002c0  00 00 00 00 00 00 00 00  00 00 00 00 00 00 00 00  |................|
000002d0  00 00 00 00 00 00 00 00  00 00 00 00 00 00 00 00  |................|
000002e0  00 00 00 00 00 00 42 02  42 02 00 00 00 00 00 00  |......B.B.......|
000002f0  00 00 00 00 00 00 00 00  00 00 00 00 00 00 00 00  |................|
00000300  00 00 00 00 00 00 04 07  0a 01 01 ff ff ff 04 07  |................|
00000310  0a 01 01 ff ff ff 00 00  00 00 00 00 00 00 00 00  |................|
00000320  00 00 00 00 00 00 00 00  00 00 00 00 00 00 00 00  |................|
00000330  00 00 00 00 00 00 00 00  00 00 00 00 00 00 00 00  |................|
00000340  00 00 00 00 00 00 00 00  00 00 00 00 00 00 00 00  |................|
00000350  00 00 00 00 00 00 00 00  00 00 00 00 00 00 00 00  |................|
00000360  00 00 00 00 00 00 00 00  00 00 00 00 00 00 00 00  |................|
00000370  00 00 00 00 00 00 00 00  00 00 00 00 00 00 00 00  |................|
00000380  00 00 00 00 00 00 02 00  50 61 74 72 6f 6c 00 00  |........Patrol..|
00000390  00 00 00 00 00 00 00 00  00 00 00 00 00 00 06 00  |................|
000003a0  00 00 2d 00 64 00 00 00  00 00 00 00 00 00 0a 00  |..-.d...........|
000003b0  00 00 00 00 00 00 00 00  00 00 00 00 00 00 00 14  |................|
000003c0  05 0f 0a 14 14 23 0f 2a  08 1e 14 2a 2a 52 1e 01  |.....#.*...**R..|
000003d0  01 01 01 01 01 23 01 00  00 00 00 28 28 1e 01 00  |.....#.....((...|
000003e0  42 42 00 06 00 06 42 00  42 00 00 00 00 00 78 27  |BB....B.B.....x'|
000003f0  00 00 9a 01 00 00 00 00  00 00 00 00 00 00 00 00  |................|
00000400  00 00 00 00 00 00 00 00  00 00 00 00 00 00 00 00  |................|
00000410  00 00 00 00 00 00 00 00  00 00 00 00 00 00 00 00  |................|
00000420  00 00 00 00 00 00 00 00  00 00 00 00 00 00 00 00  |................|
00000430  00 00 00 00 00 00 00 00  00 00 00 00 00 00 00 00  |................|
00000440  00 00 00 00 00 00 00 00  00 00 00 00 00 00 00 00  |................|
00000450  00 00 00 00 00 00 00 00  00 00 00 00 00 00 00 00  |................|
00000460  00 00 00 00 00 00 00 00  00 00 00 00 00 00 00 00  |................|
00000470  00 00 00 00 00 00 00 00  00 00 00 00 00 00 00 00  |................|
00000480  00 00 00 00 00 00 00 00  00 00 00 00 00 00 00 00  |................|
00000490  00 00 00 00 00 00 00 00  00 00 00 00 00 00 00 00  |................|
000004a0  00 00 00 00 00 00 00 00  00 00 00 00 00 00 00 00  |................|
000004b0  00 00 00 00 00 00 00 00  00 00 00 00 00 00 00 00  |................|
000004c0  00 00 00 00 00 00 00 00  00 00 00 00 00 00 00 00  |................|
000004d0  00 00 00 00 00 00 00 00  41 69 72 6c 69 66 74 00  |........Airlift.|
000004e0  00 00 00 00 00 00 00 00  00 00 00 00 00 00 05 00  |................|
000004f0  00 00 e7 03 64 00 63 00  00 00 00 00 00 00 0a 00  |....d.c.........|
00000500  00 00 00 00 00 00 00 00  00 64 00 00 00 00 14 00  |.........d......|
00000510  00 00 00 00 00 00 00 00  00 00 00 00 00 00 00 00  |................|
00000520  00 00 00 00 00 00 00 00  00 00 00 00 00 00 00 00  |................|
00000530  00 00 00 00 00 00 00 00  00 00 ff 00 00 00 71 27  |..............q'|
00000540  00 00 4e 00 00 00 03 00  00 00 03 00 00 00 03 00  |..N.............|
00000550  00 00 03 00 00 00 00 00  00 00 00 00 00 00 00 00  |................|
00000560  00 00 00 00 00 00 00 00  00 00 00 00 00 00 00 00  |................|
00000570  00 00 00 00 00 00 00 00  00 00 00 00 00 00 00 00  |................|
00000580  00 00 00 00 00 00 c3 02  c3 02 c4 02 c4 02 00 00  |................|
00000590  00 00 00 00 00 00 00 00  00 00 00 00 00 00 00 00  |................|
000005a0  00 00 00 00 00 00 03 07  04 08 06 ff ff ff 03 07  |................|
000005b0  04 08 06 ff ff ff 03 07  04 08 07 ff ff ff 03 07  |................|
000005c0  04 08 07 ff ff ff 00 00  00 00 00 00 00 00 00 00  |................|
000005d0  00 00 00 00 00 00 00 00  00 00 00 00 00 00 00 00  |................|
000005e0  00 00 00 00 00 00 00 00  00 00 00 00 00 00 00 00  |................|
000005f0  00 00 00 00 00 00 00 00  00 00 00 00 00 00 00 00  |................|
00000600  00 00 00 00 00 00 00 00  00 00 00 00 00 00 00 00  |................|
00000610  00 00 00 00 00 00 00 00  00 00 00 00 00 00 00 00  |................|
00000620  00 00 00 00 00 00 0c 00  53 75 70 70 6c 79 00 00  |........Supply..|
00000630  00 00 00 00 00 00 00 00  00 00 00 00 00 00 02 00  |................|
00000640  00 00 3c 00 64 00 00 00  00 00 00 00 00 00 64 00  |..<.d.........d.|
00000650  00 00 00 00 00 00 00 00  00 00 00 00 00 00 00 00  |................|
00000660  00 00 00 00 00 00 00 00  00 00 00 00 00 00 00 00  |................|
00000670  00 00 00 00 00 00 00 00  00 00 00 00 00 00 00 00  |................|
00000680  1e 1e 00 1e 1e 1e 00 1e  1e 00 ff 00 00 00 1f 27  |...............'|
00000690  00 00 4e 01 00 00 00 00  00 00 00 00 00 00 00 00  |..N.............|
000006a0  00 00 00 00 00 00 00 00  00 00 00 00 00 00 00 00  |................|
000006b0  00 00 00 00 00 00 00 00  00 00 00 00 00 00 00 00  |................|
000006c0  00 00 00 00 00 00 00 00  00 00 00 00 00 00 00 00  |................|
000006d0  00 00 00 00 00 00 00 00  00 00 00 00 00 00 00 00  |................|
000006e0  00 00 00 00 00 00 00 00  00 00 00 00 00 00 00 00  |................|
000006f0  00 00 00 00 00 00 00 00  00 00 00 00 00 00 00 00  |................|
00000700  00 00 00 00 00 00 00 00  00 00 00 00 00 00 00 00  |................|
00000710  00 00 00 00 00 00 00 00  00 00 00 00 00 00 00 00  |................|
00000720  00 00 00 00 00 00 00 00  00 00 00 00 00 00 00 00  |................|
00000730  00 00 00 00 00 00 00 00  00 00 00 00 00 00 00 00  |................|
00000740  00 00 00 00 00 00 00 00  00 00 00 00 00 00 00 00  |................|
00000750  00 00 00 00 00 00 00 00  00 00 00 00 00 00 00 00  |................|
00000760  00 00 00 00 00 00 00 00  00 00 00 00 00 00 00 00  |................|
00000770  00 00 00 00 00 00 00 00  41 69 72 6c 69 66 74 00  |........Airlift.|
00000780  00 00 00 00 00 00 00 00  00 00 00 00 00 00 05 00  |................|
00000790  00 00 e7 03 00 00 63 00  00 00 09 00 00 00 0a 00  |......c.........|
000007a0  00 00 00 00 00 00 00 00  00 64 00 00 00 00 14 00  |.........d......|
000007b0  00 00 00 00 00 00 00 00  00 00 00 00 00 00 00 00  |................|
000007c0  00 00 00 00 00 00 00 00  00 00 00 00 00 00 00 00  |................|
000007d0  00 00 00 00 00 00 00 00  00 00 ff 00 00 00 71 27  |..............q'|
000007e0  00 00 4a 00 00 00 01 00  00 00 01 00 00 00 01 00  |..J.............|
000007f0  00 00 01 00 00 00 03 00  00 00 03 00 00 00 01 00  |................|
00000800  00 00 01 00 00 00 01 00  00 00 02 00 00 00 03 00  |................|
00000810  00 00 00 00 00 00 00 00  00 00 00 00 00 00 00 00  |................|
00000820  00 00 00 00 00 00 6f 02  6f 02 6f 02 2e 02 24 02  |......o.o.o...$.|
00000830  16 02 6f 02 6f 02 6f 02  14 02 24 02 00 00 00 00  |..o.o.o...$.....|
00000840  00 00 00 00 00 00 03 07  04 02 08 ff ff ff 03 07  |................|
00000850  04 02 08 ff ff ff 03 07  04 02 08 ff ff ff 03 07  |................|
00000860  04 02 13 ff ff ff 03 07  04 08 0a ff ff ff 03 07  |................|
00000870  04 08 0e ff ff ff 03 07  04 02 08 ff ff ff 03 07  |................|
00000880  04 02 08 ff ff ff 03 07  04 02 08 ff ff ff 03 07  |................|
00000890  03 03 08 ff ff ff 03 07  04 08 0a ff ff ff 00 00  |................|
000008a0  00 00 00 00 00 00 00 00  00 00 00 00 00 00 00 00  |................|
000008b0  00 00 00 00 00 00 00 00  00 00 00 00 00 00 00 00  |................|
000008c0  00 00 00 00 00 00 0d 00  41 69 72 20 44 65 66 65  |........Air Defe|
000008d0  6e 73 65 00 00 00 00 00  00 00 00 00 00 00 00 00  |nse.............|
000008e0  00 00 00 00 00 00 00 00  00 00 00 00 00 00 0a 00  |................|
000008f0  00 00 00 64 00 00 00 00  00 00 00 00 00 00 05 23  |...d...........#|
00000900  1e 19 14 1e 1e 00 1e 31  ef 8f 42 31 0a 00 64 02  |.......1..B1..d.|
00000910  02 02 02 1d 56 00 02 00  00 00 00 3c 78 00 00 00  |....V......<x...|
00000920  39 37 00 34 2e 35 00 24  39 00 03 00 00 00 23 27  |97.4.5.$9.....#'|
00000930  00 00 2d 00 00 00 03 00  00 00 03 00 00 00 03 00  |..-.............|
00000940  00 00 03 00 00 00 03 00  00 00 03 00 00 00 03 00  |................|
00000950  00 00 03 00 00 00 03 00  00 00 03 00 00 00 03 00  |................|
00000960  00 00 03 00 00 00 03 00  00 00 03 00 00 00 03 00  |................|
00000970  00 00 03 00 00 00 9b 02  9b 02 9b 02 1c 00 11 02  |................|
00000980  11 02 11 02 13 02 9b 02  9b 02 9b 02 9b 02 9b 02  |................|
00000990  9b 02 0e 00 9b 02 03 07  03 03 06 ff ff ff 03 07  |................|
000009a0  03 03 06 ff ff ff 03 07  03 03 06 ff ff ff 03 07  |................|
000009b0  03 07 08 ff ff ff 03 07  03 03 07 ff ff ff 03 07  |................|
000009c0  03 03 07 ff ff ff 03 07  03 03 07 ff ff ff 03 07  |................|
000009d0  03 02 02 ff ff ff 03 07  03 03 06 ff ff ff 03 07  |................|
000009e0  03 03 06 ff ff ff 03 07  03 03 06 ff ff ff 03 07  |................|
000009f0  03 03 06 ff ff ff 03 07  03 03 06 ff ff ff 03 07  |................|
00000a00  03 03 06 ff ff ff 03 07  03 02 01 ff ff ff 03 07  |................|
00000a10  03 03 06 ff ff ff 5c 00  41 72 6d 6f 72 65 64 00  |......\.Armored.|
00000a20  00 00 00 00 00 00 00 00  00 00 00 00 00 00 03 00  |................|
00000a30  00 00 3c 00 e7 03 ff 00  00 00 00 00 00 00 0a 64  |..<............d|
00000a40  00 00 1e 00 00 00 19 00  00 00 00 00 00 00 01 3c  |...............<|
00000a50  32 3c 3c 14 00 00 3c 48  88 70 1c 0a 00 00 e8 03  |2<<...<H.p......|
00000a60  03 03 03 0a 00 00 03 00  00 00 00 0a 0a 00 00 04  |................|
00000a70  1e 08 00 01 04 03 00 00  20 00 07 00 00 00 1a 27  |........ ......'|
00000a80  00 00 4b 01 00 00 00 00  00 00 00 00 00 00 00 00  |..K.............|
00000a90  00 00 00 00 00 00 00 00  00 00 00 00 00 00 00 00  |................|
00000aa0  00 00 00 00 00 00 00 00  00 00 00 00 00 00 00 00  |................|
00000ab0  00 00 00 00 00 00 00 00  00 00 00 00 00 00 00 00  |................|
00000ac0  00 00 00 00 00 00 00 00  00 00 00 00 00 00 00 00  |................|
00000ad0  00 00 00 00 00 00 00 00  00 00 00 00 00 00 00 00  |................|
00000ae0  00 00 00 00 00 00 00 00  00 00 00 00 00 00 00 00  |................|
00000af0  00 00 00 00 00 00 00 00  00 00 00 00 00 00 00 00  |................|
00000b00  00 00 00 00 00 00 00 00  00 00 00 00 00 00 00 00  |................|
00000b10  00 00 00 00 00 00 00 00  00 00 00 00 00 00 00 00  |................|
00000b20  00 00 00 00 00 00 00 00  00 00 00 00 00 00 00 00  |................|
00000b30  00 00 00 00 00 00 00 00  00 00 00 00 00 00 00 00  |................|
00000b40  00 00 00 00 00 00 00 00  00 00 00 00 00 00 00 00  |................|
00000b50  00 00 00 00 00 00 00 00  00 00 00 00 00 00 00 00  |................|
00000b60  00 00 00 00 00 00 00 00  41 69 72 6c 69 66 74 00  |........Airlift.|
00000b70  00 00 00 00 00 00 00 00  00 00 00 00 00 00 05 00  |................|
00000b80  00 00 e7 03 e1 08 d0 84  00 00 c4 00 00 00 0a 00  |................|
00000b90  50 00 00 00 00 00 00 00  00 3c 00 00 00 00 14 00  |P........<......|
00000ba0  00 00 00 00 00 00 00 00  00 00 00 00 00 00 00 00  |................|
00000bb0  00 00 00 00 00 00 00 00  00 00 00 00 00 00 00 00  |................|
00000bc0  00 00 00 00 00 00 00 00  00 00 ff 00 00 00 71 27  |..............q'|
00000bd0  00 00 4d 01 00 00 00 00  00 00 00 00 00 00 00 00  |..M.............|
00000be0  00 00 00 00 00 00 00 00  00 00 00 00 00 00 00 00  |................|
00000bf0  00 00 00 00 00 00 00 00  00 00 00 00 00 00 00 00  |................|
00000c00  00 00 00 00 00 00 00 00  00 00 00 00 00 00 00 00  |................|
00000c10  00 00 00 00 00 00 00 00  00 00 00 00 00 00 00 00  |................|
00000c20  00 00 00 00 00 00 00 00  00 00 00 00 00 00 00 00  |................|
00000c30  00 00 00 00 00 00 00 00  00 00 00 00 00 00 00 00  |................|
00000c40  00 00 00 00 00 00 00 00  00 00 00 00 00 00 00 00  |................|
00000c50  00 00 00 00 00 00 00 00  00 00 00 00 00 00 00 00  |................|
00000c60  00 00 00 00 00 00 00 00  00 00 00 00 00 00 00 00  |................|
00000c70  00 00 00 00 00 00 00 00  00 00 00 00 00 00 00 00  |................|
00000c80  00 00 00 00 00 00 00 00  00 00 00 00 00 00 00 00  |................|
00000c90  00 00 00 00 00 00 00 00  00 00 00 00 00 00 00 00  |................|
00000ca0  00 00 00 00 00 00 00 00  00 00 00 00 00 00 00 00  |................|
00000cb0  00 00 00 00 00 00 00 00  41 69 72 6c 69 66 74 00  |........Airlift.|
00000cc0  00 00 00 00 00 00 00 00  00 00 00 00 00 00 05 00  |................|
00000cd0  00 00 e7 03 eb 0a 60 5b  03 00 37 02 00 00 0a 00  |......`[..7.....|
00000ce0  00 00 00 00 00 00 00 00  00 64 00 00 00 00 14 00  |.........d......|
00000cf0  00 00 00 00 00 00 00 00  00 00 00 00 00 00 00 00  |................|
00000d00  00 00 00 00 00 00 00 00  00 00 00 00 00 00 00 00  |................|
00000d10  00 00 00 00 00 00 00 00  00 00 ff 00 00 00 71 27  |..............q'|
00000d20  00 00 94 01 00 00 00 00  00 00 00 00 00 00 00 00  |................|
00000d30  00 00 00 00 00 00 00 00  00 00 00 00 00 00 00 00  |................|
00000d40  00 00 00 00 00 00 00 00  00 00 00 00 00 00 00 00  |................|
00000d50  00 00 00 00 00 00 00 00  00 00 00 00 00 00 00 00  |................|
00000d60  00 00 00 00 00 00 00 00  00 00 00 00 00 00 00 00  |................|
00000d70  00 00 00 00 00 00 00 00  00 00 00 00 00 00 00 00  |................|
00000d80  00 00 00 00 00 00 00 00  00 00 00 00 00 00 00 00  |................|
00000d90  00 00 00 00 00 00 00 00  00 00 00 00 00 00 00 00  |................|
00000da0  00 00 00 00 00 00 00 00  00 00 00 00 00 00 00 00  |................|
00000db0  00 00 00 00 00 00 00 00  00 00 00 00 00 00 00 00  |................|
00000dc0  00 00 00 00 00 00 00 00  00 00 00 00 00 00 00 00  |................|
00000dd0  00 00 00 00 00 00 00 00  00 00 00 00 00 00 00 00  |................|
00000de0  00 00 00 00 00 00 00 00  00 00 00 00 00 00 00 00  |................|
00000df0  00 00 00 00 00 00 00 00  00 00 00 00 00 00 00 00  |................|
00000e00  00 00 00 00 00 00 00 00  41 69 72 6c 69 66 74 00  |........Airlift.|
00000e10  00 00 00 00 00 00 00 00  00 00 00 00 00 00 05 00  |................|
00000e20  00 00 e7 03 64 00 00 00  00 00 00 00 00 00 0a 00  |....d...........|
00000e30  00 00 00 00 00 00 00 00  00 00 00 00 00 00 00 00  |................|
00000e40  00 00 00 00 00 00 00 00  00 00 00 00 00 00 00 00  |................|
00000e50  00 00 00 00 00 00 00 00  00 00 00 00 00 00 00 00  |................|
00000e60  00 00 00 00 00 00 00 00  00 00 ff 00 00 00 85 27  |...............'|
00000e70  00 00 6c 01 00 00 00 00  00 00 00 00 00 00 00 00  |..l.............|
00000e80  00 00 00 00 00 00 00 00  00 00 00 00 00 00 00 00  |................|
00000e90  00 00 00 00 00 00 00 00  00 00 00 00 00 00 00 00  |................|
00000ea0  00 00 00 00 00 00 00 00  00 00 00 00 00 00 00 00  |................|
00000eb0  00 00 00 00 00 00 00 00  00 00 00 00 00 00 00 00  |................|
00000ec0  00 00 00 00 00 00 00 00  00 00 00 00 00 00 00 00  |................|
00000ed0  00 00 00 00 00 00 00 00  00 00 00 00 00 00 00 00  |................|
00000ee0  00 00 00 00 00 00 00 00  00 00 00 00 00 00 00 00  |................|
00000ef0  00 00 00 00 00 00 00 00  00 00 00 00 00 00 00 00  |................|
00000f00  00 00 00 00 00 00 00 00  00 00 00 00 00 00 00 00  |................|
00000f10  00 00 00 00 00 00 00 00  00 00 00 00 00 00 00 00  |................|
00000f20  00 00 00 00 00 00 00 00  00 00 00 00 00 00 00 00  |................|
00000f30  00 00 00 00 00 00 00 00  00 00 00 00 00 00 00 00  |................|
00000f40  00 00 00 00 00 00 00 00  00 00 00 00 00 00 00 00  |................|
00000f50  00 00 00 00 00 00 00 00  46 69 67 68 74 65 72 00  |........Fighter.|
00000f60  00 00 00 00 00 00 00 00  00 00 00 00 00 00 05 00  |................|
00000f70  00 00 e7 03 64 00 00 00  00 00 00 00 00 00 00 00  |....d...........|
00000f80  00 00 00 00 00 00 00 00  00 00 00 00 00 00 00 00  |................|
00000f90  00 00 00 00 00 00 00 00  00 00 00 00 00 00 00 00  |................|
00000fa0  00 00 00 00 00 00 00 00  00 00 00 00 00 00 00 00  |................|
00000fb0  00 00 00 00 00 00 00 00  00 00 ff 00 00 00 67 27  |..............g'|
00000fc0  00 00 49 01 00 00 02 00  00 00 02 00 00 00 00 00  |..I.............|
00000fd0  00 00 00 00 00 00 00 00  00 00 00 00 00 00 00 00  |................|
00000fe0  00 00 00 00 00 00 00 00  00 00 00 00 00 00 00 00  |................|
00000ff0  00 00 00 00 00 00 00 00  00 00 00 00 00 00 00 00  |................|
00001000  00 00 00 00 00 00 d2 00  d2 00 d2 00 d2 00 d2 00  |................|
00001010  d2 00 d2 00 d2 00 d2 00  d2 00 d2 00 d2 00 d2 00  |................|
00001020  d2 00 d2 00 d2 00 02 07  01 0b 07 ff ff ff 02 07  |................|
00001030  01 0b 07 ff ff ff 02 07  01 0b 07 ff ff ff 02 07  |................|
00001040  01 0b 07 ff ff ff 02 07  01 0b 07 ff ff ff 02 07  |................|
00001050  01 0b 07 ff ff ff 02 07  01 0b 07 ff ff ff 02 07  |................|
00001060  01 0b 07 ff ff ff 02 07  01 0b 07 ff ff ff 02 07  |................|
00001070  01 0b 07 ff ff ff 02 07  01 0b 07 ff ff ff 02 07  |................|
00001080  01 0b 07 ff ff ff 02 07  01 0b 07 ff ff ff 02 07  |................|
00001090  01 0b 07 ff ff ff 02 07  01 0b 07 ff ff ff 02 07  |................|
000010a0  01 0b 07 ff ff ff 00 00  41 69 72 6c 69 66 74 00  |........Airlift.|
000010b0  00 00 00 00 00 00 00 00  00 00 00 00 00 00 05 00  |................|
000010c0  00 00 5a 02 fc 08 b8 b0  00 00 64 00 00 00 0a 00  |..Z.......d.....|
000010d0  3c 00 00 00 00 00 00 00  00 3c 00 00 00 00 14 00  |<........<......|
000010e0  00 00 00 00 00 00 00 00  00 00 00 00 00 00 00 00  |................|
000010f0  00 00 00 00 00 00 00 00  00 00 00 00 00 00 00 00  |................|
00001100  40 40 00 40 40 40 00 00  40 00 ff 00 00 00 56 27  |@@.@@@..@.....V'|
00001110  00 00 4a 01 00 00 00 00  00 00 00 00 00 00 00 00  |..J.............|
00001120  00 00 00 00 00 00 00 00  00 00 00 00 00 00 00 00  |................|
00001130  00 00 00 00 00 00 00 00  00 00 00 00 00 00 00 00  |................|
00001140  00 00 00 00 00 00 00 00  00 00 00 00 00 00 00 00  |................|
00001150  00 00 00 00 00 00 00 00  00 00 00 00 00 00 00 00  |................|
00001160  00 00 00 00 00 00 00 00  00 00 00 00 00 00 00 00  |................|
00001170  00 00 00 00 00 00 00 00  00 00 00 00 00 00 00 00  |................|
00001180  00 00 00 00 00 00 00 00  00 00 00 00 00 00 00 00  |................|
00001190  00 00 00 00 00 00 00 00  00 00 00 00 00 00 00 00  |................|
000011a0  00 00 00 00 00 00 00 00  00 00 00 00 00 00 00 00  |................|
000011b0  00 00 00 00 00 00 00 00  00 00 00 00 00 00 00 00  |................|
000011c0  00 00 00 00 00 00 00 00  00 00 00 00 00 00 00 00  |................|
000011d0  00 00 00 00 00 00 00 00  00 00 00 00 00 00 00 00  |................|
000011e0  00 00 00 00 00 00 00 00  00 00 00 00 00 00 00 00  |................|
000011f0  00 00 00 00 00 00 00 00  41 69 72 6c 69 66 74 00  |........Airlift.|
00001200  00 00 00 00 00 00 00 00  00 00 00 00 00 00 05 00  |................|
00001210  00 00 e7 03 64 00 63 00  00 00 09 00 00 00 0a 00  |....d.c.........|
00001220  00 00 00 00 00 00 00 00  00 64 00 00 00 00 14 00  |.........d......|
00001230  00 00 00 00 00 00 00 00  00 00 00 00 00 00 00 00  |................|
00001240  00 00 00 00 00 00 00 00  00 00 00 00 00 00 00 00  |................|
00001250  00 00 00 00 00 00 00 00  00 00 ff 00 00 00 56 27  |..............V'|
00001260  00 00 48 01 00 00 00 00  00 00 00 00 00 00 00 00  |..H.............|
00001270  00 00 00 00 00 00 00 00  00 00 00 00 00 00 00 00  |................|
00001280  00 00 00 00 00 00 00 00  00 00 00 00 00 00 00 00  |................|
00001290  00 00 00 00 00 00 00 00  00 00 00 00 00 00 00 00  |................|
000012a0  00 00 00 00 00 00 00 00  00 00 00 00 00 00 00 00  |................|
000012b0  00 00 00 00 00 00 00 00  00 00 00 00 00 00 00 00  |................|
000012c0  00 00 00 00 00 00 00 00  00 00 00 00 00 00 00 00  |................|
000012d0  00 00 00 00 00 00 00 00  00 00 00 00 00 00 00 00  |................|
000012e0  00 00 00 00 00 00 00 00  00 00 00 00 00 00 00 00  |................|
000012f0  00 00 00 00 00 00 00 00  00 00 00 00 00 00 00 00  |................|
00001300  00 00 00 00 00 00 00 00  00 00 00 00 00 00 00 00  |................|
00001310  00 00 00 00 00 00 00 00  00 00 00 00 00 00 00 00  |................|
00001320  00 00 00 00 00 00 00 00  00 00 00 00 00 00 00 00  |................|
00001330  00 00 00 00 00 00 00 00  00 00 00 00 00 00 00 00  |................|
00001340  00 00 00 00 00 00 00 00  41 69 72 6c 69 66 74 00  |........Airlift.|
00001350  00 00 00 00 00 00 00 00  00 00 00 00 00 00 05 00  |................|
00001360  00 00 e7 03 64 00 63 00  00 00 09 00 00 00 0a 00  |....d.c.........|
00001370  00 00 00 00 00 00 00 00  00 64 00 00 00 00 14 00  |.........d......|
00001380  00 00 00 00 00 00 00 00  00 00 00 00 00 00 00 00  |................|
00001390  00 00 00 00 00 00 00 00  00 00 00 00 00 00 00 00  |................|
000013a0  00 00 00 00 00 00 00 00  00 00 ff 00 00 00 62 27  |..............b'|
000013b0  00 00 47 01 00 00 00 00  00 00 00 00 00 00 00 00  |..G.............|
000013c0  00 00 00 00 00 00 00 00  00 00 00 00 00 00 00 00  |................|
000013d0  00 00 00 00 00 00 00 00  00 00 00 00 00 00 00 00  |................|
000013e0  00 00 00 00 00 00 00 00  00 00 00 00 00 00 00 00  |................|
000013f0  00 00 00 00 00 00 00 00  00 00 00 00 00 00 00 00  |................|
00001400  00 00 00 00 00 00 00 00  00 00 00 00 00 00 00 00  |................|
00001410  00 00 00 00 00 00 00 00  00 00 00 00 00 00 00 00  |................|
00001420  00 00 00 00 00 00 00 00  00 00 00 00 00 00 00 00  |................|
00001430  00 00 00 00 00 00 00 00  00 00 00 00 00 00 00 00  |................|
00001440  00 00 00 00 00 00 00 00  00 00 00 00 00 00 00 00  |................|
00001450  00 00 00 00 00 00 00 00  00 00 00 00 00 00 00 00  |................|
00001460  00 00 00 00 00 00 00 00  00 00 00 00 00 00 00 00  |................|
00001470  00 00 00 00 00 00 00 00  00 00 00 00 00 00 00 00  |................|
00001480  00 00 00 00 00 00 00 00  00 00 00 00 00 00 00 00  |................|
00001490  00 00 00 00 00 00 00 00  41 69 72 6c 69 66 74 00  |........Airlift.|
000014a0  00 00 00 00 00 00 00 00  00 00 00 00 00 00 05 00  |................|
000014b0  00 00 e7 03 96 15 10 15  03 00 29 02 00 00 0a 00  |..........).....|
000014c0  00 00 00 00 00 00 00 00  00 64 00 00 00 00 14 00  |.........d......|
000014d0  00 00 00 00 00 00 00 00  00 00 00 00 00 00 00 00  |................|
000014e0  00 00 00 00 00 00 00 00  00 00 00 00 00 00 00 00  |................|
000014f0  00 00 00 00 00 00 00 00  00 00 ff 00 00 00 62 27  |..............b'|
00001500  00 00 0c 00 00 00 03 00  00 00 03 00 00 00 03 00  |................|
00001510  00 00 03 00 00 00 03 00  00 00 03 00 00 00 03 00  |................|
00001520  00 00 03 00 00 00 03 00  00 00 03 00 00 00 03 00  |................|
00001530  00 00 03 00 00 00 03 00  00 00 03 00 00 00 03 00  |................|
00001540  00 00 03 00 00 00 c9 02  c9 02 c9 02 c9 02 e5 02  |................|
00001550  c9 02 19 03 19 03 19 03  19 03 c9 02 c9 02 c9 02  |................|
00001560  c9 02 19 03 19 03 03 07  03 04 05 ff ff ff 03 07  |................|
00001570  03 04 05 ff ff ff 03 07  03 04 05 ff ff ff 03 07  |................|
00001580  03 04 05 ff ff ff 03 07  03 07 04 ff ff ff 03 07  |................|
00001590  03 04 05 ff ff ff 03 07  04 03 01 ff ff ff 03 07  |................|
000015a0  04 03 01 ff ff ff 03 07  04 03 01 ff ff ff 03 07  |................|
000015b0  04 03 01 ff ff ff 03 07  03 04 05 ff ff ff 03 07  |................|
000015c0  03 04 05 ff ff ff 03 07  03 04 05 ff ff ff 03 07  |................|
000015d0  03 04 05 ff ff ff 03 07  04 03 01 ff ff ff 03 07  |................|
000015e0  04 03 01 ff ff ff 08 00  53 50 20 41 72 74 69 6c  |........SP Artil|
000015f0  6c 65 72 79 00 00 00 00  00 00 00 00 00 00 03 00  |lery............|
00001600  00 00 3c 00 64 00 00 00  00 00 00 00 00 00 0a 00  |..<.d...........|
00001610  00 00 00 00 50 00 00 00  00 00 00 00 00 00 06 23  |....P..........#|
00001620  23 0a 0a 05 00 0a 14 3f  9f 20 20 1e 00 8c fe 0c  |#......?.  .....|
00001630  0c 0c 0c 04 00 05 0c 00  00 00 00 00 00 00 00 00  |................|
00001640  20 1b 00 08 11 11 00 16  20 00 ff 00 00 00 1b 27  | ....... ......'|
00001650  00 00 32 00 00 00 01 00  00 00 01 00 00 00 03 00  |..2.............|
00001660  00 00 03 00 00 00 01 00  00 00 01 00 00 00 03 00  |................|
00001670  00 00 03 00 00 00 01 00  00 00 01 00 00 00 03 00  |................|
00001680  00 00 03 00 00 00 00 00  00 00 00 00 00 00 00 00  |................|
00001690  00 00 00 00 00 00 17 00  17 00 c3 02 c3 02 17 00  |................|
000016a0  17 00 c3 02 c3 02 17 00  17 00 c3 02 c3 02 00 00  |................|
000016b0  00 00 00 00 00 00 03 07  04 08 01 ff ff ff 03 07  |................|
000016c0  04 08 01 ff ff ff 03 07  04 08 06 ff ff ff 03 07  |................|
000016d0  04 08 06 ff ff ff 03 07  04 08 01 ff ff ff 03 07  |................|
000016e0  04 08 01 ff ff ff 03 07  04 08 06 ff ff ff 03 07  |................|
000016f0  04 08 06 ff ff ff 03 07  04 08 01 ff ff ff 03 07  |................|
00001700  04 08 01 ff ff ff 03 07  04 08 06 ff ff ff 03 07  |................|
00001710  04 08 06 ff ff ff 00 00  00 00 00 00 00 00 00 00  |................|
00001720  00 00 00 00 00 00 00 00  00 00 00 00 00 00 00 00  |................|
00001730  00 00 00 00 00 00 0c 00  46 52 4f 47 00 00 00 00  |........FROG....|
00001740  00 00 00 00 00 00 00 00  00 00 00 00 00 00 02 00  |................|
00001750  00 00 3c 00 64 00 00 00  00 00 00 00 00 00 0a 00  |..<.d...........|
00001760  00 00 00 00 32 00 00 00  00 00 00 00 00 00 06 14  |....2...........|
00001770  05 00 00 00 00 00 32 b2  96 00 00 00 00 00 00 41  |......2........A|
00001780  41 00 00 00 00 00 00 00  00 00 00 00 00 00 00 18  |A...............|
00001790  2a 30 00 24 1e 2a 00 18  30 00 ff 00 00 00 89 27  |*0.$.*..0......'|
000017a0  00 00 4f 01 00 00 00 00  00 00 00 00 00 00 00 00  |..O.............|
000017b0  00 00 00 00 00 00 00 00  00 00 00 00 00 00 00 00  |................|
000017c0  00 00 00 00 00 00 00 00  00 00 00 00 00 00 00 00  |................|
000017d0  00 00 00 00 00 00 00 00  00 00 00 00 00 00 00 00  |................|
000017e0  00 00 00 00 00 00 00 00  00 00 00 00 00 00 00 00  |................|
000017f0  00 00 00 00 00 00 00 00  00 00 00 00 00 00 00 00  |................|
00001800  00 00 00 00 00 00 00 00  00 00 00 00 00 00 00 00  |................|
00001810  00 00 00 00 00 00 00 00  00 00 00 00 00 00 00 00  |................|
00001820  00 00 00 00 00 00 00 00  00 00 00 00 00 00 00 00  |................|
00001830  00 00 00 00 00 00 00 00  00 00 00 00 00 00 00 00  |................|
00001840  00 00 00 00 00 00 00 00  00 00 00 00 00 00 00 00  |................|
00001850  00 00 00 00 00 00 00 00  00 00 00 00 00 00 00 00  |................|
00001860  00 00 00 00 00 00 00 00  00 00 00 00 00 00 00 00  |................|
00001870  00 00 00 00 00 00 00 00  00 00 00 00 00 00 00 00  |................|
00001880  00 00 00 00 00 00 00 00  41 53 57 00 00 00 00 00  |........ASW.....|
00001890  00 00 00 00 00 00 00 00  00 00 00 00 00 00 05 00  |................|
000018a0  00 00 e7 03 eb 0f e0 ab  00 00 3f 00 00 00 0a 00  |..........?.....|
000018b0  00 00 00 00 00 00 64 32  0a 00 00 00 00 00 11 00  |......d2........|
000018c0  00 00 00 00 00 00 00 00  00 00 00 00 00 00 00 00  |................|
000018d0  00 00 00 00 00 00 00 00  00 00 00 00 00 00 00 00  |................|
000018e0  00 00 00 00 00 00 00 00  00 00 ff 00 00 00 62 27  |..............b'|
000018f0  00 00 50 01 00 00 00 00  00 00 00 00 00 00 00 00  |..P.............|
00001900  00 00 00 00 00 00 00 00  00 00 00 00 00 00 00 00  |................|
00001910  00 00 00 00 00 00 00 00  00 00 00 00 00 00 00 00  |................|
00001920  00 00 00 00 00 00 00 00  00 00 00 00 00 00 00 00  |................|
00001930  00 00 00 00 00 00 00 00  00 00 00 00 00 00 00 00  |................|
00001940  00 00 00 00 00 00 00 00  00 00 00 00 00 00 00 00  |................|
00001950  00 00 00 00 00 00 00 00  00 00 00 00 00 00 00 00  |................|
00001960  00 00 00 00 00 00 00 00  00 00 00 00 00 00 00 00  |................|
00001970  00 00 00 00 00 00 00 00  00 00 00 00 00 00 00 00  |................|
00001980  00 00 00 00 00 00 00 00  00 00 00 00 00 00 00 00  |................|
00001990  00 00 00 00 00 00 00 00  00 00 00 00 00 00 00 00  |................|
000019a0  00 00 00 00 00 00 00 00  00 00 00 00 00 00 00 00  |................|
000019b0  00 00 00 00 00 00 00 00  00 00 00 00 00 00 00 00  |................|
000019c0  00 00 00 00 00 00 00 00  00 00 00 00 00 00 00 00  |................|
000019d0  00 00 00 00 00 00 00 00  41 53 57 00 00 00 00 00  |........ASW.....|
000019e0  00 00 00 00 00 00 00 00  00 00 00 00 00 00 05 00  |................|
000019f0  00 00 e7 03 64 00 63 00  00 00 09 00 00 00 0a 00  |....d.c.........|
00001a00  00 00 00 00 00 00 64 00  00 00 00 00 00 00 11 00  |......d.........|
00001a10  00 00 00 00 00 00 00 00  00 00 00 00 00 00 00 00  |................|
00001a20  00 00 00 00 00 00 00 00  00 00 00 00 00 00 00 00  |................|
00001a30  00 00 00 00 00 00 00 00  00 00 ff 00 00 00 63 27  |..............c'|
00001a40  00 00 b1 00 00 00 02 00  00 00 01 00 00 00 03 00  |................|
00001a50  00 00 03 00 00 00 02 00  00 00 01 00 00 00 03 00  |................|
00001a60  00 00 03 00 00 00 02 00  00 00 01 00 00 00 03 00  |................|
00001a70  00 00 03 00 00 00 00 00  00 00 00 00 00 00 00 00  |................|
00001a80  00 00 00 00 00 00 22 00  e5 02 c3 02 c3 02 22 00  |......".......".|
00001a90  e5 02 c3 02 c3 02 22 00  e5 02 c3 02 c3 02 00 00  |......".........|
00001aa0  00 00 00 00 00 00 03 07  04 08 0b ff ff ff 03 07  |................|
00001ab0  03 07 04 ff ff ff 03 07  04 08 06 ff ff ff 03 07  |................|
00001ac0  04 08 06 ff ff ff 03 07  04 08 0b ff ff ff 03 07  |................|
00001ad0  03 07 04 ff ff ff 03 07  04 08 06 ff ff ff 03 07  |................|
00001ae0  04 08 06 ff ff ff 03 07  04 08 0b ff ff ff 03 07  |................|
00001af0  03 07 04 ff ff ff 03 07  04 08 06 ff ff ff 03 07  |................|
00001b00  04 08 06 ff ff ff 00 00  00 00 00 00 00 00 00 00  |................|
00001b10  00 00 00 00 00 00 00 00  00 00 00 00 00 00 00 00  |................|
00001b20  00 00 00 00 00 00 0c 00  53 43 55 44 2d 43 00 00  |........SCUD-C..|
00001b30  00 00 00 00 00 00 00 00  00 00 00 00 00 00 02 00  |................|
00001b40  00 00 3c 00 64 00 00 00  00 00 00 00 00 00 0a 00  |..<.d...........|
00001b50  00 00 00 00 32 00 00 00  00 00 00 00 00 00 06 1e  |....2...........|
00001b60  1e 0a 0a 05 00 00 37 6b  c3 c6 12 09 00 00 96 64  |......7k.......d|
00001b70  64 64 03 04 00 00 64 00  00 00 00 00 00 00 00 00  |dd....d.........|
00001b80  2a 28 00 1a 25 25 00 1a  2a 00 ff 00 00 00 89 27  |*(..%%..*......'|
00001b90  00 00 2a 01 00 00 01 00  00 00 01 00 00 00 01 00  |..*.............|
00001ba0  00 00 01 00 00 00 01 00  00 00 01 00 00 00 01 00  |................|
00001bb0  00 00 01 00 00 00 00 00  00 00 00 00 00 00 00 00  |................|
00001bc0  00 00 00 00 00 00 00 00  00 00 00 00 00 00 00 00  |................|
00001bd0  00 00 00 00 00 00 b3 00  b3 00 b3 00 b3 00 b3 00  |................|
00001be0  b3 00 b3 00 b3 00 b3 00  b3 00 b3 00 b3 00 b3 00  |................|
00001bf0  b3 00 b3 00 b3 00 02 07  01 02 01 ff ff ff 02 07  |................|
00001c00  01 02 01 ff ff ff 02 07  01 02 01 ff ff ff 02 07  |................|
00001c10  01 02 01 ff ff ff 02 07  01 02 01 ff ff ff 02 07  |................|
00001c20  01 02 01 ff ff ff 02 07  01 02 01 ff ff ff 02 07  |................|
00001c30  01 02 01 ff ff ff 02 07  01 02 01 ff ff ff 02 07  |................|
00001c40  01 02 01 ff ff ff 02 07  01 02 01 ff ff ff 02 07  |................|
00001c50  01 02 01 ff ff ff 02 07  01 02 01 ff ff ff 02 07  |................|
00001c60  01 02 01 ff ff ff 02 07  01 02 01 ff ff ff 02 07  |................|
00001c70  01 02 01 ff ff ff 11 00  41 74 74 61 63 6b 00 00  |........Attack..|
00001c80  00 00 00 00 00 00 00 00  00 00 00 00 00 00 04 00  |................|
00001c90  00 00 a8 02 e8 03 48 0d  00 00 1f 00 00 00 0a 00  |......H.........|
00001ca0  00 32 64 00 00 00 00 05  0a 00 00 00 00 3c 0d 50  |.2d..........<.P|
00001cb0  4b 37 37 0f 0f 1e 32 90  08 00 00 68 f8 00 00 0a  |K77...2....h....|
00001cc0  03 0a 0a 01 03 0a 0a 08  08 08 08 00 00 00 00 b1  |................|
00001cd0  6a 58 00 b1 6a 47 00 00  b1 00 ff 00 00 00 52 27  |jX..jG........R'|
00001ce0  00 00 32 01 00 00 00 00  00 00 00 00 00 00 00 00  |..2.............|
00001cf0  00 00 00 00 00 00 00 00  00 00 00 00 00 00 00 00  |................|
00001d00  00 00 00 00 00 00 00 00  00 00 00 00 00 00 00 00  |................|
00001d10  00 00 00 00 00 00 00 00  00 00 00 00 00 00 00 00  |................|
00001d20  00 00 00 00 00 00 00 00  00 00 00 00 00 00 00 00  |................|
00001d30  00 00 00 00 00 00 00 00  00 00 00 00 00 00 00 00  |................|
00001d40  00 00 00 00 00 00 00 00  00 00 00 00 00 00 00 00  |................|
00001d50  00 00 00 00 00 00 00 00  00 00 00 00 00 00 00 00  |................|
00001d60  00 00 00 00 00 00 00 00  00 00 00 00 00 00 00 00  |................|
00001d70  00 00 00 00 00 00 00 00  00 00 00 00 00 00 00 00  |................|
00001d80  00 00 00 00 00 00 00 00  00 00 00 00 00 00 00 00  |................|
00001d90  00 00 00 00 00 00 00 00  00 00 00 00 00 00 00 00  |................|
00001da0  00 00 00 00 00 00 00 00  00 00 00 00 00 00 00 00  |................|
00001db0  00 00 00 00 00 00 00 00  00 00 00 00 00 00 00 00  |................|
00001dc0  00 00 00 00 00 00 00 00  41 74 74 61 63 6b 00 00  |........Attack..|
00001dd0  00 00 00 00 00 00 00 00  00 00 00 00 00 00 05 00  |................|
00001de0  00 00 e7 03 e4 02 dc 05  00 00 0e 00 00 00 0a 00  |................|
00001df0  00 00 1e 00 00 00 00 00  4b 00 00 00 00 00 0d 00  |........K.......|
00001e00  00 00 00 00 00 00 00 00  00 00 00 00 00 00 00 00  |................|
00001e10  00 00 00 00 00 00 00 00  00 00 00 00 00 00 00 00  |................|
00001e20  00 00 00 00 00 00 00 00  00 00 ff 00 00 00 52 27  |..............R'|
00001e30  00 00 29 01 00 00 00 00  00 00 00 00 00 00 00 00  |..).............|
00001e40  00 00 00 00 00 00 00 00  00 00 00 00 00 00 00 00  |................|
00001e50  00 00 00 00 00 00 00 00  00 00 00 00 00 00 00 00  |................|
00001e60  00 00 00 00 00 00 00 00  00 00 00 00 00 00 00 00  |................|
00001e70  00 00 00 00 00 00 00 00  00 00 00 00 00 00 00 00  |................|
00001e80  00 00 00 00 00 00 00 00  00 00 00 00 00 00 00 00  |................|
00001e90  00 00 00 00 00 00 00 00  00 00 00 00 00 00 00 00  |................|
00001ea0  00 00 00 00 00 00 00 00  00 00 00 00 00 00 00 00  |................|
00001eb0  00 00 00 00 00 00 00 00  00 00 00 00 00 00 00 00  |................|
00001ec0  00 00 00 00 00 00 00 00  00 00 00 00 00 00 00 00  |................|
00001ed0  00 00 00 00 00 00 00 00  00 00 00 00 00 00 00 00  |................|
00001ee0  00 00 00 00 00 00 00 00  00 00 00 00 00 00 00 00  |................|
00001ef0  00 00 00 00 00 00 00 00  00 00 00 00 00 00 00 00  |................|
00001f00  00 00 00 00 00 00 00 00  00 00 00 00 00 00 00 00  |................|
00001f10  00 00 00 00 00 00 00 00  41 74 74 61 63 6b 00 00  |........Attack..|
00001f20  00 00 00 00 00 00 00 00  00 00 00 00 00 00 05 00  |................|
00001f30  00 00 e7 03 5b 06 43 3e  00 00 4e 00 00 00 0a 00  |....[.C>..N.....|
00001f40  00 46 28 00 00 00 00 46  00 00 00 00 00 00 0c 00  |.F(....F........|
00001f50  00 00 00 00 00 00 00 00  00 00 00 00 00 00 00 00  |................|
00001f60  00 00 00 00 00 00 00 00  00 00 00 00 00 00 00 00  |................|
00001f70  00 00 00 00 00 00 00 00  00 00 ff 00 00 00 5d 27  |..............]'|
00001f80  00 00 33 01 00 00 01 00  00 00 00 00 00 00 00 00  |..3.............|
00001f90  00 00 00 00 00 00 00 00  00 00 00 00 00 00 00 00  |................|
00001fa0  00 00 00 00 00 00 00 00  00 00 00 00 00 00 00 00  |................|
00001fb0  00 00 00 00 00 00 00 00  00 00 00 00 00 00 00 00  |................|
00001fc0  00 00 00 00 00 00 ba 00  ba 00 ba 00 ba 00 ba 00  |................|
00001fd0  ba 00 ba 00 ba 00 ba 00  ba 00 ba 00 ba 00 ba 00  |................|
00001fe0  ba 00 ba 00 ba 00 02 07  01 02 04 ff ff ff 02 07  |................|
00001ff0  01 02 04 ff ff ff 02 07  01 02 04 ff ff ff 02 07  |................|

=== FILE 6/17: terrdata/objects/Falcon4.VCD ===
path: D:\SteamLibrary\steamapps\common\Falcon 4.0\terrdata\objects\FALCON4.VCD
size: 45602 bytes  (dumping first 8192 bytes)
--- hex dump ---
00000000  1d 01 00 00 00 00 00 00  00 00 00 00 00 00 00 00  |................|
00000010  00 00 00 00 00 00 00 00  00 00 00 00 00 00 00 00  |................|
00000020  00 00 00 00 00 00 00 00  00 00 00 00 00 00 00 00  |................|
00000030  00 00 00 00 00 00 00 00  00 00 00 00 00 00 00 00  |................|
00000040  00 00 00 00 00 00 00 00  00 00 00 00 00 00 00 00  |................|
00000050  00 00 00 00 00 00 00 00  00 00 00 00 00 00 00 00  |................|
00000060  00 00 00 00 00 00 00 00  00 00 00 00 00 00 00 00  |................|
00000070  00 00 00 00 00 00 00 00  00 00 00 00 00 00 00 00  |................|
00000080  00 00 00 00 00 00 00 00  00 00 00 00 00 00 00 00  |................|
00000090  00 00 00 00 00 00 00 00  00 00 00 00 00 00 00 00  |................|
000000a0  00 00 d5 00 96 00 51 04  00 00 41 6e 2d 37 30 00  |......Q...An-70.|
000000b0  00 00 00 00 00 00 00 00  00 00 00 00 00 00 54 67  |..............Tg|
000000c0  5d 40 00 00 00 00 00 00  00 00 00 00 00 00 00 00  |]@..............|
000000d0  10 00 2c 01 2c 01 c8 00  00 00 00 00 03 00 00 00  |..,.,...........|
000000e0  00 00 66 3a 00 00 00 00  00 00 00 00 00 00 00 00  |..f:............|
000000f0  00 00 00 00 00 00 00 00  00 00 00 00 00 00 00 00  |................|
00000100  00 00 00 00 00 00 00 00  00 00 00 00 00 00 00 00  |................|
00000110  00 00 00 00 00 00 00 00  00 00 00 00 00 00 00 00  |................|
00000120  00 00 00 00 00 00 00 00  00 00 00 00 00 00 00 00  |................|
00000130  00 00 00 00 64 64 64 00  64 64 64 00 00 64 64 00  |....ddd.ddd..dd.|
00000140  00 00 dd 00 96 00 51 04  01 00 45 2d 33 00 00 00  |......Q...E-3...|
00000150  00 00 00 00 00 00 00 00  00 00 00 00 00 00 54 67  |..............Tg|
00000160  5d 40 88 f5 04 00 25 99  02 00 3a 5f 02 00 eb 00  |]@....%...:_....|
00000170  22 00 2c 01 2c 01 fa 00  55 03 12 00 06 00 00 00  |".,.,...U.......|
00000180  00 00 2c 02 00 00 00 00  00 00 00 00 00 00 00 00  |..,.............|
00000190  00 00 00 00 00 00 00 00  00 00 00 00 00 00 00 00  |................|
000001a0  ff ff 64 00 00 00 00 00  00 00 00 00 00 00 00 00  |..d.............|
000001b0  00 00 00 00 00 00 00 00  00 00 00 00 00 00 00 00  |................|
000001c0  00 00 00 00 00 00 00 00  00 00 00 00 00 00 00 00  |................|
000001d0  00 00 00 00 64 64 64 00  64 64 64 00 00 64 64 00  |....ddd.ddd..dd.|
000001e0  00 00 02 00 2c 01 5c 1c  00 00 4d 2d 31 41 31 00  |....,.\...M-1A1.|
000001f0  00 00 00 00 00 00 00 00  00 00 00 00 00 00 00 00  |................|
00000200  80 3f 00 00 00 00 00 00  00 00 00 00 00 00 00 00  |.?..............|
00000210  11 00 20 03 00 00 c8 00  3c 00 00 00 03 00 00 00  |.. .....<.......|
00000220  00 00 66 3a 00 00 00 00  00 00 00 00 38 72 38 38  |..f:........8r88|
00000230  01 00 00 38 03 03 03 03  01 00 00 03 00 00 00 00  |...8............|
00000240  00 00 00 00 39 00 1c 00  5f 00 56 00 00 00 00 00  |....9..._.V.....|
00000250  00 00 00 00 00 00 00 00  00 00 00 00 00 00 00 00  |................|
00000260  00 00 00 00 4b 4b 32 0a  00 00 00 00 00 00 00 00  |....KK2.........|
00000270  00 00 00 00 64 64 0f 00  00 00 00 00 00 64 64 00  |....dd.......dd.|
00000280  00 00 b3 00 c8 00 11 04  00 00 41 2d 31 30 00 00  |..........A-10..|
00000290  00 00 00 00 00 00 00 00  00 00 00 00 00 00 f1 34  |...............4|
000002a0  a9 3f 50 c3 00 00 7f 61  00 00 48 0d 00 00 1f 00  |.?P....a..H.....|
000002b0  22 00 c8 00 0a 00 c8 00  a8 02 00 00 01 00 be 0f  |"...............|
000002c0  be 0f 22 0a 14 0f 14 14  00 00 00 14 72 a1 c0 c0  |..".........r...|
000002d0  2d 3f c0 c0 0a 03 0a 0a  01 03 0a 0a 08 08 08 08  |-?..............|
000002e0  00 00 00 00 3e 00 0d 00  0d 00 0e 00 0f 00 10 00  |....>...........|
000002f0  00 00 10 00 0f 00 0e 00  0d 00 0d 00 00 00 00 00  |................|
00000300  00 00 00 00 75 ff ff ff  ff ff 01 ff ff ff ff ff  |....u...........|
00000310  00 00 00 00 64 3c 32 00  64 3c 28 00 00 64 64 00  |....d<2.d<(..dd.|
00000320  00 00 bd 00 96 00 51 04  01 00 42 2d 35 32 47 00  |......Q...B-52G.|
00000330  00 00 00 00 00 00 00 00  00 00 00 00 00 00 dd 8d  |................|
00000340  8c 40 40 72 07 00 80 70  00 00 f0 49 02 00 db 01  |.@@r...p...I....|
00000350  22 00 2c 01 0a 00 2c 01  b6 03 0d 00 04 00 0a 00  |".,...,.........|
00000360  0a 00 4d 01 0f 00 00 00  00 00 00 0a 72 a1 a1 a1  |..M.........r...|
00000370  1f 2a a1 a1 02 02 02 02  01 03 02 02 00 00 00 00  |.*..............|
00000380  32 32 00 00 b8 00 1c 00  1b 00 1c 00 00 00 00 00  |22..............|
00000390  00 00 00 00 00 00 00 00  00 00 00 00 00 00 00 00  |................|
000003a0  00 00 00 00 32 ff ff ff  00 00 00 00 00 00 00 00  |....2...........|
000003b0  00 00 00 00 64 64 64 00  64 64 64 00 00 64 64 00  |....ddd.ddd..dd.|
000003c0  00 00 38 07 7d 00 53 04  00 00 4d 69 47 2d 32 39  |..8.}.S...MiG-29|
000003d0  00 00 00 00 00 00 00 00  00 00 00 00 00 00 00 00  |................|
000003e0  80 3f 51 9f 00 00 de 5d  00 00 9c 27 00 00 6b 00  |.?Q....]...'..k.|
000003f0  22 00 2c 01 64 00 c8 00  b6 03 30 00 01 00 7e 00  |".,.d.....0...~.|
00000400  7e 00 66 3a 00 00 00 00  14 19 00 00 5f 60 3f 3f  |~.f:........_`??|
00000410  42 50 30 30 03 03 03 01  0a 1e 01 03 00 00 00 00  |BP00............|
00000420  3c 3c 00 00 3d 00 61 00  61 00 3c 00 3c 00 61 00  |<<..=.a.a.<.<.a.|
00000430  61 00 00 00 00 00 00 00  00 00 00 00 00 00 00 00  |a...............|
00000440  00 00 00 00 0f ff ff ff  ff ff ff 00 00 00 00 00  |................|
00000450  00 00 00 00 64 64 64 00  64 64 64 00 00 64 64 00  |....ddd.ddd..dd.|
00000460  00 00 d2 00 fa 00 00 00  00 00 43 2d 31 33 30 00  |..........C-130.|
00000470  00 00 00 00 00 00 00 00  00 00 00 00 00 00 54 67  |..............Tg|
00000480  5d 40 00 00 00 00 00 00  00 00 00 00 00 00 00 00  |]@..............|
00000490  b3 00 2c 01 2c 01 c8 00  5a 02 00 00 01 00 00 00  |..,.,...Z.......|
000004a0  00 00 00 00 00 00 00 00  00 00 00 00 00 00 00 00  |................|
000004b0  00 00 00 00 00 00 00 00  00 00 00 00 00 00 00 00  |................|
000004c0  00 00 00 00 00 00 00 00  00 00 00 00 00 00 00 00  |................|
000004d0  00 00 00 00 00 00 00 00  00 00 00 00 00 00 00 00  |................|
000004e0  00 00 00 00 00 00 00 00  00 00 00 00 00 00 00 00  |................|
000004f0  00 00 00 00 00 64 64 00  64 64 64 00 00 64 64 00  |.....dd.ddd..dd.|
00000500  00 00 03 00 c8 00 0c 04  00 00 4d 2d 36 30 00 00  |..........M-60..|
00000510  00 00 00 00 00 00 00 00  00 00 00 00 00 00 00 00  |................|
00000520  80 3f 00 00 00 00 00 00  00 00 00 00 00 00 00 00  |.?..............|
00000530  11 00 20 03 00 00 c8 00  3c 00 00 00 03 00 00 00  |.. .....<.......|
00000540  00 00 66 3a 00 00 00 00  00 00 00 00 ea 66 c3 c3  |..f:.........f..|
00000550  01 00 00 c3 02 02 02 02  01 00 00 02 00 00 00 00  |................|
00000560  00 00 00 00 62 00 6b 00  5f 00 56 00 00 00 00 00  |....b.k._.V.....|
00000570  00 00 00 00 00 00 00 00  00 00 00 00 00 00 00 00  |................|
00000580  00 00 00 00 1e 1e 32 0a  00 00 00 00 00 00 00 00  |......2.........|
00000590  00 00 00 00 64 64 1e 00  05 00 00 00 1e 64 64 00  |....dd.......dd.|
000005a0  00 00 04 00 c8 00 08 04  00 00 4d 2d 34 38 20 41  |..........M-48 A|
000005b0  35 00 00 00 00 00 00 00  00 00 00 00 00 00 00 00  |5...............|
000005c0  80 3f 00 00 00 00 00 00  00 00 00 00 00 00 00 00  |.?..............|
000005d0  11 00 20 03 00 00 c8 00  3c 00 00 00 03 00 00 00  |.. .....<.......|
000005e0  00 00 66 3a 00 00 00 00  00 00 00 00 ea 66 c3 c3  |..f:.........f..|
000005f0  01 00 00 c3 02 02 02 02  01 00 00 02 00 00 00 00  |................|
00000600  00 00 00 00 62 00 6b 00  5f 00 56 00 00 00 00 00  |....b.k._.V.....|
00000610  00 00 00 00 00 00 00 00  00 00 00 00 00 00 00 00  |................|
00000620  00 00 00 00 28 17 32 0a  00 00 00 00 00 00 00 00  |....(.2.........|
00000630  00 00 00 00 64 64 1e 00  05 00 00 00 00 64 64 00  |....dd.......dd.|
00000640  00 00 16 00 96 00 08 04  02 00 5a 53 55 20 35 37  |..........ZSU 57|
00000650  2d 32 00 00 00 00 00 00  00 00 00 00 00 00 00 00  |-2..............|
00000660  80 3f 00 00 00 00 00 00  00 00 00 00 00 00 00 00  |.?..............|
00000670  11 00 20 03 00 00 c8 00  3c 00 00 00 03 00 00 00  |.. .....<.......|
00000680  00 00 66 3a 00 00 00 00  00 00 00 00 00 00 00 00  |..f:............|
00000690  10 00 00 00 00 00 00 00  02 00 00 00 00 00 00 00  |................|
000006a0  00 00 00 00 bd 00 00 00  00 00 00 00 00 00 00 00  |................|
000006b0  00 00 00 00 00 00 00 00  00 00 00 00 00 00 00 00  |................|
000006c0  00 00 00 00 64 00 00 00  00 00 00 00 00 00 00 00  |....d...........|
000006d0  00 00 00 00 00 64 4b 00  32 32 19 00 32 64 64 00  |.....dK.22..2dd.|
000006e0  00 00 06 00 e1 00 58 04  00 00 54 2d 37 32 00 00  |......X...T-72..|
000006f0  00 00 00 00 00 00 00 00  00 00 00 00 00 00 00 00  |................|
00000700  80 3f 00 00 00 00 00 00  00 00 00 00 00 00 00 00  |.?..............|
00000710  11 00 20 03 00 00 c8 00  3c 00 00 00 03 00 00 00  |.. .....<.......|
00000720  00 00 66 3a 00 00 00 00  00 00 00 00 02 66 c3 c3  |..f:.........f..|
00000730  01 00 00 ea 02 02 02 02  01 00 00 02 00 00 00 00  |................|
00000740  00 00 00 00 9a 00 9b 00  5f 00 56 00 00 00 00 00  |........_.V.....|
00000750  00 00 00 00 00 00 00 00  00 00 00 00 00 00 00 00  |................|
00000760  00 00 00 00 12 15 32 0a  00 00 00 00 00 00 00 00  |......2.........|
00000770  00 00 00 00 64 64 23 00  00 00 00 00 00 64 64 00  |....dd#......dd.|
00000780  00 00 07 00 c8 00 08 04  00 00 54 2d 36 32 00 00  |..........T-62..|
00000790  00 00 00 00 00 00 00 00  00 00 00 00 00 00 00 00  |................|
000007a0  80 3f 00 00 00 00 00 00  00 00 00 00 00 00 00 00  |.?..............|
000007b0  11 00 20 03 00 00 c8 00  3c 00 00 00 03 00 00 00  |.. .....<.......|
000007c0  00 00 66 3a 00 00 00 00  00 00 00 00 e1 46 7f 7f  |..f:.........F..|
000007d0  01 00 00 69 02 01 02 02  01 00 00 02 00 00 00 00  |...i............|
000007e0  00 00 00 00 79 00 99 00  73 00 56 00 5f 00 00 00  |....y...s.V._...|
000007f0  00 00 00 00 00 00 00 00  00 00 00 00 00 00 00 00  |................|
00000800  00 00 00 00 06 14 14 64  64 00 00 00 00 00 00 00  |.......dd.......|
00000810  00 00 00 00 64 64 28 00  00 00 00 00 64 64 64 00  |....dd(.....ddd.|
00000820  00 00 09 00 64 00 08 58  02 00 46 61 6e 20 53 6f  |....d..X..Fan So|
00000830  6e 67 20 42 00 00 00 00  00 00 00 00 00 00 00 00  |ng B............|
00000840  80 3f 00 00 00 00 00 00  00 00 00 00 00 00 00 00  |.?..............|
00000850  12 00 20 03 00 00 c8 00  3c 00 27 00 03 00 00 00  |.. .....<.'.....|
00000860  00 00 66 3a 00 00 00 00  00 00 00 00 00 00 00 00  |..f:............|
00000870  00 00 00 00 00 00 00 00  00 00 00 00 00 00 00 00  |................|
00000880  78 ff 00 00 00 00 00 00  00 00 00 00 00 00 00 00  |x...............|
00000890  00 00 00 00 00 00 00 00  00 00 00 00 00 00 00 00  |................|
000008a0  00 00 00 00 00 00 00 00  00 00 00 00 00 00 00 00  |................|
000008b0  00 00 00 00 00 32 64 00  19 64 4b 00 64 64 64 00  |.....2d..dK.ddd.|
000008c0  00 00 0a 00 64 00 08 40  02 00 4c 6f 77 20 42 6c  |....d..@..Low Bl|
000008d0  6f 77 00 00 00 00 00 00  00 00 00 00 00 00 00 00  |ow..............|
000008e0  80 3f 00 00 00 00 00 00  00 00 00 00 00 00 00 00  |.?..............|
000008f0  12 00 20 03 00 00 c8 00  3c 00 28 00 03 00 00 00  |.. .....<.(.....|
00000900  00 00 66 3a 00 00 00 00  00 00 00 00 00 00 00 00  |..f:............|
00000910  00 00 00 00 00 00 00 00  00 00 00 00 00 00 00 00  |................|
00000920  41 5a 00 00 00 00 00 00  00 00 00 00 00 00 00 00  |AZ..............|
00000930  00 00 00 00 00 00 00 00  00 00 00 00 00 00 00 00  |................|
00000940  00 00 00 00 00 00 00 00  00 00 00 00 00 00 00 00  |................|
00000950  00 00 00 00 00 32 64 00  4b 64 32 00 64 64 64 00  |.....2d.Kd2.ddd.|
00000960  00 00 0b 00 64 00 08 40  02 00 4c 6f 6e 67 20 54  |....d..@..Long T|
00000970  72 61 63 6b 00 00 00 00  00 00 00 00 00 00 00 00  |rack............|
00000980  80 3f 00 00 00 00 00 00  00 00 00 00 00 00 00 00  |.?..............|
00000990  12 00 20 03 00 00 c8 00  3c 00 29 00 03 00 00 00  |.. .....<.).....|
000009a0  00 00 66 3a 00 00 00 00  00 00 00 00 00 00 00 00  |..f:............|
000009b0  00 00 00 00 00 00 00 00  00 00 00 00 00 00 00 00  |................|
000009c0  50 78 00 00 00 00 00 00  00 00 00 00 00 00 00 00  |Px..............|
000009d0  00 00 00 00 00 00 00 00  00 00 00 00 00 00 00 00  |................|
000009e0  00 00 00 00 00 00 00 00  00 00 00 00 00 00 00 00  |................|
000009f0  00 00 00 00 00 32 64 00  4b 64 32 00 64 64 64 00  |.....2d.Kd2.ddd.|
00000a00  00 00 2b 00 fa 00 08 1c  00 00 4d 39 39 38 00 00  |..+.......M998..|
00000a10  00 00 00 00 00 00 00 00  00 00 00 00 00 00 00 00  |................|
00000a20  80 3f 00 00 00 00 00 00  00 00 00 00 00 00 00 00  |.?..............|
00000a30  12 00 20 03 00 00 c8 00  3c 00 00 00 01 00 00 00  |.. .....<.......|
00000a40  00 00 66 3a 00 00 00 00  00 00 00 00 15 15 07 00  |..f:............|
00000a50  01 00 00 00 01 01 01 00  01 00 00 00 00 00 00 00  |................|
00000a60  00 00 00 00 6e 00 00 00  00 00 00 00 00 00 00 00  |....n...........|
00000a70  00 00 00 00 00 00 00 00  00 00 00 00 00 00 00 00  |................|
00000a80  00 00 00 00 32 00 00 00  00 00 00 00 00 00 00 00  |....2...........|
00000a90  00 00 00 00 00 64 64 00  64 64 64 00 64 64 64 00  |.....dd.ddd.ddd.|
00000aa0  00 00 2a 02 96 00 08 dc  02 00 48 61 77 6b 00 00  |..*.......Hawk..|
00000ab0  00 00 00 00 00 00 00 00  00 00 00 00 00 00 00 00  |................|
00000ac0  80 3f 00 00 00 00 67 05  00 00 00 00 00 00 00 00  |.?....g.........|
00000ad0  12 00 20 03 00 00 c8 00  3c 00 00 00 03 00 00 00  |.. .....<.......|
00000ae0  07 00 66 3a 00 00 00 00  00 00 00 00 00 00 00 00  |..f:............|
00000af0  1f 19 00 00 00 00 00 00  08 16 00 00 00 00 00 00  |................|
00000b00  00 00 00 00 20 00 20 00  20 00 00 00 00 00 00 00  |.... . . .......|
00000b10  00 00 00 00 00 00 00 00  00 00 00 00 00 00 00 00  |................|
00000b20  00 00 00 00 02 02 02 00  00 00 00 00 00 00 00 00  |................|
00000b30  00 00 00 00 00 64 64 00  64 64 64 00 64 64 64 00  |.....dd.ddd.ddd.|
00000b40  00 00 43 03 fa 00 08 5c  00 00 5a 49 4c 2d 31 33  |..C....\..ZIL-13|
00000b50  35 00 00 00 00 00 00 00  00 00 00 00 00 00 00 00  |5...............|
00000b60  80 3f 00 00 00 00 00 00  00 00 00 00 00 00 00 00  |.?..............|
00000b70  12 00 20 03 00 00 c8 00  3c 00 00 00 01 00 00 00  |.. .....<.......|
00000b80  00 00 66 3a 00 00 00 00  00 00 00 00 00 00 00 00  |..f:............|
00000b90  00 00 00 00 00 00 00 00  00 00 00 00 00 00 00 00  |................|
00000ba0  00 00 00 00 00 00 00 00  00 00 00 00 00 00 00 00  |................|
00000bb0  00 00 00 00 00 00 00 00  00 00 00 00 00 00 00 00  |................|
00000bc0  00 00 00 00 00 00 00 00  00 00 00 00 00 00 00 00  |................|
00000bd0  00 00 00 00 00 64 64 00  64 64 64 00 64 64 64 00  |.....dd.ddd.ddd.|
00000be0  00 00 0d 00 96 00 08 04  00 00 50 54 2d 37 36 00  |..........PT-76.|
00000bf0  00 00 00 00 00 00 00 00  00 00 00 00 00 00 00 00  |................|
00000c00  80 3f 00 00 00 00 00 00  00 00 00 00 00 00 00 00  |.?..............|
00000c10  11 00 20 03 00 00 c8 00  3c 00 00 00 03 00 00 00  |.. .....<.......|
00000c20  00 00 66 3a 00 00 00 00  00 00 00 00 26 12 12 08  |..f:........&...|
00000c30  08 00 12 08 03 03 03 03  03 00 03 03 00 00 00 00  |................|
00000c40  00 00 00 00 95 00 00 00  00 00 00 00 00 00 00 00  |................|
00000c50  00 00 00 00 00 00 00 00  00 00 00 00 00 00 00 00  |................|
00000c60  00 00 00 00 1e 00 00 00  00 00 00 00 00 00 00 00  |................|
00000c70  00 00 00 00 64 64 4b 00  19 19 19 00 00 64 64 00  |....ddK......dd.|
00000c80  00 00 0e 00 96 00 0c 04  02 00 43 68 61 70 61 72  |..........Chapar|
00000c90  72 61 6c 00 00 00 00 00  00 00 00 00 00 00 00 00  |ral.............|
00000ca0  80 3f 09 63 00 00 00 00  00 00 00 00 00 00 00 00  |.?.c............|
00000cb0  22 00 20 03 00 00 c8 00  3c 00 00 00 03 00 00 00  |". .....<.......|
00000cc0  0f 00 66 3a 00 00 00 00  00 00 00 00 00 00 00 00  |..f:............|
00000cd0  3c 00 00 00 00 00 00 00  05 00 00 00 00 00 00 00  |<...............|
00000ce0  00 00 00 00 83 00 83 00  83 00 83 00 00 00 00 00  |................|
00000cf0  00 00 00 00 00 00 00 00  00 00 00 00 00 00 00 00  |................|
00000d00  00 00 00 00 02 02 02 02  00 00 00 00 00 00 00 00  |................|
00000d10  00 00 00 00 64 64 4b 00  19 32 32 00 00 64 64 00  |....ddK..22..dd.|
00000d20  00 00 0f 00 64 00 08 1c  02 00 53 41 2d 34 00 00  |....d.....SA-4..|
00000d30  00 00 00 00 00 00 00 00  00 00 00 00 00 00 00 00  |................|
00000d40  80 3f 00 00 00 00 00 00  00 00 00 00 00 00 00 00  |.?..............|
00000d50  12 00 20 03 00 00 c8 00  00 00 00 00 03 00 00 00  |.. .............|
00000d60  03 00 66 3a 00 00 00 00  00 00 00 00 00 00 00 00  |..f:............|
00000d70  20 20 00 00 00 00 00 00  08 16 00 00 00 00 00 00  |  ..............|
00000d80  00 00 00 00 26 00 26 00  00 00 00 00 00 00 00 00  |....&.&.........|
00000d90  00 00 00 00 00 00 00 00  00 00 00 00 00 00 00 00  |................|
00000da0  00 00 00 00 01 01 00 00  00 00 00 00 00 00 00 00  |................|
00000db0  00 00 00 00 64 4b 64 00  19 19 32 00 00 64 64 00  |....dKd...2..dd.|
00000dc0  00 00 10 00 96 00 08 1c  02 00 53 41 2d 36 00 00  |..........SA-6..|
00000dd0  00 00 00 00 00 00 00 00  00 00 00 00 00 00 00 00  |................|
00000de0  80 3f 00 00 00 00 00 00  00 00 00 00 00 00 00 00  |.?..............|
00000df0  12 00 20 03 00 00 c8 00  00 00 00 00 03 00 00 00  |.. .............|
00000e00  07 00 66 3a 00 00 00 00  00 00 00 00 00 00 00 00  |..f:............|
00000e10  1e 22 00 00 00 00 00 00  06 10 00 00 00 00 00 00  |."..............|
00000e20  00 00 00 00 27 00 27 00  27 00 00 00 00 00 00 00  |....'.'.'.......|
00000e30  00 00 00 00 00 00 00 00  00 00 00 00 00 00 00 00  |................|
00000e40  00 00 00 00 02 02 02 00  00 00 00 00 00 00 00 00  |................|
00000e50  00 00 00 00 64 4b 64 00  19 19 32 00 00 64 64 00  |....dKd...2..dd.|
00000e60  00 00 11 00 96 00 08 1c  02 00 53 41 2d 31 33 00  |..........SA-13.|
00000e70  00 00 00 00 00 00 00 00  00 00 00 00 00 00 00 00  |................|
00000e80  80 3f 00 00 00 00 00 00  00 00 00 00 00 00 00 00  |.?..............|
00000e90  11 00 20 03 00 00 c8 00  3c 00 2f 00 03 00 00 00  |.. .....<./.....|
00000ea0  00 00 66 3a 00 00 00 00  00 00 00 00 00 00 00 00  |..f:............|
00000eb0  0a 00 00 00 00 00 00 00  03 00 00 00 00 00 00 00  |................|
00000ec0  0c 0c 00 00 24 00 24 00  24 00 24 00 00 00 00 00  |....$.$.$.$.....|
00000ed0  00 00 00 00 00 00 00 00  00 00 00 00 00 00 00 00  |................|
00000ee0  00 00 00 00 01 01 01 01  00 00 00 00 00 00 00 00  |................|
00000ef0  00 00 00 00 64 64 4b 00  19 64 32 00 00 64 64 00  |....ddK..d2..dd.|
00000f00  00 00 12 00 96 00 0c 5c  02 00 4d 2d 31 36 33 00  |.......\..M-163.|
00000f10  00 00 00 00 00 00 00 00  00 00 00 00 00 00 00 00  |................|
00000f20  80 3f 00 00 00 00 00 00  00 00 00 00 00 00 00 00  |.?..............|
00000f30  11 00 20 03 00 00 c8 00  3c 00 10 00 03 00 00 00  |.. .....<.......|
00000f40  00 00 66 3a 00 00 00 00  05 00 00 00 1a 08 08 08  |..f:............|
00000f50  1a 00 00 00 02 02 02 02  02 00 00 00 00 00 00 00  |................|
00000f60  05 05 00 00 69 00 00 00  00 00 00 00 00 00 00 00  |....i...........|
00000f70  00 00 00 00 00 00 00 00  00 00 00 00 00 00 00 00  |................|
00000f80  00 00 00 00 c8 00 00 00  00 00 00 00 00 00 00 00  |................|
00000f90  00 00 00 00 64 64 4b 00  19 64 32 00 64 64 64 00  |....ddK..d2.ddd.|
00000fa0  00 00 90 03 73 00 56 04  00 00 46 2f 41 2d 31 38  |....s.V...F/A-18|
00000fb0  44 00 00 00 00 00 00 00  00 00 00 00 00 00 0d e0  |D...............|
00000fc0  ca 3f c0 da 00 00 0a 5a  00 00 6c 2a 00 00 a0 00  |.?.....Z..l*....|
00000fd0  22 00 fa 00 0a 00 fa 00  b6 03 14 00 02 00 8c 01  |"...............|
00000fe0  fe 03 46 02 14 14 14 14  0a 14 00 0a 6c a1 c0 c0  |..F.........l...|
00000ff0  50 5e cd c0 1e 03 1e 1e  1b 50 50 1e 08 08 08 08  |P^.......PP.....|
00001000  3c 3c 00 00 3c 00 03 00  28 00 15 00 24 00 25 00  |<<..<...(...$.%.|
00001010  21 00 15 00 28 00 03 00  00 00 00 00 00 00 00 00  |!...(...........|
00001020  00 00 00 00 39 ff ff ff  ff ff ff ff ff ff 00 00  |....9...........|
00001030  00 00 00 00 64 64 64 00  64 64 64 00 00 64 64 00  |....ddd.ddd..dd.|
00001040  00 00 44 02 90 01 02 1c  00 00 46 41 47 20 4c 53  |..D.......FAG LS|
00001050  54 00 00 00 00 00 00 00  00 00 00 00 00 00 00 00  |T...............|
00001060  80 3f 00 00 00 00 00 00  00 00 00 00 00 00 00 00  |.?..............|
00001070  22 00 20 03 00 00 c8 00  2d 00 00 00 32 00 00 00  |". .....-...2...|
00001080  00 00 66 3a 00 00 00 00  00 00 00 00 00 00 00 00  |..f:............|
00001090  00 00 00 00 00 00 00 00  00 00 00 00 00 00 00 00  |................|
000010a0  00 00 00 00 00 00 00 00  00 00 00 00 00 00 00 00  |................|
000010b0  00 00 00 00 00 00 00 00  00 00 00 00 00 00 00 00  |................|
000010c0  00 00 00 00 00 00 00 00  00 00 00 00 00 00 00 00  |................|
000010d0  00 00 00 00 00 32 32 00  19 00 0a 32 00 64 64 00  |.....22....2.dd.|
000010e0  00 00 17 00 64 00 08 1c  00 00 46 52 4f 47 2d 37  |....d.....FROG-7|
000010f0  00 00 00 00 00 00 00 00  00 00 00 00 00 00 00 00  |................|
00001100  80 3f 00 00 00 00 00 00  00 00 00 00 00 00 00 00  |.?..............|
00001110  12 00 20 03 00 00 c8 00  3c 00 00 00 02 00 00 00  |.. .....<.......|
00001120  01 00 66 3a 00 00 00 00  00 00 00 32 73 19 00 00  |..f:.......2s...|
00001130  00 00 00 00 41 41 00 00  00 00 00 00 00 00 00 00  |....AA..........|
00001140  00 00 00 00 71 00 00 00  00 00 00 00 00 00 00 00  |....q...........|
00001150  00 00 00 00 00 00 00 00  00 00 00 00 00 00 00 00  |................|
00001160  00 00 00 00 01 00 00 00  00 00 00 00 00 00 00 00  |................|
00001170  00 00 00 00 64 4b 64 00  32 19 4b 00 00 64 64 00  |....dKd.2.K..dd.|
00001180  00 00 18 00 c8 00 08 04  00 00 4d 2d 31 31 30 2d  |..........M-110-|
00001190  41 32 00 00 00 00 00 00  00 00 00 00 00 00 00 00  |A2..............|
000011a0  80 3f 00 00 00 00 00 00  00 00 00 00 00 00 00 00  |.?..............|
000011b0  11 00 20 03 00 00 c8 00  3c 00 00 00 03 00 00 00  |.. .....<.......|
000011c0  00 00 66 3a 00 00 00 00  00 00 00 32 6e 37 19 0f  |..f:.......2n7..|
000011d0  01 00 00 37 12 12 12 12  01 00 00 12 00 00 00 00  |...7............|
000011e0  00 00 00 00 a1 00 6e 00  00 00 00 00 00 00 00 00  |......n.........|
000011f0  00 00 00 00 00 00 00 00  00 00 00 00 00 00 00 00  |................|
00001200  00 00 00 00 32 32 00 00  00 00 00 00 00 00 00 00  |....22..........|
00001210  00 00 00 00 64 64 32 00  19 0a 19 00 00 64 64 00  |....dd2......dd.|
00001220  00 00 4a 03 7d 00 56 04  00 00 46 2f 41 2d 31 38  |..J.}.V...F/A-18|
00001230  45 00 00 00 00 00 00 00  00 00 00 00 00 00 0d e0  |E...............|
00001240  ca 3f 00 00 00 00 00 00  00 00 00 00 00 00 00 00  |.?..............|
00001250  22 00 fa 00 0a 00 c8 00  b6 03 14 00 02 00 00 00  |"...............|
00001260  00 00 46 02 00 00 00 00  00 00 00 00 00 00 00 00  |..F.............|
00001270  00 00 00 00 00 00 00 00  00 00 00 00 08 08 08 08  |................|
00001280  3c 3c 00 00 00 00 00 00  00 00 00 00 00 00 00 00  |<<..............|
00001290  00 00 00 00 00 00 00 00  00 00 00 00 00 00 00 00  |................|
000012a0  00 00 00 00 00 00 00 00  00 00 00 00 00 00 00 00  |................|
000012b0  00 00 00 00 00 64 64 00  64 64 64 00 00 64 64 00  |.....dd.ddd..dd.|
000012c0  00 00 1b 00 96 00 08 5c  00 00 4d 54 2d 4c 42 2f  |.......\..MT-LB/|
000012d0  55 00 00 00 00 00 00 00  00 00 00 00 00 00 00 00  |U...............|
000012e0  80 3f 00 00 00 00 00 00  00 00 00 00 00 00 00 00  |.?..............|
000012f0  12 00 20 03 00 00 c8 00  3c 00 00 00 03 00 00 00  |.. .....<.......|
00001300  00 00 66 3a 00 00 00 00  00 00 00 00 00 00 00 00  |..f:............|
00001310  00 00 00 00 00 00 00 00  00 00 00 00 00 00 00 00  |................|
00001320  00 00 00 00 00 00 00 00  00 00 00 00 00 00 00 00  |................|
00001330  00 00 00 00 00 00 00 00  00 00 00 00 00 00 00 00  |................|
00001340  00 00 00 00 00 00 00 00  00 00 00 00 00 00 00 00  |................|
00001350  00 00 00 00 64 64 4b 00  19 0a 19 00 00 64 64 00  |....ddK......dd.|
00001360  00 00 1c 00 c8 00 08 5c  00 00 4d 2d 32 41 33 00  |.......\..M-2A3.|
00001370  00 00 00 00 00 00 00 00  00 00 00 00 00 00 00 00  |................|
00001380  80 3f 00 00 00 00 00 00  00 00 00 00 00 00 00 00  |.?..............|
00001390  11 00 20 03 00 00 c8 00  3c 00 00 00 03 00 00 00  |.. .....<.......|
000013a0  00 00 66 3a 00 00 00 00  00 00 00 00 3a 19 28 21  |..f:........:.(!|
000013b0  0f 00 00 32 02 02 02 02  02 00 00 02 00 00 00 00  |...2............|
000013c0  00 00 00 00 a2 00 7e 00  56 00 6e 00 00 00 00 00  |......~.V.n.....|
000013d0  00 00 00 00 00 00 00 00  00 00 00 00 00 00 00 00  |................|
000013e0  00 00 00 00 32 07 64 64  00 00 00 00 00 00 00 00  |....2.dd........|
000013f0  00 00 00 00 64 64 32 00  05 0a 19 00 00 64 64 00  |....dd2......dd.|
00001400  00 00 19 00 96 00 08 1c  00 00 32 53 31 00 00 00  |..........2S1...|
00001410  00 00 00 00 00 00 00 00  00 00 00 00 00 00 00 00  |................|
00001420  80 3f 00 00 00 00 00 00  00 00 00 00 00 00 00 00  |.?..............|
00001430  22 00 20 03 00 00 c8 00  3c 00 00 00 03 00 00 00  |". .....<.......|
00001440  00 00 66 3a 00 00 00 00  00 00 00 00 38 20 0a 0a  |..f:........8 ..|
00001450  01 00 00 20 0c 0c 0c 0c  01 00 00 0c 00 00 00 00  |... ............|
00001460  00 00 00 00 9f 00 c3 00  00 00 00 00 00 00 00 00  |................|
00001470  00 00 00 00 00 00 00 00  00 00 00 00 00 00 00 00  |................|
00001480  00 00 00 00 32 32 00 00  00 00 00 00 00 00 00 00  |....22..........|
00001490  00 00 00 00 00 64 4b 00  32 0a 19 00 32 64 64 00  |.....dK.2...2dd.|
000014a0  00 00 1a 00 96 00 08 1c  00 00 32 53 33 00 00 00  |..........2S3...|
000014b0  00 00 00 00 00 00 00 00  00 00 00 00 00 00 00 00  |................|
000014c0  80 3f 00 00 00 00 00 00  00 00 00 00 00 00 00 00  |.?..............|
000014d0  22 00 20 03 00 00 c8 00  3c 00 00 00 03 00 00 00  |". .....<.......|
000014e0  00 00 66 3a 00 00 00 00  00 00 00 00 2c 16 06 04  |..f:........,...|
000014f0  01 00 00 2c 12 12 12 12  01 00 00 12 00 00 00 00  |...,............|
00001500  00 00 00 00 85 00 c3 00  00 00 00 00 00 00 00 00  |................|
00001510  00 00 00 00 00 00 00 00  00 00 00 00 00 00 00 00  |................|
00001520  00 00 00 00 32 32 00 00  00 00 00 00 00 00 00 00  |....22..........|
00001530  00 00 00 00 00 64 4b 00  19 0a 19 00 32 64 64 00  |.....dK.....2dd.|
00001540  00 00 86 06 96 00 17 04  00 00 46 2d 34 45 00 00  |..........F-4E..|
00001550  00 00 00 00 00 00 00 00  00 00 00 00 00 00 00 00  |................|
00001560  00 40 d3 f0 00 00 5f 73  00 00 68 42 00 00 85 00  |.@...._s..hB....|
00001570  22 00 fa 00 0a 00 fa 00  84 03 17 00 01 00 86 01  |"...............|
00001580  fe 01 33 07 00 00 00 00  00 00 00 00 72 a1 a1 a1  |..3.........r...|
00001590  36 46 a1 a1 03 03 03 03  0a 1e 03 03 00 00 00 00  |6F..............|
000015a0  1e 1e 00 00 3c 00 27 00  29 00 60 00 5b 00 5b 00  |....<.'.).`.[.[.|
000015b0  60 00 29 00 27 00 00 00  00 00 00 00 00 00 00 00  |`.).'...........|
000015c0  00 00 00 00 40 ff ff ff  ff ff ff ff ff 00 00 00  |....@...........|
000015d0  00 00 00 00 64 64 64 00  64 64 64 00 00 64 64 00  |....ddd.ddd..dd.|
000015e0  00 00 77 06 96 00 52 04  00 00 46 2d 31 34 41 00  |..w...R...F-14A.|
000015f0  00 00 00 00 00 00 00 00  00 00 00 00 00 00 78 9a  |..............x.|
00001600  14 40 6c 22 01 00 52 9b  00 00 48 3f 00 00 50 00  |.@l"..R...H?..P.|
00001610  22 00 5e 01 64 00 2c 01  b6 03 13 00 02 00 08 01  |".^.d.,.........|
00001620  fe 07 43 03 00 00 00 00  0a 14 00 00 15 04 0f 0a  |..C.............|
00001630  57 66 19 19 01 01 01 01  21 64 01 01 00 00 00 00  |Wf......!d......|
00001640  64 64 00 00 3c 00 20 00  1e 00 02 00 1f 00 1f 00  |dd..<. .........|
00001650  1f 00 1f 00 02 00 1e 00  20 00 00 00 00 00 00 00  |........ .......|
00001660  00 00 00 00 44 ff ff ff  ff ff ff ff ff ff ff 00  |....D...........|
00001670  00 00 00 00 64 64 64 00  64 64 64 00 00 64 64 00  |....ddd.ddd..dd.|
00001680  00 00 7a 06 96 00 41 05  00 00 46 2d 31 35 43 00  |..z...A...F-15C.|
00001690  00 00 00 00 00 00 00 00  00 00 00 00 00 00 00 00  |................|
000016a0  00 40 a0 09 01 00 b8 6f  00 00 a0 5a 00 00 64 00  |.@.....o...Z..d.|
000016b0  22 00 5e 01 32 00 fa 00  b6 03 14 00 01 00 0e 0e  |".^.2...........|
000016c0  fe 0f 0f 09 14 00 0a 0a  19 23 00 0a 6c a1 c0 c0  |.........#..l...|
000016d0  50 5e c0 c0 1e 03 1e 1e  1b 50 1e 1e 00 00 00 00  |P^.......P......|
000016e0  50 50 00 00 3c 00 62 00  22 00 23 00 24 00 24 00  |PP..<.b.".#.$.$.|
000016f0  25 00 24 00 24 00 23 00  22 00 62 00 00 00 00 00  |%.$.$.#.".b.....|
00001700  00 00 00 00 5f ff ff ff  ff ff ff ff ff ff ff ff  |...._...........|
00001710  00 00 00 00 64 64 64 00  64 64 64 00 00 64 64 00  |....ddd.ddd..dd.|
00001720  00 00 c5 02 96 00 00 dc  00 00 5a 55 2d 32 33 00  |..........ZU-23.|
00001730  00 00 00 00 00 00 00 00  00 00 00 00 00 00 00 00  |................|
00001740  80 3f 00 00 00 00 00 00  00 00 00 00 00 00 00 00  |.?..............|
00001750  12 00 20 03 00 00 c8 00  3c 00 00 00 03 00 00 00  |.. .....<.......|
00001760  00 00 66 3a 00 00 00 00  00 00 00 00 1a 15 08 08  |..f:............|
00001770  1a 00 00 00 02 02 02 02  02 00 00 00 00 00 00 00  |................|
00001780  00 00 00 00 69 00 c3 00  00 00 00 00 00 00 00 00  |....i...........|
00001790  00 00 00 00 00 00 00 00  00 00 00 00 00 00 00 00  |................|
000017a0  00 00 00 00 64 32 00 00  00 00 00 00 00 00 00 00  |....d2..........|
000017b0  00 00 00 00 00 64 64 00  32 32 4b 00 64 64 64 00  |.....dd.22K.ddd.|
000017c0  00 00 74 06 7d 00 11 04  00 00 4d 69 47 2d 32 33  |..t.}.....MiG-23|
000017d0  4d 53 00 00 00 00 00 00  00 00 00 00 00 00 0d e0  |MS..............|
000017e0  ca 3f 54 a2 00 00 d5 57  00 00 f8 2a 00 00 57 00  |.?T....W...*..W.|
000017f0  22 00 2c 01 32 00 fa 00  b6 03 06 00 01 00 22 00  |".,.2.........".|
00001800  3e 00 66 3a 00 00 00 00  00 00 00 00 88 60 70 70  |>.f:.........`pp|
00001810  21 2b 70 70 14 12 14 14  09 19 14 14 00 00 00 00  |!+pp............|
00001820  08 0f 00 00 61 00 37 00  38 00 31 00 38 00 37 00  |....a.7.8.1.8.7.|
00001830  00 00 00 00 00 00 00 00  00 00 00 00 00 00 00 00  |................|
00001840  00 00 00 00 14 ff ff ff  ff ff 00 00 00 00 00 00  |................|
00001850  00 00 00 00 64 64 64 00  64 64 64 00 00 64 64 00  |....ddd.ddd..dd.|
00001860  00 00 83 06 96 00 11 04  00 00 4d 69 47 2d 32 35  |..........MiG-25|
00001870  00 00 00 00 00 00 00 00  00 00 00 00 00 00 00 00  |................|
00001880  00 40 4c 42 01 00 3c ac  00 00 00 7d 00 00 2a 01  |.@LB..<....}..*.|
00001890  22 00 20 03 90 01 90 01  b6 03 07 00 01 00 1e 00  |". .............|
000018a0  1e 00 66 3a 00 00 00 00  00 0a 00 00 00 00 00 00  |..f:............|
000018b0  39 45 00 00 00 00 00 00  09 19 00 00 00 00 00 00  |9E..............|
000018c0  28 32 00 00 00 00 63 00  39 00 39 00 63 00 00 00  |(2....c.9.9.c...|
000018d0  00 00 00 00 00 00 00 00  00 00 00 00 00 00 00 00  |................|
000018e0  00 00 00 00 00 ff ff ff  ff 00 00 00 00 00 00 00  |................|
000018f0  00 00 00 00 64 64 64 00  64 64 64 00 00 64 64 00  |....ddd.ddd..dd.|
00001900  00 00 a4 00 96 00 11 04  00 00 4d 69 47 2d 33 31  |..........MiG-31|
00001910  00 00 00 00 00 00 00 00  00 00 00 00 00 00 00 00  |................|
00001920  00 40 00 00 00 00 00 00  00 00 a0 8c 00 00 ee 00  |.@..............|
00001930  22 00 20 03 90 01 90 01  b6 03 08 00 01 00 7e 00  |". ...........~.|
00001940  7e 00 66 3a 00 00 00 00  0a 14 00 00 15 04 0f 0a  |~.f:............|
00001950  5a 6a 0f 0f 01 01 01 01  21 64 01 01 00 00 00 00  |Zj......!d......|
00001960  37 3c 00 00 3d 00 3d 00  3e 00 3e 00 3e 00 3e 00  |7<..=.=.>.>.>.>.|
00001970  3d 00 00 00 00 00 00 00  00 00 00 00 00 00 00 00  |=...............|
00001980  00 00 00 00 1a ff ff ff  ff ff ff 00 00 00 00 00  |................|
00001990  00 00 00 00 64 64 64 00  64 64 64 00 00 64 64 00  |....ddd.ddd..dd.|
000019a0  00 00 3c 07 96 00 11 04  00 00 53 75 2d 32 37 00  |..<.......Su-27.|
000019b0  00 00 00 00 00 00 00 00  00 00 00 00 00 00 00 00  |................|
000019c0  00 40 5a 02 01 00 20 81  00 00 38 4a 00 00 4b 00  |.@Z... ...8J..K.|
000019d0  22 00 2c 01 0a 00 fa 00  b6 03 30 00 01 00 0c 03  |".,.......0.....|
000019e0  fe 07 66 3a 00 00 00 00  14 1e 00 00 5f 60 3f 3f  |..f:........_`??|
000019f0  46 52 30 30 03 03 03 01  21 64 01 03 00 00 00 00  |FR00....!d......|
00001a00  3c 3c 00 00 3d 00 46 00  47 00 47 00 48 00 48 00  |<<..=.F.G.G.H.H.|
00001a10  48 00 48 00 47 00 47 00  46 00 00 00 00 00 00 00  |H.H.G.G.F.......|
00001a20  00 00 00 00 0f ff ff ff  ff ff ff ff ff ff ff 00  |................|
00001a30  00 00 00 00 64 64 64 00  64 64 64 00 00 64 64 00  |....ddd.ddd..dd.|
00001a40  00 00 a6 00 7d 00 71 04  00 00 46 2d 32 32 00 00  |....}.q...F-22..|
00001a50  00 00 00 00 00 00 00 00  00 00 00 00 00 00 b9 cd  |................|
00001a60  0c 3e 30 f2 00 00 d0 84  00 00 98 3a 00 00 3b 00  |.>0........:..;.|
00001a70  22 00 2c 01 96 00 fa 00  1a 04 16 00 01 00 42 00  |".,...........B.|
00001a80  42 00 61 02 0a 00 0a 0a  19 28 00 00 15 04 0f 0a  |B.a......(......|
00001a90  50 5e 19 19 01 01 01 01  1b 50 01 01 00 00 00 00  |P^.......P......|
00001aa0  64 64 00 00 3c 00 20 00  24 00 24 00 24 00 24 00  |dd..<. .$.$.$.$.|
00001ab0  20 00 00 00 00 00 00 00  00 00 00 00 00 00 00 00  | ...............|
00001ac0  00 00 00 00 32 ff ff ff  ff ff ff 00 00 00 00 00  |....2...........|
00001ad0  00 00 00 00 64 64 64 00  64 64 64 00 00 64 64 00  |....ddd.ddd..dd.|
00001ae0  00 00 4d 03 64 00 51 04  00 00 41 6e 2d 32 34 00  |..M.d.Q...An-24.|
00001af0  00 00 00 00 00 00 00 00  00 00 00 00 00 00 54 67  |..............Tg|
00001b00  5d 40 bd bb 00 00 15 79  00 00 04 29 00 00 48 00  |]@.....y...)..H.|
00001b10  22 00 2c 01 2c 01 c8 00  c2 01 00 00 03 00 00 00  |".,.,...........|
00001b20  00 00 66 3a 00 00 00 00  00 00 00 00 00 00 00 00  |..f:............|
00001b30  00 00 00 00 00 00 00 00  00 00 00 00 00 00 00 00  |................|
00001b40  00 00 00 00 00 00 00 00  00 00 00 00 00 00 00 00  |................|
00001b50  00 00 00 00 00 00 00 00  00 00 00 00 00 00 00 00  |................|
00001b60  00 00 00 00 00 00 00 00  00 00 00 00 00 00 00 00  |................|
00001b70  00 00 00 00 00 64 64 00  64 64 64 00 00 64 64 00  |.....dd.ddd..dd.|
00001b80  00 00 a7 00 64 00 11 04  00 00 4a 2d 37 20 49 49  |....d.....J-7 II|
00001b90  49 00 00 00 00 00 00 00  00 00 00 00 00 00 00 00  |I...............|
00001ba0  80 3f 2f 46 00 00 6d 2d  00 00 58 1b 00 00 5c 00  |.?/F..m-..X...\.|
00001bb0  22 00 2c 01 05 00 fa 00  b6 03 1e 00 01 00 36 00  |".,...........6.|
00001bc0  3e 00 66 3a 0a 00 00 00  00 00 00 0a 5f 14 2d 25  |>.f:........_.-%|
00001bd0  15 18 25 2d 12 12 12 12  03 07 12 12 00 00 00 00  |..%-............|
00001be0  28 28 00 00 3c 00 01 00  5c 00 31 00 5c 00 01 00  |((..<...\.1.\...|
00001bf0  00 00 00 00 00 00 00 00  00 00 00 00 00 00 00 00  |................|
00001c00  00 00 00 00 14 ff ff ff  ff ff 00 00 00 00 00 00  |................|
00001c10  00 00 00 00 64 64 64 00  64 64 64 00 00 64 64 00  |....ddd.ddd..dd.|
00001c20  00 00 a8 00 64 00 01 04  00 00 4a 2d 38 00 00 00  |....d.....J-8...|
00001c30  00 00 00 00 00 00 00 00  00 00 00 00 00 00 00 00  |................|
00001c40  80 3f 4a 99 00 00 91 54  00 00 00 00 00 00 00 00  |.?J....T........|
00001c50  22 00 2c 01 05 00 c8 00  00 00 00 00 01 00 00 00  |".,.............|
00001c60  00 00 66 3a 00 00 00 00  00 00 00 32 00 00 00 00  |..f:.......2....|
00001c70  00 00 00 00 00 00 00 00  00 00 00 00 00 00 00 00  |................|
00001c80  00 00 00 00 00 00 00 00  00 00 00 00 00 00 00 00  |................|
00001c90  00 00 00 00 00 00 00 00  00 00 00 00 00 00 00 00  |................|
00001ca0  00 00 00 00 00 00 00 00  00 00 00 00 00 00 00 00  |................|
00001cb0  00 00 00 00 64 64 64 00  64 64 64 00 00 64 64 00  |....ddd.ddd..dd.|
00001cc0  00 00 b1 01 e8 03 02 00  00 00 43 61 72 72 69 65  |..........Carrie|
00001cd0  72 00 00 00 00 00 00 00  00 00 00 00 00 00 00 00  |r...............|
00001ce0  80 3f 00 00 00 00 00 00  00 00 00 00 00 00 00 00  |.?..............|
00001cf0  22 00 20 03 00 00 c8 00  3c 00 35 00 fe 00 00 00  |". .....<.5.....|
00001d00  00 00 66 3a 00 00 00 00  00 00 00 00 1c 00 00 00  |..f:............|
00001d10  9a 00 00 00 01 00 00 00  0f 00 00 00 4a 05 0a 1e  |............J...|
00001d20  4a cc 3c 05 8e 00 8d 00  00 00 00 00 00 00 00 00  |J.<.............|
00001d30  00 00 00 00 00 00 00 00  00 00 00 00 00 00 00 00  |................|
00001d40  00 00 00 00 18 a0 00 00  00 00 00 00 00 00 00 00  |................|
00001d50  00 00 00 00 00 64 4b 00  19 00 0a 4b 00 64 64 00  |.....dK....K.dd.|
00001d60  00 00 3f 06 00 00 0f 08  00 00 55 6e 6b 6e 6f 77  |..?.......Unknow|
00001d70  6e 20 53 6f 6c 64 69 65  72 00 00 00 00 00 00 00  |n Soldier.......|
00001d80  80 3f 00 00 00 00 00 00  00 00 00 00 00 00 00 00  |.?..............|
00001d90  12 00 20 03 00 00 c8 00  00 00 00 00 00 00 00 00  |.. .............|
00001da0  00 00 00 00 00 00 00 00  00 00 00 00 00 00 00 00  |................|
00001db0  00 00 00 00 00 00 00 00  00 00 00 00 00 00 00 00  |................|
00001dc0  00 00 00 00 00 00 00 00  00 00 00 00 00 00 00 00  |................|
00001dd0  00 00 00 00 00 00 00 00  00 00 00 00 00 00 00 00  |................|
00001de0  00 00 00 00 00 00 00 00  00 00 00 00 00 00 00 00  |................|
00001df0  00 00 00 00 00 64 64 00  64 64 64 00 00 64 64 00  |.....dd.ddd..dd.|
00001e00  00 00 80 06 64 00 11 14  00 00 46 2d 35 45 00 00  |....d.....F-5E..|
00001e10  00 00 00 00 00 00 00 00  00 00 00 00 00 00 53 16  |..............S.|
00001e20  59 3f 92 60 00 00 fb 25  00 00 40 1f 00 00 66 00  |Y?.`...%..@...f.|
00001e30  22 00 fa 00 0a 00 2c 01  b6 03 18 00 01 00 6c 00  |".....,.......l.|
00001e40  fe 00 3a 09 00 00 00 00  00 00 00 00 90 3f 52 52  |..:..........?RR|
00001e50  34 42 52 52 0a 03 0a 0a  04 0c 0a 0a 00 00 00 00  |4BRR............|
00001e60  28 28 00 00 3c 00 5f 00  55 00 57 00 56 00 57 00  |((..<._.U.W.V.W.|
00001e70  55 00 5f 00 00 00 00 00  00 00 00 00 00 00 00 00  |U._.............|
00001e80  00 00 00 00 38 ff ff ff  ff ff ff ff 00 00 00 00  |....8...........|
00001e90  00 00 00 00 64 64 64 00  64 64 64 00 00 64 64 00  |....ddd.ddd..dd.|
00001ea0  00 00 aa 00 7d 00 cc 14  00 00 4d 56 2d 32 32 00  |....}.....MV-22.|
00001eb0  00 00 00 00 00 00 00 00  00 00 00 00 00 00 00 00  |................|
00001ec0  00 40 00 00 00 00 00 00  00 00 84 35 00 00 23 00  |.@.........5..#.|
00001ed0  b3 00 04 01 05 00 96 00  fd 01 00 00 02 00 00 00  |................|
00001ee0  00 00 66 3a 00 00 00 00  00 00 00 00 00 00 00 00  |..f:............|
00001ef0  00 00 00 00 00 00 00 00  00 00 00 00 00 00 00 00  |................|
00001f00  00 00 00 00 00 00 00 00  00 00 00 00 00 00 00 00  |................|
00001f10  00 00 00 00 00 00 00 00  00 00 00 00 00 00 00 00  |................|
00001f20  00 00 00 00 00 00 00 00  00 00 00 00 00 00 00 00  |................|
00001f30  00 00 00 00 64 64 64 00  19 64 64 00 00 64 64 00  |....ddd..dd..dd.|
00001f40  00 00 b4 00 96 00 51 04  00 00 46 2d 31 31 31 00  |......Q...F-111.|
00001f50  00 00 00 00 00 00 00 00  00 00 00 00 00 00 78 9a  |..............x.|
00001f60  14 40 cb d1 01 00 79 b9  00 00 08 52 00 00 42 00  |.@....y....R..B.|
00001f70  22 00 2c 01 05 00 5e 01  b6 03 3a 00 02 00 36 00  |".,...^...:...6.|
00001f80  36 00 66 3a 14 00 0a 0a  00 00 0a 0a 72 a1 a1 a1  |6.f:........r...|
00001f90  34 42 a1 a1 02 02 02 02  04 0c 02 02 14 00 14 14  |4B..............|
00001fa0  07 0f 28 14 00 00 2b 00  2b 00 2c 00 2b 00 2b 00  |..(...+.+.,.+.+.|
00001fb0  00 00 00 00 00 00 00 00  00 00 00 00 00 00 00 00  |................|
00001fc0  00 00 00 00 00 ff ff ff  ff ff 00 00 00 00 00 00  |................|
00001fd0  00 00 00 00 64 64 64 00  64 64 64 00 00 64 64 00  |....ddd.ddd..dd.|
00001fe0  00 00 b5 00 64 00 d4 04  00 00 41 56 2d 38 42 00  |....d.....AV-8B.|
00001ff0  00 00 00 00 00 00 00 00  00 00 00 00 00 00 00 00  |................|

=== FILE 7/17: terrdata/objects/Falcon4.FED ===
path: D:\SteamLibrary\steamapps\common\Falcon 4.0\terrdata\objects\FALCON4.FED
size: 242946 bytes  (dumping first 8192 bytes)
--- hex dump ---
00000000  a8 1d 00 00 00 00 00 00  00 00 00 00 00 00 00 00  |................|
00000010  00 00 00 00 00 00 00 00  00 00 00 00 00 00 00 00  |................|
00000020  00 00 7e 07 00 00 03 02  2e 0b ff ff ff ff 00 00  |..~.............|
00000030  00 00 00 00 00 00 00 00  00 00 00 00 00 00 00 00  |................|
00000040  00 00 db 03 00 00 03 02  1e 03 ff ff ff ff 00 00  |................|
00000050  00 00 00 00 ab 44 00 00  18 43 00 00 00 00 14 00  |.....D...C......|
00000060  00 00 e3 03 00 00 03 02  2e 01 ff ff ff ff 00 00  |................|
00000070  00 00 00 90 47 45 00 60  31 45 00 00 00 00 14 00  |....GE.`1E......|
00000080  00 00 e4 03 00 00 03 02  2e 02 ff ff ff ff 00 00  |................|
00000090  00 00 00 00 38 44 00 d0  74 c5 00 00 00 00 14 00  |....8D..t.......|
000000a0  00 00 df 03 00 00 03 02  2e 03 ff ff ff ff 00 00  |................|
000000b0  00 00 00 00 46 45 00 60  2c 45 00 00 00 00 14 00  |....FE.`,E......|
000000c0  00 00 df 03 00 00 03 02  2e 03 ff ff ff ff 00 00  |................|
000000d0  00 00 00 00 3e 44 00 20  71 c5 00 00 00 00 60 ff  |....>D. q.....`.|
000000e0  00 00 e1 03 0c 00 03 02  0b 0e ff ff ff ff 23 00  |..............#.|
000000f0  00 00 00 70 17 45 00 00  32 44 00 00 00 00 14 00  |...p.E..2D......|
00000100  00 00 e0 03 0c 00 03 02  0b 0f ff ff ff ff 23 00  |..............#.|
00000110  00 00 00 c0 ad 44 00 e0  04 c5 00 00 00 00 14 00  |.....D..........|
00000120  00 00 66 05 00 00 03 02  0b 29 01 ff ff ff 05 00  |..f......)......|
00000130  00 00 00 40 80 44 00 70  43 c5 00 00 00 00 60 ff  |...@.D.pC.....`.|
00000140  00 00 66 05 00 00 03 02  0b 29 01 ff ff ff 05 00  |..f......)......|
00000150  00 00 00 60 35 45 00 60  fd 44 00 00 00 00 14 00  |...`5E.`.D......|
00000160  00 00 dc 03 08 00 03 02  0b 0c ff ff ff ff 19 00  |................|
00000170  00 00 00 f0 22 45 00 50  28 45 00 00 00 00 14 00  |...."E.P(E......|
00000180  00 00 dd 03 0c 00 03 02  0b 0b ff ff ff ff 19 00  |................|
00000190  00 00 00 80 c2 44 00 00  41 c3 00 00 00 00 14 00  |.....D..A.......|
000001a0  00 00 de 03 04 00 03 02  0b 0d ff ff ff ff 19 00  |................|
000001b0  00 00 00 40 13 44 00 20  32 c5 00 00 00 00 14 00  |...@.D. 2.......|
000001c0  00 00 67 05 00 00 03 02  0b 29 02 ff ff ff 05 00  |..g......)......|
000001d0  00 00 00 80 c0 43 00 20  55 c5 00 00 00 00 60 ff  |.....C. U.....`.|
000001e0  00 00 67 05 00 00 03 02  0b 29 02 ff ff ff 05 00  |..g......)......|
000001f0  00 00 00 80 31 45 00 50  50 45 00 00 00 00 14 00  |....1E.PPE......|
00000200  00 00 1c 06 00 00 03 02  0b 26 ff ff ff ff 00 00  |.........&......|
00000210  00 00 00 20 40 45 00 80  78 45 00 00 00 00 14 00  |... @E..xE......|
00000220  00 00 1c 06 00 00 03 02  0b 26 ff ff ff ff 00 00  |.........&......|
00000230  00 00 00 00 1b 43 00 b0  7c c5 00 00 00 00 60 ff  |.....C..|.....`.|
00000240  00 00 e5 03 00 00 03 02  2d 09 ff ff ff ff 0a 00  |........-.......|
00000250  00 00 00 c0 4e 44 00 40  fd 44 00 00 00 00 14 00  |....ND.@.D......|
00000260  00 00 5a 03 00 00 03 02  25 03 ff ff ff ff 00 00  |..Z.....%.......|
00000270  00 00 00 80 0f 44 00 80  d9 44 00 00 00 00 14 00  |.....D...D......|
00000280  00 00 e8 03 00 00 03 02  02 02 ff ff ff ff 0a 00  |................|
00000290  00 00 00 00 42 44 00 00  00 44 00 00 00 00 6e 00  |....BD...D....n.|
000002a0  00 00 e6 03 00 00 03 02  2d 0a ff ff ff ff 0a 00  |........-.......|
000002b0  00 00 00 c0 57 45 00 00  7b 44 00 00 00 00 ba ff  |....WE..{D......|
000002c0  00 00 e6 03 00 00 03 02  2d 0a ff ff ff ff 0a 00  |........-.......|
000002d0  00 00 00 50 3a 45 00 00  ad c3 00 00 00 00 ba ff  |...P:E..........|
000002e0  00 00 fa 03 00 00 03 02  1c 0a ff ff ff ff 0a 00  |................|
000002f0  00 00 00 80 b4 c3 00 f0  66 c5 00 00 00 00 14 00  |........f.......|
00000300  00 00 72 02 00 00 03 02  1d 02 ff ff ff ff 00 00  |..r.............|
00000310  00 00 00 00 e3 44 00 e0  65 c5 00 00 00 00 14 00  |.....D..e.......|
00000320  00 00 fb 03 00 00 03 02  39 01 ff ff ff ff 14 00  |........9.......|
00000330  00 00 00 40 49 44 00 20  9e c4 00 00 00 00 6e 00  |...@ID. ......n.|
00000340  00 00 98 00 00 00 03 02  0e 02 ff ff ff ff 0a 00  |................|
00000350  00 00 00 d0 13 45 00 60  c9 c4 00 00 00 00 14 00  |.....E.`........|
00000360  00 00 b7 03 00 00 03 02  0c 04 ff ff ff ff 00 00  |................|
00000370  00 00 00 00 46 43 00 80  01 c4 00 00 00 00 6e 00  |....FC........n.|
00000380  00 00 ec 03 00 00 03 02  2f 01 ff ff ff ff 00 00  |......../.......|
00000390  00 00 00 d0 3e 45 00 c0  e1 44 00 00 00 00 14 00  |....>E...D......|
000003a0  00 00 ec 03 00 00 03 02  2f 01 ff ff ff ff 00 00  |......../.......|
000003b0  00 00 00 30 25 45 00 60  f4 44 00 00 00 00 14 00  |...0%E.`.D......|
000003c0  00 00 ed 03 00 00 03 02  2f 02 ff ff ff ff 00 00  |......../.......|
000003d0  00 00 00 20 34 45 00 00  a7 44 00 00 00 00 14 00  |... 4E...D......|
000003e0  00 00 ed 03 00 00 03 02  2f 02 ff ff ff ff 00 00  |......../.......|
000003f0  00 00 00 80 1a 45 00 a0  b9 44 00 00 00 00 14 00  |.....E...D......|
00000400  00 00 ec 03 00 00 03 02  2f 01 ff ff ff ff 00 00  |......../.......|
00000410  00 00 00 00 38 45 00 80  44 45 00 00 00 00 14 00  |....8E..DE......|
00000420  00 00 ec 03 00 00 03 02  2f 01 ff ff ff ff 00 00  |......../.......|
00000430  00 00 00 e0 24 45 00 70  4b 45 00 00 00 00 14 00  |....$E.pKE......|
00000440  00 00 ed 03 00 00 03 02  2f 02 ff ff ff ff 00 00  |......../.......|
00000450  00 00 00 f0 2d 45 00 e0  26 45 00 00 00 00 14 00  |....-E..&E......|
00000460  00 00 ed 03 00 00 03 02  2f 02 ff ff ff ff 00 00  |......../.......|
00000470  00 00 00 30 1a 45 00 10  2e 45 00 00 00 00 14 00  |...0.E...E......|
00000480  00 00 ec 03 00 00 03 02  2f 01 ff ff ff ff 00 00  |......../.......|
00000490  00 00 00 40 a0 44 00 60  3f c5 00 00 00 00 60 ff  |...@.D.`?.....`.|
000004a0  00 00 ec 03 00 00 03 02  2f 01 ff ff ff ff 00 00  |......../.......|
000004b0  00 00 00 00 5a 44 00 10  36 c5 00 00 00 00 60 ff  |....ZD..6.....`.|
000004c0  00 00 ed 03 00 00 03 02  2f 02 ff ff ff ff 00 00  |......../.......|
000004d0  00 00 00 60 82 44 00 b0  18 c5 00 00 00 00 60 ff  |...`.D........`.|
000004e0  00 00 ed 03 00 00 03 02  2f 02 ff ff ff ff 00 00  |......../.......|
000004f0  00 00 00 a0 b5 44 00 00  22 c5 00 00 00 00 60 ff  |.....D..".....`.|
00000500  00 00 ed 03 00 00 03 02  2f 02 ff ff ff ff 00 00  |......../.......|
00000510  00 00 00 00 e9 43 00 80  29 c5 00 00 00 00 60 ff  |.....C..).....`.|
00000520  00 00 ed 03 00 00 03 02  2f 02 ff ff ff ff 00 00  |......../.......|
00000530  00 00 00 00 41 44 00 70  30 c5 00 00 00 00 60 ff  |....AD.p0.....`.|
00000540  00 00 ec 03 00 00 03 02  2f 01 ff ff ff ff 00 00  |......../.......|
00000550  00 00 00 80 93 43 00 e0  46 c5 00 00 00 00 60 ff  |.....C..F.....`.|
00000560  00 00 ec 03 00 00 03 02  2f 01 ff ff ff ff 00 00  |......../.......|
00000570  00 00 00 40 16 44 00 d0  4d c5 00 00 00 00 60 ff  |...@.D..M.....`.|
00000580  00 00 52 03 00 00 03 02  18 06 ff ff ff ff 00 00  |..R.............|
00000590  00 00 00 e0 1a 45 00 d0  2a 45 00 00 00 00 5a 00  |.....E..*E....Z.|
000005a0  00 00 53 03 00 00 03 02  18 05 ff ff ff ff 00 00  |..S.............|
000005b0  00 00 00 40 06 45 00 40  e4 44 00 00 00 00 5a 00  |...@.E.@.D....Z.|
000005c0  00 00 f3 06 00 00 03 02  18 04 ff ff ff ff 00 00  |................|
000005d0  00 00 00 20 e3 44 00 c0  65 44 00 00 00 00 5a 00  |... .D..eD....Z.|
000005e0  00 00 f3 06 00 00 03 02  18 04 ff ff ff ff 00 00  |................|
000005f0  00 00 00 a0 90 44 00 c0  5f c4 00 00 00 00 b0 ff  |.....D.._.......|
00000600  00 00 53 03 00 00 03 02  18 05 ff ff ff ff 00 00  |..S.............|
00000610  00 00 00 c0 4e 44 00 20  e1 c4 00 00 00 00 b0 ff  |....ND. ........|
00000620  00 00 52 03 00 00 03 02  18 06 ff ff ff ff 00 00  |..R.............|
00000630  00 00 00 80 f8 43 00 40  29 c5 00 00 00 00 b0 ff  |.....C.@).......|
00000640  00 00 52 03 00 00 03 02  18 06 ff ff ff ff 00 00  |..R.............|
00000650  00 00 00 60 86 44 00 40  18 c5 00 00 00 00 b3 ff  |...`.D.@........|
00000660  00 00 53 03 00 00 03 02  18 05 ff ff ff ff 00 00  |..S.............|
00000670  00 00 00 c0 ae 44 00 a0  c1 c4 00 00 00 00 b3 ff  |.....D..........|
00000680  00 00 52 03 00 00 03 02  18 06 ff ff ff ff 00 00  |..R.............|
00000690  00 00 00 f0 17 45 00 20  a1 44 00 00 00 00 5a 00  |.....E. .D....Z.|
000006a0  00 00 53 03 00 00 03 02  18 05 ff ff ff ff 00 00  |..S.............|
000006b0  00 00 00 c0 03 45 00 00  c9 43 00 00 00 00 5a 00  |.....E...C....Z.|
000006c0  00 00 09 06 00 00 03 02  18 0c ff ff ff ff 00 00  |................|
000006d0  00 00 00 20 2d 45 00 10  5d 45 00 00 00 00 14 00  |... -E..]E......|
000006e0  00 00 9d 07 00 00 03 02  18 51 ff ff ff ff 00 00  |.........Q......|
000006f0  00 00 00 e0 2c 45 00 50  5c 45 00 00 00 00 60 ff  |....,E.P\E....`.|
00000700  00 00 0a 06 00 00 03 02  18 0d ff ff ff ff 00 00  |................|
00000710  00 00 00 10 07 45 00 20  e9 44 00 00 00 00 14 00  |.....E. .D......|
00000720  00 00 9d 07 00 00 03 02  18 51 ff ff ff ff 00 00  |.........Q......|
00000730  00 00 00 d0 06 45 00 80  e7 44 00 00 00 00 60 ff  |.....E...D....`.|
00000740  00 00 0b 06 00 00 03 02  18 0e ff ff ff ff 00 00  |................|
00000750  00 00 00 e0 a3 44 00 00  ec c3 00 00 00 00 14 00  |.....D..........|
00000760  00 00 9d 07 00 00 03 02  18 51 ff ff ff ff 00 00  |.........Q......|
00000770  00 00 00 60 a3 44 00 00  f2 c3 00 00 00 00 60 ff  |...`.D........`.|
00000780  00 00 0c 06 00 00 03 02  18 0f ff ff ff ff 00 00  |................|
00000790  00 00 00 00 23 44 00 a0  0e c5 00 00 00 00 14 00  |....#D..........|
000007a0  00 00 9d 07 00 00 03 02  18 51 ff ff ff ff 00 00  |.........Q......|
000007b0  00 00 00 00 22 44 00 60  0f c5 00 00 00 00 60 ff  |...."D.`......`.|
000007c0  00 00 0d 06 00 00 03 02  18 10 ff ff ff ff 00 00  |................|
000007d0  00 00 00 80 fb 43 00 40  28 c5 00 00 00 00 14 00  |.....C.@(.......|
000007e0  00 00 9d 07 00 00 03 02  18 51 ff ff ff ff 00 00  |.........Q......|
000007f0  00 00 00 00 f9 43 00 10  29 c5 00 00 00 00 60 ff  |.....C..).....`.|
00000800  00 00 0e 06 00 00 03 02  18 11 ff ff ff ff 00 00  |................|
00000810  00 00 00 00 1e 43 00 80  63 c5 00 00 00 00 14 00  |.....C..c.......|
00000820  00 00 9d 07 00 00 03 02  18 51 ff ff ff ff 00 00  |.........Q......|
00000830  00 00 00 00 19 43 00 50  64 c5 00 00 00 00 60 ff  |.....C.Pd.....`.|
00000840  00 00 0a 06 00 00 03 02  18 0d ff ff ff ff 00 00  |................|
00000850  00 00 00 90 21 45 00 40  d6 44 00 00 00 00 14 00  |....!E.@.D......|
00000860  00 00 9c 07 00 00 03 02  18 50 ff ff ff ff 00 00  |.........P......|
00000870  00 00 00 50 21 45 00 a0  d4 44 00 00 00 00 60 ff  |...P!E...D....`.|
00000880  00 00 0b 06 00 00 03 02  18 0e ff ff ff ff 00 00  |................|
00000890  00 00 00 e0 d8 44 00 c0  1b c4 00 00 00 00 14 00  |.....D..........|
000008a0  00 00 9c 07 00 00 03 02  18 50 ff ff ff ff 00 00  |.........P......|
000008b0  00 00 00 60 d8 44 00 c0  1e c4 00 00 00 00 60 ff  |...`.D........`.|
000008c0  00 00 0c 06 00 00 03 02  18 0f ff ff ff ff 00 00  |................|
000008d0  00 00 00 c0 86 44 00 c0  17 c5 00 00 00 00 14 00  |.....D..........|
000008e0  00 00 9c 07 00 00 03 02  18 50 ff ff ff ff 00 00  |.........P......|
000008f0  00 00 00 20 86 44 00 90  18 c5 00 00 00 00 60 ff  |... .D........`.|
00000900  00 00 0d 06 00 00 03 02  18 10 ff ff ff ff 00 00  |................|
00000910  00 00 00 c0 67 44 00 a0  31 c5 00 00 00 00 14 00  |....gD..1.......|
00000920  00 00 9c 07 00 00 03 02  18 50 ff ff ff ff 00 00  |.........P......|
00000930  00 00 00 c0 66 44 00 60  32 c5 00 00 00 00 60 ff  |....fD.`2.....`.|
00000940  00 00 0a 06 00 00 03 02  18 0d ff ff ff ff 00 00  |................|
00000950  00 00 00 a0 3a 45 00 c0  d4 44 00 00 00 00 14 00  |....:E...D......|
00000960  00 00 8b 07 00 00 03 02  18 3f ff ff ff ff 00 00  |.........?......|
00000970  00 00 00 e0 3a 45 00 40  d6 44 00 00 00 00 14 00  |....:E.@.D......|
00000980  00 00 0b 06 00 00 03 02  18 0e ff ff ff ff 00 00  |................|
00000990  00 00 00 a0 05 45 00 80  1c c4 00 00 00 00 14 00  |.....E..........|
000009a0  00 00 8b 07 00 00 03 02  18 3f ff ff ff ff 00 00  |.........?......|
000009b0  00 00 00 f0 05 45 00 80  19 c4 00 00 00 00 14 00  |.....E..........|
000009c0  00 00 0c 06 00 00 03 02  18 0f ff ff ff ff 00 00  |................|
000009d0  00 00 00 e0 b8 44 00 60  18 c5 00 00 00 00 14 00  |.....D.`........|
000009e0  00 00 8b 07 00 00 03 02  18 3f ff ff ff ff 00 00  |.........?......|
000009f0  00 00 00 60 b9 44 00 a0  17 c5 00 00 00 00 14 00  |...`.D..........|
00000a00  00 00 0d 06 00 00 03 02  18 10 ff ff ff ff 00 00  |................|
00000a10  00 00 00 00 a6 44 00 50  32 c5 00 00 00 00 14 00  |.....D.P2.......|
00000a20  00 00 8b 07 00 00 03 02  18 3f ff ff ff ff 00 00  |.........?......|
00000a30  00 00 00 80 a6 44 00 90  31 c5 00 00 00 00 14 00  |.....D..1.......|
00000a40  00 00 0a 06 00 00 03 02  18 0d ff ff ff ff 00 00  |................|
00000a50  00 00 00 c0 19 45 00 00  ed 44 00 00 00 00 14 00  |.....E...D......|
00000a60  00 00 8a 07 00 00 03 02  18 3e ff ff ff ff 00 00  |.........>......|
00000a70  00 00 00 10 1a 45 00 a0  ee 44 00 00 00 00 14 00  |.....E...D......|
00000a80  00 00 0b 06 00 00 03 02  18 0e ff ff ff ff 00 00  |................|
00000a90  00 00 00 40 c9 44 00 00  dc c3 00 00 00 00 14 00  |...@.D..........|
00000aa0  00 00 8a 07 00 00 03 02  18 3e ff ff ff ff 00 00  |.........>......|
00000ab0  00 00 00 e0 c9 44 00 80  d5 c3 00 00 00 00 14 00  |.....D..........|
00000ac0  00 00 0c 06 00 00 03 02  18 0f ff ff ff ff 00 00  |................|
00000ad0  00 00 00 00 6e 44 00 90  0c c5 00 00 00 00 14 00  |....nD..........|
00000ae0  00 00 8a 07 00 00 03 02  18 3e ff ff ff ff 00 00  |.........>......|
00000af0  00 00 00 00 6f 44 00 d0  0b c5 00 00 00 00 14 00  |....oD..........|
00000b00  00 00 0d 06 00 00 03 02  18 10 ff ff ff ff 00 00  |................|
00000b10  00 00 00 40 48 44 00 70  26 c5 00 00 00 00 14 00  |...@HD.p&.......|
00000b20  00 00 8a 07 00 00 03 02  18 3e ff ff ff ff 00 00  |.........>......|
00000b30  00 00 00 40 49 44 00 b0  25 c5 00 00 00 00 14 00  |...@ID..%.......|
00000b40  00 00 10 06 00 00 03 02  18 2c ff ff ff ff 00 00  |.........,......|
00000b50  00 00 00 c0 c8 44 00 a0  ff 44 00 00 00 00 ba ff  |.....D...D......|
00000b60  00 00 6a 00 00 00 03 02  18 19 ff ff ff ff 00 00  |..j.............|
00000b70  00 00 00 e0 de 44 00 60  f9 44 00 00 00 00 60 ff  |.....D.`.D....`.|
00000b80  00 00 16 06 00 00 03 02  18 02 ff ff ff ff 00 00  |................|
00000b90  00 00 00 40 69 44 00 00  ab c3 00 00 00 00 60 ff  |...@iD........`.|
00000ba0  00 00 12 06 00 00 03 02  18 15 ff ff ff ff 00 00  |................|
00000bb0  00 00 00 00 12 43 00 00  fd c4 00 00 00 00 ba ff  |.....C..........|
00000bc0  00 00 11 06 00 00 03 02  18 14 ff ff ff ff 00 00  |................|
00000bd0  00 00 00 c0 4c 44 00 00  fc c2 00 00 00 00 6e 00  |....LD........n.|
00000be0  00 00 17 06 00 00 03 02  18 1a ff ff ff ff 00 00  |................|
00000bf0  00 00 00 60 10 45 00 40  2a c4 00 00 00 00 14 00  |...`.E.@*.......|
00000c00  00 00 13 06 00 00 03 02  18 16 ff ff ff ff 00 00  |................|
00000c10  00 00 00 00 20 c1 00 50  18 c5 00 00 00 00 ba ff  |.... ..P........|
00000c20  00 00 14 06 00 00 03 02  18 17 ff ff ff ff 00 00  |................|
00000c30  00 00 00 00 b2 c3 00 70  53 c5 00 00 00 00 ba ff  |.......pS.......|
00000c40  00 00 49 00 00 00 03 02  18 01 ff ff ff ff 00 00  |..I.............|
00000c50  00 00 00 40 be 44 00 70  34 c5 00 00 00 00 ba ff  |...@.D.p4.......|
00000c60  00 00 15 06 00 00 03 02  18 18 ff ff ff ff 00 00  |................|
00000c70  00 00 00 c0 d0 44 00 d0  1a c5 00 00 00 00 ba ff  |.....D..........|
00000c80  00 00 4f 07 00 00 03 02  2e 08 ff ff ff ff 00 00  |..O.............|
00000c90  00 00 00 80 62 44 00 40  83 44 00 00 00 00 00 00  |....bD.@.D......|
00000ca0  00 00 f6 07 00 00 03 02  40 01 ff ff ff ff 00 00  |........@.......|
00000cb0  00 00 00 00 f0 42 00 80  c6 43 00 00 00 00 a5 00  |.....B...C......|
00000cc0  00 00 fa 07 00 00 03 02  40 02 ff ff ff ff 00 00  |........@.......|
00000cd0  00 00 00 80 32 44 00 00  0c c3 00 00 00 00 00 00  |....2D..........|
00000ce0  00 00 fc 07 00 00 03 02  40 05 ff ff ff ff 00 00  |........@.......|
00000cf0  00 00 00 00 91 43 00 00  08 c2 00 00 00 00 00 00  |.....C..........|
00000d00  00 00 fb 07 00 00 03 02  40 04 ff ff ff ff 00 00  |........@.......|
00000d10  00 00 00 00 cc 43 00 00  7f 43 00 00 00 00 79 ff  |.....C...C....y.|
00000d20  00 00 fb 07 00 00 03 02  40 04 ff ff ff ff 00 00  |........@.......|
00000d30  00 00 00 80 79 44 00 00  c3 44 00 00 00 00 78 00  |....yD...D....x.|
00000d40  00 00 fc 07 00 00 03 02  40 05 ff ff ff ff 00 00  |........@.......|
00000d50  00 00 00 80 a7 44 00 a0  03 45 00 00 00 00 00 00  |.....D...E......|
00000d60  00 00 fa 07 00 00 03 02  40 02 ff ff ff ff 00 00  |........@.......|
00000d70  00 00 00 00 94 44 00 00  be 44 00 00 00 00 00 00  |.....D...D......|
00000d80  00 00 f6 07 00 00 03 02  40 01 ff ff ff ff 00 00  |........@.......|
00000d90  00 00 00 00 8d 44 00 80  05 45 00 00 00 00 00 00  |.....D...E......|
00000da0  00 00 83 05 00 00 03 02  0b 1c ff ff ff ff 32 00  |..............2.|
00000db0  00 00 00 00 00 00 00 60  18 c5 00 00 00 00 b4 00  |.......`........|
00000dc0  00 00 83 05 00 00 03 02  0b 1c ff ff ff ff 32 00  |..............2.|
00000dd0  00 00 00 00 00 00 00 00  59 c4 00 00 00 00 00 00  |........Y.......|
00000de0  00 00 82 05 00 00 03 02  0b 29 03 ff ff ff 05 00  |.........)......|
00000df0  00 00 00 00 00 00 00 e0  4e c5 00 00 00 00 b4 00  |........N.......|
00000e00  00 00 82 05 00 00 03 02  0b 29 03 ff ff ff 05 00  |.........)......|
00000e10  00 00 00 00 00 00 00 00  a0 40 00 00 00 00 00 00  |.........@......|
00000e20  00 00 ac 06 00 00 03 02  1e 01 ff ff ff ff 00 00  |................|
00000e30  00 00 00 00 de 42 00 50  45 c5 00 00 00 00 00 00  |.....B.PE.......|
00000e40  00 00 ac 06 00 00 03 02  1e 01 ff ff ff ff 00 00  |................|
00000e50  00 00 00 00 de c2 00 00  14 c3 00 00 00 00 b4 00  |................|
00000e60  00 00 4d 02 00 00 03 02  23 01 ff ff ff ff 00 00  |..M.....#.......|
00000e70  00 00 00 00 19 c3 00 00  8d c4 00 00 00 00 5a 00  |..............Z.|
00000e80  00 00 c0 01 00 00 03 02  1c 02 ff ff ff ff 0f 00  |................|
00000e90  00 00 00 00 55 c3 00 80  fe 43 00 00 00 00 5a 00  |....U....C....Z.|
00000ea0  00 00 59 03 00 00 03 02  22 03 ff ff ff ff 00 00  |..Y.....".......|
00000eb0  00 00 00 00 3f c3 00 80  73 c4 00 00 00 00 5a 00  |....?...s.....Z.|
00000ec0  00 00 59 03 00 00 03 02  22 03 ff ff ff ff 00 00  |..Y.....".......|
00000ed0  00 00 00 00 1f c3 00 c0  71 c4 00 00 00 00 5a 00  |........q.....Z.|
00000ee0  00 00 59 03 00 00 03 02  22 03 ff ff ff ff 00 00  |..Y.....".......|
00000ef0  00 00 00 00 fc c2 00 40  70 c4 00 00 00 00 5a 00  |.......@p.....Z.|
00000f00  00 00 87 05 00 00 03 02  02 04 ff ff ff ff 0f 00  |................|
00000f10  00 00 00 00 00 c3 00 c0  57 c4 00 00 00 00 5a 00  |........W.....Z.|
00000f20  00 00 72 02 00 00 03 02  1d 02 ff ff ff ff 00 00  |..r.............|
00000f30  00 00 00 00 96 c3 00 00  60 c4 00 00 00 00 5a 00  |........`.....Z.|
00000f40  00 00 65 03 00 00 03 02  23 02 ff ff ff ff 0a 00  |..e.....#.......|
00000f50  00 00 00 00 d8 41 00 80  8c 43 00 00 00 00 00 00  |.....A...C......|
00000f60  00 00 65 03 00 00 03 02  23 02 ff ff ff ff 0a 00  |..e.....#.......|
00000f70  00 00 00 00 00 00 00 00  00 00 00 00 00 00 00 00  |................|
00000f80  00 00 65 03 00 00 03 02  23 02 ff ff ff ff 0a 00  |..e.....#.......|
00000f90  00 00 00 00 3c 42 00 00  17 43 00 00 00 00 00 00  |....<B...C......|
00000fa0  00 00 65 03 00 00 03 02  23 02 ff ff ff ff 0a 00  |..e.....#.......|
00000fb0  00 00 00 00 88 41 00 00  c6 c2 00 00 00 00 00 00  |.....A..........|
00000fc0  00 00 65 03 00 00 03 02  23 02 ff ff ff ff 0a 00  |..e.....#.......|
00000fd0  00 00 00 00 88 41 00 00  51 c3 00 00 00 00 00 00  |.....A..Q.......|
00000fe0  00 00 68 05 00 00 03 02  3b 02 ff ff ff ff 0a 00  |..h.....;.......|
00000ff0  00 00 00 00 b8 43 00 00  a6 42 00 00 00 00 3c 00  |.....C...B....<.|
00001000  00 00 ca 01 00 00 03 02  0a 04 ff ff ff ff 19 00  |................|
00001010  00 00 00 80 b0 43 00 00  f1 c3 00 00 00 00 d3 ff  |.....C..........|
00001020  00 00 fb 03 00 00 03 02  39 01 ff ff ff ff 19 00  |........9.......|
00001030  00 00 00 00 19 c4 00 00  f3 c3 00 00 00 00 4c ff  |..............L.|
00001040  00 00 d4 01 00 00 03 02  0d 01 ff ff ff ff 05 00  |................|
00001050  00 00 00 00 cd c3 00 00  96 43 00 00 00 00 00 00  |.........C......|
00001060  00 00 d4 01 00 00 03 02  0d 01 ff ff ff ff 0a 00  |................|
00001070  00 00 00 00 b9 c3 00 00  16 c3 00 00 00 00 00 00  |................|
00001080  00 00 fd 02 00 00 03 02  1c 07 ff ff ff ff 14 00  |................|
00001090  00 00 00 00 7e c4 00 00  98 c1 00 00 00 00 d3 ff  |....~...........|
000010a0  00 00 ba 02 00 00 03 02  01 01 ff ff ff ff 00 00  |................|
000010b0  00 00 00 00 00 00 00 00  00 00 00 00 00 00 00 00  |................|
000010c0  00 00 a7 03 08 00 03 02  10 06 ff ff ff ff 64 00  |..............d.|
000010d0  00 00 00 00 50 c1 00 00  88 c1 00 00 00 00 00 00  |....P...........|
000010e0  00 00 00 04 06 00 03 02  10 0d ff ff ff ff 64 00  |..............d.|
000010f0  00 00 00 00 50 c1 00 e0  ca 44 00 00 00 00 00 00  |....P....D......|
00001100  00 00 00 04 06 00 03 02  10 0d ff ff ff ff 64 00  |..............d.|
00001110  00 00 00 00 50 c1 00 c0  7f 44 00 00 00 00 00 00  |....P....D......|
00001120  00 00 00 04 06 00 03 02  10 0d ff ff ff ff 64 00  |..............d.|
00001130  00 00 00 00 50 c1 00 80  d3 43 00 00 00 00 00 00  |....P....C......|
00001140  00 00 02 04 03 00 03 02  10 0f ff ff ff ff 64 00  |..............d.|
00001150  00 00 00 00 50 c1 00 60  22 45 00 00 00 00 4c ff  |....P..`"E....L.|
00001160  00 00 41 04 06 00 03 02  10 11 ff ff ff ff 64 00  |..A...........d.|
00001170  00 00 00 00 50 c1 00 c0  2b 45 00 00 00 00 4c ff  |....P...+E....L.|
00001180  00 00 41 04 09 00 03 02  10 11 ff ff ff ff 64 00  |..A...........d.|
00001190  00 00 00 00 50 c1 00 20  35 45 00 00 00 00 00 00  |....P.. 5E......|
000011a0  00 00 02 04 03 00 03 02  10 0f ff ff ff ff 64 00  |..............d.|
000011b0  00 00 00 00 50 c1 00 80  3e 45 00 00 00 00 00 00  |....P...>E......|
000011c0  00 00 a7 03 04 00 03 02  10 06 ff ff ff ff 64 00  |..............d.|
000011d0  00 00 00 00 50 c1 00 f0  4b 45 00 00 00 00 4c ff  |....P...KE....L.|
000011e0  00 00 02 04 00 00 03 02  10 0f ff ff ff ff 64 00  |..............d.|
000011f0  00 00 00 00 50 c1 00 00  22 44 00 00 00 00 00 00  |....P..."D......|
00001200  00 00 41 04 00 00 03 02  10 11 ff ff ff ff 64 00  |..A...........d.|
00001210  00 00 00 00 50 c1 00 00  f9 43 00 00 00 00 00 00  |....P....C......|
00001220  00 00 41 04 00 00 03 02  10 11 ff ff ff ff 64 00  |..A...........d.|
00001230  00 00 00 00 50 c1 00 00  ae 43 00 00 00 00 4c ff  |....P....C....L.|
00001240  00 00 02 04 00 00 03 02  10 0f ff ff ff ff 64 00  |..............d.|
00001250  00 00 00 00 50 c1 00 00  46 43 00 00 00 00 4c ff  |....P...FC....L.|
00001260  00 00 3a 05 00 00 03 02  3c 0b ff ff ff ff 00 00  |..:.....<.......|
00001270  00 00 00 a0 80 c4 00 80  6b c4 00 00 00 00 00 00  |........k.......|
00001280  00 00 3a 05 00 00 03 02  3c 0b ff ff ff ff 00 00  |..:.....<.......|
00001290  00 00 00 00 52 c4 00 c0  6b c4 00 00 00 00 00 00  |....R...k.......|
000012a0  00 00 3a 05 00 00 03 02  3c 0b ff ff ff ff 00 00  |..:.....<.......|
000012b0  00 00 00 80 39 c4 00 80  65 c4 00 00 00 00 a6 ff  |....9...e.......|
000012c0  00 00 f8 04 00 00 03 02  3c 07 ff ff ff ff 00 00  |........<.......|
000012d0  00 00 00 a0 9c c4 00 00  c2 c4 00 00 00 00 00 00  |................|
000012e0  00 00 f8 04 00 00 03 02  3c 07 ff ff ff ff 00 00  |........<.......|
000012f0  00 00 00 40 34 c4 00 00  c2 c4 00 00 00 00 00 00  |...@4...........|
00001300  00 00 f8 04 00 00 03 02  3c 07 ff ff ff ff 00 00  |........<.......|
00001310  00 00 00 00 fc c3 00 a0  9a c4 00 00 00 00 a6 ff  |................|
00001320  00 00 f8 04 00 00 03 02  3c 07 ff ff ff ff 00 00  |........<.......|
00001330  00 00 00 c0 61 c4 00 a0  9a c4 00 00 00 00 a6 ff  |....a...........|
00001340  00 00 3a 05 00 00 03 02  3c 0b ff ff ff ff 00 00  |..:.....<.......|
00001350  00 00 00 c0 ba c4 00 20  ac c4 00 00 00 00 a6 ff  |....... ........|
00001360  00 00 41 05 00 00 03 02  1d 03 ff ff ff ff 00 00  |..A.............|
00001370  00 00 00 40 1b c4 00 00  0a c4 00 00 00 00 00 00  |...@............|
00001380  00 00 f1 04 00 00 03 02  3c 02 ff ff ff ff 0a 00  |........<.......|
00001390  00 00 00 80 c4 c4 00 80  bb c4 00 00 00 00 00 00  |................|
000013a0  00 00 37 05 00 00 03 02  3c 08 ff ff ff ff 14 00  |..7.....<.......|
000013b0  00 00 00 40 20 c4 00 40  84 c4 00 00 00 00 a6 ff  |...@ ..@........|
000013c0  00 00 38 05 00 00 03 02  3c 09 ff ff ff ff 14 00  |..8.....<.......|
000013d0  00 00 00 00 a7 c4 00 40  55 c4 00 00 00 00 a6 ff  |.......@U.......|
000013e0  00 00 39 05 00 00 03 02  3c 0a ff ff ff ff 14 00  |..9.....<.......|
000013f0  00 00 00 40 81 c4 00 00  65 c4 00 00 00 00 a6 ff  |...@....e.......|
00001400  00 00 3b 05 00 00 03 02  3c 0c ff ff ff ff 00 00  |..;.....<.......|
00001410  00 00 00 e0 bc c4 00 40  2d c4 00 00 00 00 00 00  |.......@-.......|
00001420  00 00 3c 05 00 00 03 02  3c 0d ff ff ff ff 00 00  |..<.....<.......|
00001430  00 00 00 c0 ab c4 00 00  28 c4 00 00 00 00 00 00  |........(.......|
00001440  00 00 42 05 00 00 03 02  1d 04 ff ff ff ff 00 00  |..B.............|
00001450  00 00 00 00 89 c3 00 40  b2 c4 00 00 00 00 00 00  |.......@........|
00001460  00 00 43 05 00 00 03 02  3c 0e ff ff ff ff 00 00  |..C.....<.......|
00001470  00 00 00 00 59 c4 00 00  bc c4 00 00 00 00 a6 ff  |....Y...........|
00001480  00 00 43 05 00 00 03 02  3c 0e ff ff ff ff 00 00  |..C.....<.......|
00001490  00 00 00 c0 31 c4 00 00  88 c4 00 00 00 00 a6 ff  |....1...........|
000014a0  00 00 43 05 00 00 03 02  3c 0e ff ff ff ff 00 00  |..C.....<.......|
000014b0  00 00 00 a0 90 c4 00 40  26 c4 00 00 00 00 00 00  |.......@&.......|
000014c0  00 00 45 05 00 00 03 02  3c 10 ff ff ff ff 00 00  |..E.....<.......|
000014d0  00 00 00 20 97 c4 00 80  2f c4 00 00 00 00 00 00  |... ..../.......|
000014e0  00 00 45 05 00 00 03 02  3c 10 ff ff ff ff 00 00  |..E.....<.......|
000014f0  00 00 00 00 6e c4 00 e0  bb c4 00 00 00 00 a6 ff  |....n...........|
00001500  00 00 45 05 00 00 03 02  3c 10 ff ff ff ff 00 00  |..E.....<.......|
00001510  00 00 00 c0 2e c4 00 80  7a c4 00 00 00 00 a6 ff  |........z.......|
00001520  00 00 45 05 00 00 03 02  3c 10 ff ff ff ff 00 00  |..E.....<.......|
00001530  00 00 00 60 90 c4 00 80  76 c4 00 00 00 00 a6 ff  |...`....v.......|
00001540  00 00 44 05 00 00 03 02  3c 0f ff ff ff ff 05 00  |..D.....<.......|
00001550  00 00 00 a0 bd c4 00 40  9d c4 00 00 00 00 a6 ff  |.......@........|
00001560  00 00 44 05 00 00 03 02  3c 0f ff ff ff ff 05 00  |..D.....<.......|
00001570  00 00 00 60 bf c4 00 40  90 c4 00 00 00 00 a6 ff  |...`...@........|
00001580  00 00 3e 05 00 00 03 02  0e 03 ff ff ff ff 05 00  |..>.............|
00001590  00 00 00 40 87 c4 00 a0  a6 c4 00 00 00 00 00 00  |...@............|
000015a0  00 00 3e 05 00 00 03 02  0e 03 ff ff ff ff 05 00  |..>.............|
000015b0  00 00 00 80 b1 c3 00 00  4e c4 00 00 00 00 a6 ff  |........N.......|
000015c0  00 00 3f 05 00 00 03 02  0e 04 ff ff ff ff 00 00  |..?.............|
000015d0  00 00 00 80 37 c4 00 a0  ab c4 00 00 00 00 00 00  |....7...........|
000015e0  00 00 3f 05 00 00 03 02  0e 04 ff ff ff ff 00 00  |..?.............|
000015f0  00 00 00 40 2b c4 00 c0  9d c4 00 00 00 00 00 00  |...@+...........|
00001600  00 00 3f 05 00 00 03 02  0e 04 ff ff ff ff 00 00  |..?.............|
00001610  00 00 00 00 54 c3 00 40  77 c4 00 00 00 00 00 00  |....T..@w.......|
00001620  00 00 3f 05 00 00 03 02  0e 04 ff ff ff ff 00 00  |..?.............|
00001630  00 00 00 80 a7 c3 00 80  8d c4 00 00 00 00 a6 ff  |................|
00001640  00 00 40 05 00 00 03 02  0e 05 ff ff ff ff 0a 00  |..@.............|
00001650  00 00 00 00 48 c4 00 40  26 c4 00 00 00 00 a6 ff  |....H..@&.......|
00001660  00 00 40 05 00 00 03 02  0e 05 ff ff ff ff 05 00  |..@.............|
00001670  00 00 00 40 27 c4 00 40  3a c4 00 00 00 00 a6 ff  |...@'..@:.......|
00001680  00 00 79 03 00 00 03 02  15 04 ff ff ff ff 00 00  |..y.............|
00001690  00 00 00 80 ed 44 00 20  2b 45 00 00 00 00 00 00  |.....D. +E......|
000016a0  00 00 75 03 00 00 03 02  3b 19 ff ff ff ff 00 00  |..u.....;.......|
000016b0  00 00 00 00 ff 44 00 20  2d c5 00 00 00 00 a6 ff  |.....D. -.......|
000016c0  00 00 9f 03 00 00 03 02  3b 09 ff ff ff ff 00 00  |........;.......|
000016d0  00 00 00 00 4d 44 00 60  5b c5 00 00 00 00 00 00  |....MD.`[.......|
000016e0  00 00 76 03 00 00 03 02  3b 1a ff ff ff ff 00 00  |..v.....;.......|
000016f0  00 00 00 60 33 c5 00 c0  32 c5 00 00 00 00 a6 ff  |...`3...2.......|
00001700  00 00 c2 03 00 00 03 02  3b 1c ff ff ff ff 00 00  |........;.......|
00001710  00 00 00 80 e8 c4 00 00  70 44 00 00 00 00 00 00  |........pD......|
00001720  00 00 a2 03 00 00 03 02  2a 01 ff ff ff ff 00 00  |........*.......|
00001730  00 00 00 80 e9 43 00 40  27 c4 00 00 00 00 00 00  |.....C.@'.......|
00001740  00 00 ba 01 00 00 03 02  3b 04 ff ff ff ff 00 00  |........;.......|
00001750  00 00 00 c0 23 c4 00 00  8a c3 00 00 00 00 00 00  |....#...........|
00001760  00 00 9f 03 00 00 03 02  3b 09 ff ff ff ff 00 00  |........;.......|
00001770  00 00 00 00 b9 c4 00 e0  08 c5 00 00 00 00 00 00  |................|
00001780  00 00 9c 03 00 00 03 02  3b 06 ff ff ff ff 00 00  |........;.......|
00001790  00 00 00 60 c2 44 00 10  10 c5 00 00 00 00 00 00  |...`.D..........|
000017a0  00 00 55 00 00 00 03 02  3b 01 ff ff ff ff 00 00  |..U.....;.......|
000017b0  00 00 00 00 9d c3 00 c0  af c4 00 00 00 00 00 00  |................|
000017c0  00 00 17 04 00 00 03 02  3b 1d ff ff ff ff 00 00  |........;.......|
000017d0  00 00 00 c0 8f 44 00 00  f0 41 00 00 00 00 00 00  |.....D...A......|
000017e0  00 00 79 03 00 00 03 02  15 04 ff ff ff ff 00 00  |..y.............|
000017f0  00 00 00 20 e0 44 00 00  02 43 00 00 00 00 a6 ff  |... .D...C......|
00001800  00 00 a4 03 00 00 03 02  3b 12 ff ff ff ff 00 00  |........;.......|
00001810  00 00 00 00 19 c3 00 a0  ec c4 00 00 00 00 a6 ff  |................|
00001820  00 00 74 03 00 00 03 02  3b 18 ff ff ff ff 00 00  |..t.....;.......|
00001830  00 00 00 00 f0 42 00 00  e6 44 00 00 00 00 5a 00  |.....B...D....Z.|
00001840  00 00 72 03 00 00 03 02  3b 16 ff ff ff ff 00 00  |..r.....;.......|
00001850  00 00 00 c0 9e 44 00 00  43 c4 00 00 00 00 5a 00  |.....D..C.....Z.|
00001860  00 00 9f 03 00 00 03 02  3b 09 ff ff ff ff 00 00  |........;.......|
00001870  00 00 00 00 a5 c3 00 00  b9 44 00 00 00 00 00 00  |.........D......|
00001880  00 00 08 00 00 00 03 02  3b 05 ff ff ff ff 00 00  |........;.......|
00001890  00 00 00 00 96 c3 00 00  dc 43 00 00 00 00 00 00  |.........C......|
000018a0  00 00 9c 03 00 00 03 02  3b 06 ff ff ff ff 00 00  |........;.......|
000018b0  00 00 00 00 52 43 00 c0  85 c4 00 00 00 00 a6 ff  |....RC..........|
000018c0  00 00 55 00 00 00 03 02  3b 01 ff ff ff ff 00 00  |..U.....;.......|
000018d0  00 00 00 00 3e 43 00 00  02 44 00 00 00 00 00 00  |....>C...D......|
000018e0  00 00 71 03 00 00 03 02  3b 15 ff ff ff ff 00 00  |..q.....;.......|
000018f0  00 00 00 00 91 43 00 00  00 00 00 00 00 00 a6 ff  |.....C..........|
00001900  00 00 75 03 00 00 03 02  3b 19 ff ff ff ff 00 00  |..u.....;.......|
00001910  00 00 00 c0 bc 44 00 80  f2 44 00 00 00 00 a6 ff  |.....D...D......|
00001920  00 00 74 03 00 00 03 02  3b 18 ff ff ff ff 00 00  |..t.....;.......|
00001930  00 00 00 40 b5 c4 00 40  e7 44 00 00 00 00 a6 ff  |...@...@.D......|
00001940  00 00 72 03 00 00 03 02  3b 16 ff ff ff ff 00 00  |..r.....;.......|
00001950  00 00 00 a0 2f c5 00 80  31 c4 00 00 00 00 a6 ff  |..../...1.......|
00001960  00 00 c2 03 00 00 03 02  3b 1c ff ff ff ff 00 00  |........;.......|
00001970  00 00 00 c0 2d 45 00 00  16 43 00 00 00 00 a6 ff  |....-E...C......|
00001980  00 00 78 03 00 00 03 02  15 03 ff ff ff ff 00 00  |..x.............|
00001990  00 00 00 20 f8 44 00 40  58 44 00 00 00 00 a6 ff  |... .D.@XD......|
000019a0  00 00 78 03 00 00 03 02  15 03 ff ff ff ff 00 00  |..x.............|
000019b0  00 00 00 30 09 45 00 40  71 44 00 00 00 00 a6 ff  |...0.E.@qD......|
000019c0  00 00 78 03 00 00 03 02  15 03 ff ff ff ff 00 00  |..x.............|
000019d0  00 00 00 b0 15 45 00 c0  5a 44 00 00 00 00 a6 ff  |.....E..ZD......|
000019e0  00 00 78 03 00 00 03 02  15 03 ff ff ff ff 00 00  |..x.............|
000019f0  00 00 00 a0 dc 44 00 c0  6e 44 00 00 00 00 a6 ff  |.....D..nD......|
00001a00  00 00 30 02 00 00 03 02  1d 01 ff ff ff ff 32 00  |..0...........2.|
00001a10  00 00 00 00 00 00 00 00  48 42 00 00 00 00 00 00  |........HB......|
00001a20  00 00 72 02 00 00 03 02  1d 02 ff ff ff ff 32 00  |..r...........2.|
00001a30  00 00 00 00 48 42 00 00  00 00 00 00 00 00 00 00  |....HB..........|
00001a40  00 00 c4 01 00 00 03 02  0a 03 ff ff ff ff 64 00  |..............d.|
00001a50  00 00 00 00 00 00 00 00  00 00 00 00 00 00 00 00  |................|
00001a60  00 00 13 05 00 00 03 02  06 11 ff ff ff ff 00 00  |................|
00001a70  00 00 00 00 70 43 00 00  50 c2 00 00 00 00 e2 ff  |....pC..P.......|
00001a80  00 00 57 05 00 00 03 02  06 15 ff ff ff ff 14 00  |..W.............|
00001a90  00 00 00 00 6b c3 00 00  46 c4 00 00 00 00 c4 ff  |....k...F.......|
00001aa0  00 00 f7 03 00 00 03 02  0c 05 ff ff ff ff 00 00  |................|
00001ab0  00 00 00 00 06 44 00 00  12 43 00 00 00 00 00 00  |.....D...C......|
00001ac0  00 00 72 04 00 00 03 02  30 01 ff ff ff ff 05 00  |..r.....0.......|
00001ad0  00 00 00 80 86 c3 00 80  b9 c3 00 00 00 00 00 00  |................|
00001ae0  00 00 11 05 00 00 03 02  06 0f ff ff ff ff 00 00  |................|
00001af0  00 00 00 40 22 c4 00 00  70 c2 00 00 00 00 79 ff  |...@"...p.....y.|
00001b00  00 00 10 05 00 00 03 02  06 0e ff ff ff ff 14 00  |................|
00001b10  00 00 00 00 26 43 00 00  e0 43 00 00 00 00 1e 00  |....&C...C......|
00001b20  00 00 72 04 00 00 03 02  30 01 ff ff ff ff 05 00  |..r.....0.......|
00001b30  00 00 00 80 b2 c3 00 c0  10 c4 00 00 00 00 00 00  |................|
00001b40  00 00 14 05 00 00 03 02  06 12 ff ff ff ff 0a 00  |................|
00001b50  00 00 00 00 ca c3 00 00  60 c3 00 00 00 00 00 00  |........`.......|
00001b60  00 00 70 02 00 00 03 02  06 03 ff ff ff ff 32 00  |..p...........2.|
00001b70  00 00 00 40 36 c4 00 40  28 c4 00 00 00 00 1e 00  |...@6..@(.......|
00001b80  00 00 31 00 00 00 03 02  19 01 ff ff ff ff 64 00  |..1...........d.|
00001b90  00 00 00 00 00 00 00 00  00 00 00 00 00 00 00 00  |................|
00001ba0  00 00 c2 01 00 00 03 02  04 02 ff ff ff ff 1e 00  |................|
00001bb0  00 00 00 00 48 42 00 00  48 42 00 00 00 00 00 00  |....HB..HB......|
00001bc0  00 00 c2 01 00 00 03 02  04 02 ff ff ff ff 1e 00  |................|
00001bd0  00 00 00 00 48 42 00 00  00 00 00 00 00 00 00 00  |....HB..........|
00001be0  00 00 4c 02 00 00 03 02  04 01 ff ff ff ff 1e 00  |..L.............|
00001bf0  00 00 00 00 00 00 00 00  48 42 00 00 00 00 00 00  |........HB......|
00001c00  00 00 4c 02 00 00 03 02  04 01 ff ff ff ff 1e 00  |..L.............|
00001c10  00 00 00 00 00 00 00 00  00 00 00 00 00 00 00 00  |................|
00001c20  00 00 ba 02 00 00 03 02  01 01 ff ff ff ff 00 00  |................|
00001c30  00 00 00 00 00 00 00 00  00 00 00 00 00 00 00 00  |................|
00001c40  00 00 ba 02 00 00 03 02  01 01 ff ff ff ff 00 00  |................|
00001c50  00 00 00 00 00 00 00 00  00 00 00 00 00 00 00 00  |................|
00001c60  00 00 ca 01 00 00 03 02  0a 04 ff ff ff ff 64 00  |..............d.|
00001c70  00 00 00 00 00 00 00 00  00 00 00 00 00 00 00 00  |................|
00001c80  00 00 5a 05 00 00 03 02  06 18 ff ff ff ff 28 00  |..Z...........(.|
00001c90  00 00 00 00 b1 c4 00 40  88 c4 00 00 00 00 00 00  |.......@........|
00001ca0  00 00 74 03 00 00 03 02  3b 18 ff ff ff ff 0a 00  |..t.....;.......|
00001cb0  00 00 00 c0 11 c4 00 40  b7 c4 00 00 00 00 00 00  |.......@........|
00001cc0  00 00 5a 03 00 00 03 02  25 03 ff ff ff ff 05 00  |..Z.....%.......|
00001cd0  00 00 00 00 89 c4 00 60  a9 c4 00 00 00 00 00 00  |.......`........|
00001ce0  00 00 72 04 00 00 03 02  30 01 ff ff ff ff 05 00  |..r.....0.......|
00001cf0  00 00 00 c0 64 c4 00 c0  06 c4 00 00 00 00 00 00  |....d...........|
00001d00  00 00 72 04 00 00 03 02  30 01 ff ff ff ff 05 00  |..r.....0.......|
00001d10  00 00 00 e0 80 c4 00 c0  35 c4 00 00 00 00 00 00  |........5.......|
00001d20  00 00 ad 06 00 00 03 02  0c 08 ff ff ff ff 14 00  |................|
00001d30  00 00 00 00 68 c4 00 a0  87 c4 00 00 00 00 00 00  |....h...........|
00001d40  00 00 57 05 00 00 03 02  06 15 ff ff ff ff 14 00  |..W.............|
00001d50  00 00 00 80 6b c4 00 e0  bb c4 00 00 00 00 5a 00  |....k.........Z.|
00001d60  00 00 f5 03 00 00 03 02  38 01 ff ff ff ff 14 00  |........8.......|
00001d70  00 00 00 00 64 42 00 00  ac c3 00 00 00 00 00 00  |....dB..........|
00001d80  00 00 f5 03 00 00 03 02  38 01 ff ff ff ff 0a 00  |........8.......|
00001d90  00 00 00 80 90 43 00 80  b0 c3 00 00 00 00 00 00  |.....C..........|
00001da0  00 00 27 05 00 00 03 02  0f 08 ff ff ff ff 0a 00  |..'.............|
00001db0  00 00 00 80 d2 c3 00 40  1e c4 00 00 00 00 4c ff  |.......@......L.|
00001dc0  00 00 27 05 00 00 03 02  0f 08 ff ff ff ff 0a 00  |..'.............|
00001dd0  00 00 00 00 a8 c1 00 40  50 c4 00 00 00 00 4c ff  |.......@P.....L.|
00001de0  00 00 27 05 00 00 03 02  0f 08 ff ff ff ff 0a 00  |..'.............|
00001df0  00 00 00 80 bd 43 00 40  50 c4 00 00 00 00 4c ff  |.....C.@P.....L.|
00001e00  00 00 27 05 00 00 03 02  0f 08 ff ff ff ff 0a 00  |..'.............|
00001e10  00 00 00 c0 42 44 00 40  1e c4 00 00 00 00 4c ff  |....BD.@......L.|
00001e20  00 00 22 05 00 00 03 02  0f 03 ff ff ff ff 0a 00  |..".............|
00001e30  00 00 00 00 04 44 00 00  1a c3 00 00 00 00 00 00  |.....D..........|
00001e40  00 00 23 05 00 00 03 02  0f 04 ff ff ff ff 00 00  |..#.............|
00001e50  00 00 00 00 28 43 00 80  f7 c3 00 00 00 00 00 00  |....(C..........|
00001e60  00 00 24 05 00 00 03 02  0f 05 ff ff ff ff 3c 00  |..$...........<.|
00001e70  00 00 00 00 25 43 00 00  0b c3 00 00 00 00 00 00  |....%C..........|
00001e80  00 00 25 05 00 00 03 02  0f 06 ff ff ff ff 0a 00  |..%.............|
00001e90  00 00 00 00 fe c2 00 00  19 c3 00 00 00 00 00 00  |................|
00001ea0  00 00 26 05 00 00 03 02  0f 07 ff ff ff ff 0a 00  |..&.............|
00001eb0  00 00 00 c0 0f 44 00 80  c7 c3 00 00 00 00 00 00  |.....D..........|
00001ec0  00 00 ba 02 00 00 03 02  01 01 ff ff ff ff 00 00  |................|
00001ed0  00 00 00 00 00 00 00 00  00 00 00 00 00 00 00 00  |................|
00001ee0  00 00 3e 06 00 00 03 02  09 06 ff ff ff ff 0a 00  |..>.............|
00001ef0  00 00 00 80 7e c4 00 c0  16 c4 00 00 00 00 c1 ff  |....~...........|
00001f00  00 00 3e 06 00 00 03 02  09 06 ff ff ff ff 0a 00  |..>.............|
00001f10  00 00 00 c0 84 c4 00 c0  26 c4 00 00 00 00 75 00  |........&.....u.|
00001f20  00 00 3e 06 00 00 03 02  09 06 ff ff ff ff 0a 00  |..>.............|
00001f30  00 00 00 00 1f c4 00 80  0a c4 00 00 00 00 bd ff  |................|
00001f40  00 00 cc 01 00 00 03 02  09 02 ff ff ff ff 00 00  |................|
00001f50  00 00 00 00 0c c4 00 00  a8 c3 00 00 00 00 0f 00  |................|
00001f60  00 00 37 06 00 00 03 02  09 04 ff ff ff ff 14 00  |..7.............|
00001f70  00 00 00 00 35 c3 00 40  01 c4 00 00 00 00 b5 ff  |....5..@........|
00001f80  00 00 38 06 00 00 03 02  09 05 ff ff ff ff 14 00  |..8.............|
00001f90  00 00 00 00 90 42 00 80  e0 c3 00 00 00 00 5b ff  |.....B........[.|
00001fa0  00 00 37 06 00 00 03 02  09 04 ff ff ff ff 14 00  |..7.............|
00001fb0  00 00 00 80 96 43 00 80  bf c3 00 00 00 00 69 00  |.....C........i.|
00001fc0  00 00 37 06 00 00 03 02  09 04 ff ff ff ff 14 00  |..7.............|
00001fd0  00 00 00 80 dc 43 00 00  b8 c1 00 00 00 00 69 00  |.....C........i.|
00001fe0  00 00 16 05 00 00 03 02  09 03 ff ff ff ff 0a 00  |................|
00001ff0  00 00 00 40 77 c4 00 00  bd c3 00 00 00 00 b5 ff  |...@w...........|

=== FILE 8/17: terrdata/objects/Falcon4.FCD ===
path: D:\SteamLibrary\steamapps\common\Falcon 4.0\terrdata\objects\FALCON4.FCD
size: 35582 bytes  (dumping first 8192 bytes)
--- hex dump ---
00000000  51 02 00 00 00 00 00 00  00 00 00 00 00 00 00 00  |Q...............|
00000010  00 00 00 00 00 00 00 00  00 00 00 00 00 00 00 00  |................|
00000020  00 00 00 00 00 00 00 00  00 00 00 00 00 00 00 00  |................|
00000030  00 00 00 00 00 00 00 00  00 00 00 00 00 00 97 00  |................|
00000040  48 00 00 00 05 02 42 72  69 64 67 65 00 00 00 00  |H.....Bridge....|
00000050  00 00 00 00 00 00 00 00  00 00 f4 01 00 00 00 00  |................|
00000060  00 00 00 00 00 00 00 00  00 00 00 00 64 64 32 00  |............dd2.|
00000070  00 00 01 00 00 64 32 00  00 00 9b 00 d0 02 03 00  |.....d2.........|
00000080  01 08 42 75 73 68 00 00  00 00 00 00 00 00 00 00  |..Bush..........|
00000090  00 00 00 00 00 00 05 00  00 00 00 00 00 00 00 00  |................|
000000a0  00 00 00 00 00 00 00 00  64 32 64 19 64 32 00 00  |........d2d.d2..|
000000b0  00 64 32 00 00 00 96 00  30 00 01 00 01 18 43 6f  |.d2.....0.....Co|
000000c0  6e 74 72 6f 6c 20 54 6f  77 65 72 00 00 00 00 00  |ntrol Tower.....|
000000d0  00 00 fa 00 00 00 00 00  00 00 20 00 00 00 00 00  |.......... .....|
000000e0  28 64 00 00 64 32 64 0a  19 0a 05 00 00 64 32 00  |(d..d2d......d2.|
000000f0  00 00 98 00 60 00 01 00  01 1c 46 75 65 6c 20 54  |....`.....Fuel T|
00000100  61 6e 6b 00 00 00 00 00  00 00 00 00 00 00 c8 00  |ank.............|
00000110  00 00 00 00 00 00 00 00  00 00 00 00 00 00 00 00  |................|
00000120  00 32 64 0a 32 19 32 00  00 64 32 00 00 00 99 00  |.2d.2.2..d2.....|
00000130  60 00 01 00 01 18 48 61  6e 67 61 72 00 00 00 00  |`.....Hangar....|
00000140  00 00 00 00 00 00 00 00  00 00 fa 00 00 00 00 00  |................|
00000150  00 00 00 00 00 00 00 00  00 00 00 00 00 32 64 0a  |.............2d.|
00000160  32 0a 05 00 00 64 32 00  00 00 95 00 0c 00 00 00  |2....d2.........|
00000170  01 01 52 75 6e 77 61 79  00 00 00 00 00 00 00 00  |..Runway........|
00000180  00 00 00 00 00 00 f4 01  00 00 00 00 00 00 00 00  |................|
00000190  00 00 00 00 00 00 00 00  64 0a 32 c8 00 00 00 00  |........d.2.....|
000001a0  00 64 32 00 00 00 9a 00  18 00 03 00 01 18 54 72  |.d2...........Tr|
000001b0  65 65 00 00 00 00 00 00  00 00 00 00 00 00 00 00  |ee..............|
000001c0  00 00 19 00 00 00 00 00  00 00 00 00 00 00 00 00  |................|
000001d0  00 00 00 00 64 32 64 00  64 00 00 00 19 64 32 00  |....d2d.d....d2.|
000001e0  00 00 4d 02 78 00 02 00  01 18 42 61 72 72 61 63  |..M.x.....Barrac|
000001f0  6b 73 00 00 00 00 00 00  00 00 00 00 00 00 fa 00  |ks..............|
00000200  00 00 00 00 00 00 00 00  00 00 00 00 00 00 00 00  |................|
00000210  64 32 64 0a 32 0a 05 00  00 64 32 00 00 00 08 00  |d2d.2....d2.....|
00000220  a0 02 00 00 05 18 48 69  67 68 20 72 69 73 65 00  |......High rise.|
00000230  00 00 00 00 00 00 00 00  00 00 f4 01 00 00 00 00  |................|
00000240  00 00 00 00 00 00 00 00  00 00 00 00 64 32 32 00  |............d22.|
00000250  32 05 05 00 00 64 00 00  00 00 5b 00 18 00 00 00  |2....d....[.....|
00000260  05 10 4d 61 79 64 61 79  20 53 74 61 64 69 75 6d  |..Mayday Stadium|
00000270  00 00 00 00 00 00 20 03  00 00 00 00 00 00 00 00  |...... .........|
00000280  00 00 00 00 00 00 00 00  64 1e 32 00 32 00 05 00  |........d.2.2...|
00000290  00 64 32 00 00 00 4c 02  f8 01 00 00 01 10 42 75  |.d2...L.......Bu|
000002a0  6e 6b 65 72 00 00 00 00  00 00 00 00 00 00 00 00  |nker............|
000002b0  00 00 f4 01 00 00 00 00  00 00 00 00 00 00 00 00  |................|
000002c0  00 00 00 00 64 64 0a 05  00 00 00 00 00 64 32 00  |....dd.......d2.|
000002d0  00 00 70 02 78 00 00 00  00 1c 46 61 63 74 6f 72  |..p.x.....Factor|
000002e0  79 00 00 00 00 00 00 00  00 00 00 00 00 00 f4 01  |y...............|
000002f0  00 00 00 00 00 00 00 00  00 00 00 00 00 00 00 00  |................|
00000300  64 32 64 00 32 0a 05 00  00 64 32 00 00 00 ba 01  |d2d.2....d2.....|
00000310  a0 02 01 00 05 08 4f 66  66 69 63 65 00 00 00 00  |......Office....|
00000320  00 00 00 00 00 00 00 00  00 00 f4 01 00 00 00 00  |................|
00000330  00 00 00 00 00 00 00 00  00 00 00 00 64 32 64 00  |............d2d.|
00000340  32 00 05 00 00 64 32 00  00 00 71 02 f8 01 00 00  |2....d2...q.....|
00000350  01 18 43 69 74 79 20 48  61 6c 6c 00 00 00 00 00  |..City Hall.....|
00000360  00 00 00 00 00 00 f4 01  00 00 00 00 00 00 00 00  |................|
00000370  00 00 00 00 00 00 00 00  64 32 64 0a 32 0a 05 00  |........d2d.2...|
00000380  00 64 32 00 00 00 74 02  30 00 00 00 05 02 42 72  |.d2...t.0.....Br|
00000390  69 64 67 65 00 00 00 00  00 00 00 00 00 00 00 00  |idge............|
000003a0  00 00 fa 00 00 00 00 00  00 00 00 00 00 00 00 00  |................|
000003b0  00 00 00 00 64 32 64 00  00 00 01 00 00 64 32 00  |....d2d......d2.|
000003c0  00 00 e7 01 50 01 01 00  01 18 57 61 72 65 68 6f  |....P.....Wareho|
000003d0  75 73 65 00 00 00 00 00  00 00 00 00 00 00 fa 00  |use.............|
000003e0  00 00 00 00 00 00 00 00  00 00 00 00 00 00 00 00  |................|
000003f0  64 19 64 00 64 0a 05 00  00 64 32 00 00 00 f2 01  |d.d.d....d2.....|
00000400  a0 02 00 00 00 1c 4e 75  63 6c 65 61 72 20 50 6c  |......Nuclear Pl|
00000410  61 6e 74 00 00 00 00 00  00 00 f4 01 00 00 00 00  |ant.............|
00000420  00 00 00 00 00 00 00 00  00 00 00 00 64 64 32 19  |............dd2.|
00000430  19 05 05 00 00 64 32 00  00 00 75 02 78 00 00 00  |.....d2...u.x...|
00000440  01 18 52 61 69 6c 20 54  65 72 6d 69 6e 61 6c 00  |..Rail Terminal.|
00000450  00 00 00 00 00 00 f4 01  00 00 00 00 00 00 00 00  |................|
00000460  00 00 00 00 00 00 00 00  64 19 64 00 4b 0a 05 00  |........d.d.K...|
00000470  00 64 32 00 00 00 76 02  78 00 00 00 01 1c 52 65  |.d2...v.x.....Re|
00000480  66 69 6e 65 72 79 00 00  00 00 00 00 00 00 00 00  |finery..........|
00000490  00 00 ee 02 00 00 00 00  00 00 00 00 00 00 00 00  |................|
000004a0  00 00 00 00 64 19 64 00  64 32 0a 00 00 64 32 00  |....d.d.d2...d2.|
000004b0  00 00 77 02 78 00 01 00  05 08 44 6f 63 6b 00 00  |..w.x.....Dock..|
000004c0  00 00 00 00 00 00 00 00  00 00 00 00 00 00 f4 01  |................|
000004d0  00 00 00 00 00 00 00 00  00 00 00 00 00 00 00 00  |................|
000004e0  64 32 64 0a 4b 0a 05 00  00 64 32 00 00 00 7b 02  |d2d.K....d2...{.|
000004f0  a0 02 01 00 01 18 48 6f  75 73 65 00 00 00 00 00  |......House.....|
00000500  00 00 00 00 00 00 00 00  00 00 32 00 00 00 00 00  |..........2.....|
00000510  00 00 00 00 00 00 00 00  00 00 00 00 64 32 64 00  |............d2d.|
00000520  64 0a 05 00 00 64 32 00  00 00 7c 02 f8 01 02 00  |d....d2...|.....|
00000530  01 18 43 6f 6d 6d 65 72  63 69 61 6c 20 42 6c 64  |..Commercial Bld|
00000540  67 00 00 00 00 00 fa 00  00 00 00 00 00 00 00 00  |g...............|
00000550  00 00 00 00 00 00 00 00  64 32 64 0a 64 0a 05 00  |........d2d.d...|
00000560  00 64 32 00 00 00 ba 02  01 00 05 00 00 00 4e 6f  |.d2...........No|
00000570  74 68 69 6e 67 00 00 00  00 00 00 00 00 00 00 00  |thing...........|
00000580  00 00 64 00 00 00 00 00  00 00 00 00 00 00 00 00  |..d.............|
00000590  00 00 00 00 00 00 00 00  00 00 00 00 00 00 00 00  |................|
000005a0  00 00 2f 02 30 00 00 00  00 00 53 65 61 72 63 68  |../.0.....Search|
000005b0  20 52 61 64 61 72 00 00  00 00 00 00 00 00 64 00  | Radar........d.|
000005c0  00 00 00 00 00 00 20 00  00 00 00 00 4b ff 00 00  |...... .....K...|
000005d0  64 32 64 0a 32 64 05 00  00 64 32 00 00 00 30 02  |d2d.2d...d2...0.|
000005e0  18 00 02 00 01 00 52 61  64 69 6f 20 54 6f 77 65  |......Radio Towe|
000005f0  72 00 00 00 00 00 00 00  00 00 64 00 00 00 00 00  |r.........d.....|
00000600  00 00 00 00 00 00 00 00  00 00 00 00 64 00 64 19  |............d.d.|
00000610  00 32 00 00 00 64 32 00  00 00 49 00 01 00 02 00  |.2...d2...I.....|
00000620  01 00 54 61 78 69 20 53  69 67 6e 00 00 00 00 00  |..Taxi Sign.....|
00000630  00 00 00 00 00 00 64 00  00 00 00 00 00 00 00 00  |......d.........|
00000640  00 00 00 00 00 00 00 00  64 32 32 32 32 32 1e 32  |........d22222.2|
00000650  32 32 32 00 00 00 55 00  50 01 01 00 01 18 41 64  |222...U.P.....Ad|
00000660  6d 69 6e 20 42 75 69 6c  64 69 6e 67 00 00 00 00  |min Building....|
00000670  00 00 90 01 00 00 00 00  00 00 00 00 00 00 00 00  |................|
00000680  00 00 00 00 64 32 64 00  32 05 05 00 00 64 32 00  |....d2d.2....d2.|
00000690  00 00 5a 00 60 00 00 00  01 18 48 61 6e 67 61 72  |..Z.`.....Hangar|
000006a0  00 00 00 00 00 00 00 00  00 00 00 00 00 00 fa 00  |................|
000006b0  00 00 00 00 00 00 00 00  00 00 00 00 00 00 00 00  |................|
000006c0  64 32 64 0a 4b 0a 05 00  00 64 32 00 00 00 5c 00  |d2d.K....d2...\.|
000006d0  18 00 00 00 05 18 4b 4f  45 58 20 42 6c 64 67 00  |......KOEX Bldg.|
000006e0  00 00 00 00 00 00 00 00  00 00 20 03 00 00 00 00  |.......... .....|
000006f0  00 00 00 00 00 00 00 00  00 00 00 00 64 32 64 00  |............d2d.|
00000700  32 00 05 00 00 64 32 00  00 00 00 00 00 00 00 00  |2....d2.........|
00000710  00 00 00 00 00 00 00 00  00 00 00 00 00 00 00 00  |................|
00000720  00 00 00 00 00 00 00 00  00 00 00 00 00 00 00 00  |................|
00000730  00 00 00 00 00 00 00 00  00 00 00 00 00 00 00 00  |................|
00000740  00 00 00 00 00 00 5e 00  a0 02 02 00 01 18 48 6f  |......^.......Ho|
00000750  75 73 65 00 00 00 00 00  00 00 00 00 00 00 00 00  |use.............|
00000760  00 00 64 00 00 00 00 00  00 00 00 00 00 00 00 00  |..d.............|
00000770  00 00 00 00 64 32 64 00  64 0a 05 00 00 64 32 00  |....d2d.d....d2.|
00000780  00 00 5f 00 a0 02 03 00  01 18 48 6f 75 73 65 00  |.._.......House.|
00000790  00 00 00 00 00 00 00 00  00 00 00 00 00 00 64 00  |..............d.|
000007a0  00 00 00 00 00 00 00 00  00 00 00 00 00 00 00 00  |................|
000007b0  64 32 64 00 64 0a 05 00  00 64 32 00 00 00 60 00  |d2d.d....d2...`.|
000007c0  a0 02 02 00 01 18 48 6f  75 73 65 00 00 00 00 00  |......House.....|
000007d0  00 00 00 00 00 00 00 00  00 00 64 00 00 00 00 00  |..........d.....|
000007e0  00 00 00 00 00 00 00 00  00 00 00 00 64 32 64 00  |............d2d.|
000007f0  64 0a 05 00 00 64 32 00  00 00 61 00 18 00 00 00  |d....d2...a.....|
00000800  00 00 43 72 61 74 65 72  00 00 00 00 00 00 00 00  |..Crater........|
00000810  00 00 00 00 00 00 01 00  00 00 00 00 00 00 00 00  |................|
00000820  00 00 00 00 00 00 00 00  64 00 00 00 00 00 00 00  |........d.......|
00000830  00 00 00 00 00 00 62 00  18 00 00 00 01 10 41 72  |......b.......Ar|
00000840  63 68 20 6f 66 20 54 72  69 75 6d 70 68 00 00 00  |ch of Triumph...|
00000850  00 00 2c 01 00 00 00 00  00 00 00 00 00 00 00 00  |..,.............|
00000860  00 00 00 00 64 32 64 00  32 05 05 00 00 64 32 00  |....d2d.2....d2.|
00000870  00 00 78 03 a0 02 01 00  01 18 41 70 61 72 74 6d  |..x.......Apartm|
00000880  65 6e 74 00 00 00 00 00  00 00 00 00 00 00 fa 00  |ent.............|
00000890  00 00 00 00 00 00 00 00  00 00 00 00 00 00 00 00  |................|
000008a0  64 32 64 0a 32 05 05 00  00 64 32 00 00 00 79 03  |d2d.2....d2...y.|
000008b0  a0 02 03 00 01 18 41 70  61 72 74 6d 65 6e 74 00  |......Apartment.|
000008c0  00 00 00 00 00 00 00 00  00 00 fa 00 00 00 00 00  |................|
000008d0  00 00 00 00 00 00 00 00  00 00 00 00 64 32 64 0a  |............d2d.|
000008e0  32 05 05 00 00 64 32 00  00 00 7b 03 a0 02 02 00  |2....d2...{.....|
000008f0  01 18 48 6f 75 73 65 00  00 00 00 00 00 00 00 00  |..House.........|
00000900  00 00 00 00 00 00 32 00  00 00 00 00 00 00 00 00  |......2.........|
00000910  00 00 00 00 00 00 00 00  64 32 64 00 64 0a 05 00  |........d2d.d...|
00000920  19 64 32 00 00 00 7a 03  a0 02 00 00 01 18 48 6f  |.d2...z.......Ho|
00000930  75 73 65 00 00 00 00 00  00 00 00 00 00 00 00 00  |use.............|
00000940  00 00 32 00 00 00 00 00  00 00 00 00 00 00 00 00  |..2.............|
00000950  00 00 00 00 64 32 64 00  64 0a 05 00 19 64 32 00  |....d2d.d....d2.|
00000960  00 00 67 00 50 01 00 00  01 1c 57 61 72 65 68 6f  |..g.P.....Wareho|
00000970  75 73 65 00 00 00 00 00  00 00 00 00 00 00 90 01  |use.............|
00000980  00 00 00 00 00 00 00 00  00 00 00 00 00 00 00 00  |................|
00000990  64 19 64 00 4b 0a 05 00  00 64 32 00 00 00 68 00  |d.d.K....d2...h.|
000009a0  18 00 00 00 05 02 42 72  69 64 67 65 00 00 00 00  |......Bridge....|
000009b0  00 00 00 00 00 00 00 00  00 00 90 01 0a 00 00 00  |................|
000009c0  00 00 00 00 00 00 00 00  00 00 00 00 64 32 64 00  |............d2d.|
000009d0  00 00 01 00 00 64 32 00  00 00 69 00 78 00 00 00  |.....d2...i.x...|
000009e0  09 3c 46 61 63 74 6f 72  79 00 00 00 00 00 00 00  |.<Factory.......|
000009f0  00 00 00 00 00 00 f4 01  00 00 00 00 00 00 00 00  |................|
00000a00  00 00 00 00 00 00 00 00  64 32 64 00 4b 0a 05 00  |........d2d.K...|
00000a10  00 64 32 00 00 00 6a 00  01 00 02 00 01 00 54 61  |.d2...j.......Ta|
00000a20  78 69 20 53 69 67 6e 00  00 00 00 00 00 00 00 00  |xi Sign.........|
00000a30  00 00 64 00 00 00 00 00  00 00 00 00 00 00 00 00  |..d.............|
00000a40  00 00 00 00 64 32 32 32  32 32 32 32 32 32 32 00  |....d2222222222.|
00000a50  00 00 6b 00 a0 02 03 00  01 08 53 68 6f 70 00 00  |..k.......Shop..|
00000a60  00 00 00 00 00 00 00 00  00 00 00 00 00 00 fa 00  |................|
00000a70  00 00 00 00 00 00 00 00  00 00 00 00 00 00 00 00  |................|
00000a80  64 32 64 0a 4b 0a 05 00  00 64 32 00 00 00 70 00  |d2d.K....d2...p.|
00000a90  60 00 00 00 01 1c 46 75  65 6c 20 54 61 6e 6b 00  |`.....Fuel Tank.|
00000aa0  00 00 00 00 00 00 00 00  00 00 64 00 00 00 00 00  |..........d.....|
00000ab0  00 00 00 00 00 00 00 00  00 00 00 00 64 32 64 0a  |............d2d.|
00000ac0  64 32 32 00 00 64 32 00  00 00 71 00 a0 02 02 00  |d22..d2...q.....|
00000ad0  01 08 4f 66 66 69 63 65  00 00 00 00 00 00 00 00  |..Office........|
00000ae0  00 00 00 00 00 00 ee 02  00 00 00 00 00 00 00 00  |................|
00000af0  00 00 00 00 00 00 00 00  64 32 64 00 32 00 05 00  |........d2d.2...|
00000b00  00 64 32 00 00 00 72 00  a0 02 02 00 05 18 41 70  |.d2...r.......Ap|
00000b10  61 72 74 6d 65 6e 74 00  00 00 00 00 00 00 00 00  |artment.........|
00000b20  00 00 fa 00 00 00 00 00  00 00 00 00 00 00 00 00  |................|
00000b30  00 00 00 00 64 32 64 0a  32 05 05 00 00 64 32 00  |....d2d.2....d2.|
00000b40  00 00 b3 02 18 00 00 00  00 02 50 6f 6e 74 6f 6f  |..........Pontoo|
00000b50  6e 20 42 72 69 64 67 65  00 00 00 00 00 00 64 00  |n Bridge......d.|
00000b60  00 00 00 00 00 00 00 00  00 00 00 00 00 00 00 00  |................|
00000b70  64 32 3c 0a 32 32 32 00  00 64 32 00 00 00 31 00  |d2<.222..d2...1.|
00000b80  01 00 00 00 00 00 4e 61  76 69 67 61 74 69 6f 6e  |......Navigation|
00000b90  20 42 65 61 63 6f 00 00  00 00 2c 01 00 00 00 00  | Beaco....,.....|
00000ba0  00 00 00 00 00 00 00 00  00 00 00 00 00 00 00 00  |................|
00000bb0  00 00 00 00 00 00 00 00  00 00 9d 00 a0 02 02 00  |................|
00000bc0  05 18 41 70 61 72 74 6d  65 6e 74 00 00 00 00 00  |..Apartment.....|
00000bd0  00 00 00 00 00 00 fa 00  00 00 00 00 00 00 00 00  |................|
00000be0  00 00 00 00 00 00 00 00  64 32 64 0a 32 05 05 00  |........d2d.2...|
00000bf0  00 64 32 00 00 00 2b 01  78 00 00 00 01 1c 50 6f  |.d2...+.x.....Po|
00000c00  77 65 72 20 50 6c 61 6e  74 00 00 00 00 00 00 00  |wer Plant.......|
00000c10  00 00 f4 01 00 00 00 00  00 00 00 00 00 00 00 00  |................|
00000c20  00 00 00 00 64 32 32 0a  32 0a 05 00 00 64 32 00  |....d22.2....d2.|
00000c30  00 00 6e 01 30 00 02 00  01 00 57 61 74 65 72 20  |..n.0.....Water |
00000c40  54 6f 77 65 72 00 00 00  00 00 00 00 00 00 64 00  |Tower.........d.|
00000c50  00 00 00 00 00 00 00 00  00 00 00 00 00 00 00 00  |................|
00000c60  64 19 19 00 19 05 0a 00  00 64 32 00 00 00 6f 01  |d........d2...o.|
00000c70  18 00 00 00 00 10 52 61  64 61 72 00 00 00 00 00  |......Radar.....|
00000c80  00 00 00 00 00 00 00 00  00 00 64 00 00 00 00 00  |..........d.....|
00000c90  00 00 20 00 00 00 00 00  32 96 00 00 64 32 64 00  |.. .....2...d2d.|
00000ca0  00 64 0a 00 00 64 32 00  00 00 c0 01 18 00 00 00  |.d...d2.........|
00000cb0  00 10 52 61 64 61 72 00  00 00 00 00 00 00 00 00  |..Radar.........|
00000cc0  00 00 00 00 00 00 96 00  00 00 00 00 00 00 20 00  |.............. .|
00000cd0  00 00 00 00 4b fe 00 00  64 64 64 00 00 64 0a 00  |....K...ddd..d..|
00000ce0  00 64 32 00 00 00 c1 01  a0 02 03 00 01 08 53 68  |.d2...........Sh|
00000cf0  6f 70 00 00 00 00 00 00  00 00 00 00 00 00 00 00  |op..............|
00000d00  00 00 fa 00 00 00 00 00  00 00 00 00 00 00 00 00  |................|
00000d10  00 00 00 00 64 32 64 0a  4b 0a 05 00 00 64 32 00  |....d2d.K....d2.|
00000d20  00 00 c2 01 f8 01 00 00  01 10 42 75 6e 6b 65 72  |..........Bunker|
00000d30  00 00 00 00 00 00 00 00  00 00 00 00 00 00 e8 03  |................|
00000d40  00 00 00 00 00 00 00 00  00 00 00 00 00 00 00 00  |................|
00000d50  64 64 0a 05 00 00 00 00  00 64 32 00 00 00 c3 01  |dd.......d2.....|
00000d60  f8 01 02 00 01 08 43 68  75 72 63 68 00 00 00 00  |......Church....|
00000d70  00 00 00 00 00 00 00 00  00 00 96 00 00 00 00 00  |................|
00000d80  00 00 00 00 00 00 00 00  00 00 00 00 64 32 64 0a  |............d2d.|
00000d90  64 0a 05 00 00 64 32 00  00 00 c4 01 78 00 00 00  |d....d2.....x...|
00000da0  01 1c 44 65 70 6f 74 00  00 00 00 00 00 00 00 00  |..Depot.........|
00000db0  00 00 00 00 00 00 fa 00  00 00 00 00 00 00 00 00  |................|
00000dc0  00 00 00 00 00 00 00 00  64 32 64 0a 64 0a 05 00  |........d2d.d...|
00000dd0  00 64 32 00 00 00 ca 01  78 00 00 00 01 1c 44 65  |.d2.....x.....De|
00000de0  70 6f 74 00 00 00 00 00  00 00 00 00 00 00 00 00  |pot.............|
00000df0  00 00 fa 00 00 00 00 00  00 00 00 00 00 00 00 00  |................|
00000e00  00 00 00 00 64 32 64 0a  64 0a 05 00 00 64 32 00  |....d2d.d....d2.|
00000e10  00 00 cb 01 78 00 00 00  00 1c 46 61 63 74 6f 72  |....x.....Factor|
00000e20  79 00 00 00 00 00 00 00  00 00 00 00 00 00 f4 01  |y...............|
00000e30  00 00 00 00 00 00 00 00  00 00 00 00 00 00 00 00  |................|
00000e40  64 32 64 00 64 0a 05 00  00 64 32 00 00 00 cc 01  |d2d.d....d2.....|
00000e50  78 00 01 00 05 08 44 6f  63 6b 00 00 00 00 00 00  |x.....Dock......|
00000e60  00 00 00 00 00 00 00 00  00 00 fa 00 00 00 00 00  |................|
00000e70  00 00 00 00 00 00 00 00  00 00 00 00 64 32 64 0a  |............d2d.|
00000e80  4b 0a 05 00 00 64 32 00  00 00 cd 01 60 00 02 00  |K....d2.....`...|
00000e90  01 18 48 61 6e 67 61 72  00 00 00 00 00 00 00 00  |..Hangar........|
00000ea0  00 00 00 00 00 00 fa 00  00 00 00 00 00 00 00 00  |................|
00000eb0  00 00 00 00 00 00 00 00  64 32 64 0a 64 0a 05 00  |........d2d.d...|
00000ec0  00 64 32 00 00 00 ce 01  60 00 02 00 01 18 48 61  |.d2.....`.....Ha|
00000ed0  6e 67 61 72 00 00 00 00  00 00 00 00 00 00 00 00  |ngar............|
00000ee0  00 00 fa 00 00 00 00 00  00 00 00 00 00 00 00 00  |................|
00000ef0  00 00 00 00 64 32 64 0a  4b 0a 05 00 00 64 32 00  |....d2d.K....d2.|
00000f00  00 00 d1 01 60 00 01 00  01 18 48 61 6e 67 61 72  |....`.....Hangar|
00000f10  00 00 00 00 00 00 00 00  00 00 00 00 00 00 fa 00  |................|
00000f20  00 00 00 00 00 00 00 00  00 00 00 00 00 00 00 00  |................|
00000f30  64 32 64 0a 4b 0a 05 00  00 64 32 00 00 00 d2 01  |d2d.K....d2.....|
00000f40  60 00 01 00 01 18 48 61  6e 67 61 72 00 00 00 00  |`.....Hangar....|
00000f50  00 00 00 00 00 00 00 00  00 00 fa 00 00 00 00 00  |................|
00000f60  00 00 00 00 00 00 00 00  00 00 00 00 64 32 64 0a  |............d2d.|
00000f70  4b 0a 05 00 00 64 32 00  00 00 d3 01 a0 02 00 00  |K....d2.........|
00000f80  00 1c 4e 75 63 6c 65 61  72 20 50 6c 61 6e 74 00  |..Nuclear Plant.|
00000f90  00 00 00 00 00 00 f4 01  00 00 00 00 00 00 00 00  |................|
00000fa0  00 00 00 00 00 00 00 00  64 32 28 00 19 00 05 00  |........d2(.....|
00000fb0  00 64 32 00 00 00 d4 01  30 00 02 00 01 00 48 65  |.d2.....0.....He|
00000fc0  6c 69 70 61 64 00 00 00  00 00 00 00 00 00 00 00  |lipad...........|
00000fd0  00 00 c8 00 00 00 00 00  00 00 00 00 00 00 00 00  |................|
00000fe0  00 00 00 00 64 19 4b 4b  00 00 00 00 00 64 32 00  |....d.KK.....d2.|
00000ff0  00 00 d5 01 78 00 01 00  01 18 50 69 65 72 00 00  |....x.....Pier..|
00001000  00 00 00 00 00 00 00 00  00 00 00 00 00 00 fa 00  |................|
00001010  00 00 00 00 00 00 00 00  00 00 00 00 00 00 00 00  |................|
00001020  64 32 64 00 4b 00 00 00  00 64 32 00 00 00 d6 01  |d2d.K....d2.....|
00001030  18 00 03 00 05 20 50 6f  77 65 72 20 50 6f 6c 65  |..... Power Pole|
00001040  00 00 00 00 00 00 00 00  00 00 32 00 00 00 00 00  |..........2.....|
00001050  00 00 00 00 00 00 00 00  00 00 00 00 64 05 64 0a  |............d.d.|
00001060  00 0a 00 00 00 64 32 00  00 00 d7 01 30 00 03 00  |.....d2.....0...|
00001070  05 08 50 6f 77 65 72 20  54 6f 77 65 72 00 00 00  |..Power Tower...|
00001080  00 00 00 00 00 00 64 00  00 00 00 00 00 00 00 00  |......d.........|
00001090  00 00 00 00 00 00 00 00  64 05 64 0a 00 0a 00 00  |........d.d.....|
000010a0  00 64 32 00 00 00 72 02  18 00 01 00 05 00 52 61  |.d2...r.......Ra|
000010b0  64 69 6f 20 54 6f 77 65  72 00 00 00 00 00 00 00  |dio Tower.......|
000010c0  00 00 64 00 00 00 00 00  00 00 00 00 00 00 00 00  |..d.............|
000010d0  00 00 00 00 64 00 64 19  00 32 00 00 00 64 32 00  |....d.d..2...d2.|
000010e0  00 00 73 02 18 00 00 00  00 10 52 61 64 61 72 00  |..s.......Radar.|
000010f0  00 00 00 00 00 00 00 00  00 00 00 00 00 00 64 00  |..............d.|
00001100  00 00 00 00 00 00 20 00  00 00 00 00 32 96 00 00  |...... .....2...|
00001110  64 32 64 00 00 64 0a 00  00 64 32 00 00 00 f8 02  |d2d..d...d2.....|
00001120  18 00 00 00 00 10 52 61  64 61 72 00 00 00 00 00  |......Radar.....|
00001130  00 00 00 00 00 00 00 00  00 00 64 00 00 00 00 00  |..........d.....|
00001140  00 00 20 00 00 00 00 00  28 78 00 00 64 32 64 00  |.. .....(x..d2d.|
00001150  00 64 0a 00 00 64 32 00  00 00 f9 02 18 00 00 00  |.d...d2.........|
00001160  00 10 52 61 64 61 72 00  00 00 00 00 00 00 00 00  |..Radar.........|
00001170  00 00 00 00 00 00 64 00  00 00 00 00 00 00 20 00  |......d....... .|
00001180  00 00 00 00 32 8c 00 00  64 32 64 00 00 64 0a 00  |....2...d2d..d..|
00001190  00 64 32 00 00 00 fc 02  18 00 00 00 00 10 52 61  |.d2...........Ra|
000011a0  64 61 72 00 00 00 00 00  00 00 00 00 00 00 00 00  |dar.............|
000011b0  00 00 64 00 00 00 00 00  00 00 20 00 00 00 00 00  |..d....... .....|
000011c0  37 96 00 00 64 32 64 00  00 64 0a 00 00 64 32 00  |7...d2d..d...d2.|
000011d0  00 00 fd 02 18 00 00 00  00 10 52 61 64 61 72 00  |..........Radar.|
000011e0  00 00 00 00 00 00 00 00  00 00 00 00 00 00 64 00  |..............d.|
000011f0  00 00 00 00 00 00 20 00  00 00 00 00 2d 87 00 00  |...... .....-...|
00001200  64 32 64 00 00 64 0a 00  00 64 32 00 00 00 ff 02  |d2d..d...d2.....|
00001210  18 00 00 00 00 10 52 61  64 61 72 00 00 00 00 00  |......Radar.....|
00001220  00 00 00 00 00 00 00 00  00 00 64 00 00 00 00 00  |..........d.....|
00001230  00 00 20 00 00 00 00 00  3c b4 00 00 64 32 64 00  |.. .....<...d2d.|
00001240  00 64 0a 00 00 64 32 00  00 00 00 03 a0 02 04 00  |.d...d2.........|
00001250  01 18 53 68 65 64 00 00  00 00 00 00 00 00 00 00  |..Shed..........|
00001260  00 00 00 00 00 00 32 00  00 00 00 00 00 00 00 00  |......2.........|
00001270  00 00 00 00 00 00 00 00  64 32 64 0a 4b 0a 05 00  |........d2d.K...|
00001280  00 64 32 00 00 00 02 03  a0 02 02 00 01 08 53 68  |.d2...........Sh|
00001290  6f 70 00 00 00 00 00 00  00 00 00 00 00 00 00 00  |op..............|
000012a0  00 00 fa 00 00 00 00 00  00 00 00 00 00 00 00 00  |................|
000012b0  00 00 00 00 64 32 64 0a  64 0a 05 00 00 64 32 00  |....d2d.d....d2.|
000012c0  00 00 14 03 18 00 00 00  02 00 53 41 4d 20 6c 6f  |..........SAM lo|
000012d0  63 61 74 69 6f 6e 00 00  00 00 00 00 00 00 00 00  |cation..........|
000012e0  00 00 00 00 00 00 00 00  00 00 00 00 00 00 00 00  |................|
000012f0  64 00 00 00 00 00 00 00  00 00 00 00 00 00 15 03  |d...............|
00001300  18 00 00 00 02 00 52 61  64 61 72 20 6c 6f 63 61  |......Radar loca|
00001310  74 69 6f 6e 00 00 00 00  00 00 00 00 00 00 00 00  |tion............|
00001320  00 00 00 00 00 00 00 00  00 00 00 00 64 00 00 00  |............d...|
00001330  00 00 00 00 00 00 00 00  00 00 8a 03 a0 02 00 00  |................|
00001340  02 00 48 41 52 54 53 00  00 00 00 00 00 00 00 00  |..HARTS.........|
00001350  00 00 00 00 00 00 e8 03  00 00 00 00 00 00 00 00  |................|
00001360  00 00 00 00 00 00 00 00  64 32 19 00 00 00 00 00  |........d2......|
00001370  00 64 00 00 00 00 47 03  a0 02 00 00 00 01 55 6e  |.d....G.......Un|
00001380  64 65 72 67 72 6f 75 6e  64 20 46 61 63 74 00 00  |derground Fact..|
00001390  00 00 84 03 00 00 00 00  00 00 00 00 00 00 00 00  |................|
000013a0  00 00 00 00 64 3c 1e 00  00 00 00 00 00 64 32 00  |....d<.......d2.|
000013b0  00 00 7c 03 a0 02 02 00  01 18 48 6f 75 73 65 00  |..|.......House.|
000013c0  00 00 00 00 00 00 00 00  00 00 00 00 00 00 32 00  |..............2.|
000013d0  00 00 00 00 00 00 00 00  00 00 00 00 00 00 00 00  |................|
000013e0  64 32 64 00 64 0a 05 00  19 64 32 00 00 00 7d 03  |d2d.d....d2...}.|
000013f0  a0 02 03 00 01 18 42 61  72 6e 00 00 00 00 00 00  |......Barn......|
00001400  00 00 00 00 00 00 00 00  00 00 32 00 00 00 00 00  |..........2.....|
00001410  00 00 00 00 00 00 00 00  00 00 00 00 64 32 64 0a  |............d2d.|
00001420  64 0a 05 00 00 64 32 00  00 00 7e 03 a0 02 03 00  |d....d2...~.....|
00001430  01 18 42 61 72 6e 00 00  00 00 00 00 00 00 00 00  |..Barn..........|
00001440  00 00 00 00 00 00 32 00  00 00 00 00 00 00 00 00  |......2.........|
00001450  00 00 00 00 00 00 00 00  64 32 64 0a 64 0a 05 00  |........d2d.d...|
00001460  00 64 32 00 00 00 7f 03  a0 02 03 00 01 18 48 6f  |.d2...........Ho|
00001470  75 73 65 00 00 00 00 00  00 00 00 00 00 00 00 00  |use.............|
00001480  00 00 32 00 00 00 00 00  00 00 00 00 00 00 00 00  |..2.............|
00001490  00 00 00 00 64 32 64 00  64 0a 05 00 19 64 32 00  |....d2d.d....d2.|
000014a0  00 00 80 03 a0 02 02 00  01 18 48 6f 75 73 65 00  |..........House.|
000014b0  00 00 00 00 00 00 00 00  00 00 00 00 00 00 32 00  |..............2.|
000014c0  00 00 00 00 00 00 00 00  00 00 00 00 00 00 00 00  |................|
000014d0  64 32 64 00 64 0a 05 00  19 64 32 00 00 00 81 03  |d2d.d....d2.....|
000014e0  a0 02 03 00 01 18 48 6f  75 73 65 00 00 00 00 00  |......House.....|
000014f0  00 00 00 00 00 00 00 00  00 00 32 00 00 00 00 00  |..........2.....|
00001500  00 00 00 00 00 00 00 00  00 00 00 00 64 32 64 00  |............d2d.|
00001510  64 0a 05 00 19 64 32 00  00 00 82 03 50 01 00 00  |d....d2.....P...|
00001520  01 18 54 6f 77 6e 20 48  61 6c 6c 00 00 00 00 00  |..Town Hall.....|
00001530  00 00 00 00 00 00 fa 00  00 00 00 00 00 00 00 00  |................|
00001540  00 00 00 00 00 00 00 00  64 32 64 00 32 0a 05 00  |........d2d.2...|
00001550  00 64 32 00 00 00 00 00  00 00 00 00 00 00 00 00  |.d2.............|
00001560  00 00 00 00 00 00 00 00  00 00 00 00 00 00 00 00  |................|
00001570  00 00 00 00 00 00 00 00  00 00 00 00 00 00 00 00  |................|
00001580  00 00 00 00 00 00 00 00  00 00 00 00 00 00 00 00  |................|
00001590  00 00 84 03 a0 02 02 00  01 08 53 68 6f 70 00 00  |..........Shop..|
000015a0  00 00 00 00 00 00 00 00  00 00 00 00 00 00 32 00  |..............2.|
000015b0  00 00 00 00 00 00 00 00  00 00 00 00 00 00 00 00  |................|
000015c0  64 32 64 0a 32 0a 05 00  00 64 32 00 00 00 56 03  |d2d.2....d2...V.|
000015d0  78 00 02 00 01 18 54 65  6d 70 6c 65 00 00 00 00  |x.....Temple....|
000015e0  00 00 00 00 00 00 00 00  00 00 64 00 00 00 00 00  |..........d.....|
000015f0  00 00 00 00 00 00 00 00  00 00 00 00 64 32 64 0a  |............d2d.|
00001600  32 0a 05 00 00 64 32 00  00 00 85 03 60 00 00 00  |2....d2.....`...|
00001610  01 18 48 61 6e 67 61 72  00 00 00 00 00 00 00 00  |..Hangar........|
00001620  00 00 00 00 00 00 f4 01  00 00 00 00 00 00 00 00  |................|
00001630  00 00 00 00 00 00 00 00  64 32 64 0a 32 0a 05 00  |........d2d.2...|
00001640  19 64 32 00 00 00 86 03  60 00 01 00 01 18 48 61  |.d2.....`.....Ha|
00001650  6e 67 61 72 00 00 00 00  00 00 00 00 00 00 00 00  |ngar............|
00001660  00 00 fa 00 00 00 00 00  00 00 00 00 00 00 00 00  |................|
00001670  00 00 00 00 64 32 64 0a  32 0a 05 00 19 64 32 00  |....d2d.2....d2.|
00001680  00 00 87 03 0c 00 00 00  01 01 52 75 6e 77 61 79  |..........Runway|
00001690  00 00 00 00 00 00 00 00  00 00 00 00 00 00 f4 01  |................|
000016a0  00 00 00 00 00 00 00 00  00 00 00 00 00 00 00 00  |................|
000016b0  64 0a 32 c8 00 00 00 00  00 64 32 00 00 00 51 03  |d.2......d2...Q.|
000016c0  0c 00 00 00 01 01 52 75  6e 77 61 79 00 00 00 00  |......Runway....|
000016d0  00 00 00 00 00 00 00 00  00 00 f4 01 00 00 00 00  |................|
000016e0  00 00 00 00 00 00 00 00  00 00 00 00 64 0a 32 c8  |............d.2.|
000016f0  00 00 00 00 00 64 32 00  00 00 57 03 a0 02 02 00  |.....d2...W.....|
00001700  01 08 53 68 6f 70 00 00  00 00 00 00 00 00 00 00  |..Shop..........|
00001710  00 00 00 00 00 00 64 00  00 00 00 00 00 00 00 00  |......d.........|
00001720  00 00 00 00 00 00 00 00  64 32 64 0a 32 0a 05 00  |........d2d.2...|
00001730  00 64 32 00 00 00 58 03  a0 02 04 00 01 18 53 68  |.d2...X.......Sh|
00001740  65 64 00 00 00 00 00 00  00 00 00 00 00 00 00 00  |ed..............|
00001750  00 00 32 00 00 00 00 00  00 00 00 00 00 00 00 00  |..2.............|
00001760  00 00 00 00 64 32 64 0a  32 0a 05 00 00 64 32 00  |....d2d.2....d2.|
00001770  00 00 5a 03 30 00 02 00  05 00 57 61 74 65 72 20  |..Z.0.....Water |
00001780  54 6f 77 65 72 00 00 00  00 00 00 00 00 00 64 00  |Tower.........d.|
00001790  00 00 00 00 00 00 00 00  00 00 00 00 00 00 00 00  |................|
000017a0  64 19 19 00 19 05 0a 00  00 64 32 00 00 00 88 03  |d........d2.....|
000017b0  30 00 03 00 05 00 57 61  74 65 72 20 54 6f 77 65  |0.....Water Towe|
000017c0  72 00 00 00 00 00 00 00  00 00 32 00 00 00 00 00  |r.........2.....|
000017d0  00 00 00 00 00 00 00 00  00 00 00 00 64 19 19 00  |............d...|
000017e0  19 05 0a 00 00 64 32 00  00 00 5b 03 78 00 03 00  |.....d2...[.x...|
000017f0  01 08 53 68 72 69 6e 65  00 00 00 00 00 00 00 00  |..Shrine........|
00001800  00 00 00 00 00 00 19 00  00 00 00 00 00 00 00 00  |................|
00001810  00 00 00 00 00 00 00 00  64 32 64 0a 32 0a 05 00  |........d2d.2...|
00001820  00 64 32 00 00 00 5c 03  a0 02 00 00 01 18 41 70  |.d2...\.......Ap|
00001830  61 72 74 6d 65 6e 74 00  00 00 00 00 00 00 00 00  |artment.........|
00001840  00 00 f4 01 00 00 00 00  00 00 00 00 00 00 00 00  |................|
00001850  00 00 00 00 64 32 64 0a  32 05 05 00 00 64 32 00  |....d2d.2....d2.|
00001860  00 00 5d 03 78 00 03 00  01 18 53 74 61 62 6c 65  |..].x.....Stable|
00001870  00 00 00 00 00 00 00 00  00 00 00 00 00 00 32 00  |..............2.|
00001880  00 00 00 00 00 00 00 00  00 00 00 00 00 00 00 00  |................|
00001890  64 32 64 0a 32 0a 05 00  00 64 32 00 00 00 5e 03  |d2d.2....d2...^.|
000018a0  18 00 03 00 00 00 50 61  72 6b 00 00 00 00 00 00  |......Park......|
000018b0  00 00 00 00 00 00 00 00  00 00 f4 01 00 00 00 00  |................|
000018c0  00 00 00 00 00 00 00 00  00 00 00 00 64 00 00 00  |............d...|
000018d0  00 00 00 00 00 64 32 00  00 00 5f 03 18 00 03 00  |.....d2..._.....|
000018e0  00 18 54 72 65 65 00 00  00 00 00 00 00 00 00 00  |..Tree..........|
000018f0  00 00 00 00 00 00 19 00  00 00 00 00 00 00 00 00  |................|
00001900  00 00 00 00 00 00 00 00  64 32 64 00 64 00 00 00  |........d2d.d...|
00001910  19 64 32 00 00 00 60 03  18 00 03 00 00 18 54 72  |.d2...`.......Tr|
00001920  65 65 00 00 00 00 00 00  00 00 00 00 00 00 00 00  |ee..............|
00001930  00 00 19 00 00 00 00 00  00 00 00 00 00 00 00 00  |................|
00001940  00 00 00 00 64 32 64 00  64 00 00 00 19 64 32 00  |....d2d.d....d2.|
00001950  00 00 61 03 18 00 03 00  00 18 54 72 65 65 00 00  |..a.......Tree..|
00001960  00 00 00 00 00 00 00 00  00 00 00 00 00 00 19 00  |................|
00001970  00 00 00 00 00 00 00 00  00 00 00 00 00 00 00 00  |................|
00001980  64 32 64 00 64 00 00 00  19 64 32 00 00 00 62 03  |d2d.d....d2...b.|
00001990  a0 02 02 00 01 18 48 6f  75 73 65 00 00 00 00 00  |......House.....|
000019a0  00 00 00 00 00 00 00 00  00 00 64 00 00 00 00 00  |..........d.....|
000019b0  00 00 00 00 00 00 00 00  00 00 00 00 64 32 64 00  |............d2d.|
000019c0  64 0a 05 00 19 64 32 00  00 00 9b 03 a0 02 02 00  |d....d2.........|
000019d0  05 08 4f 66 66 69 63 65  00 00 00 00 00 00 00 00  |..Office........|
000019e0  00 00 00 00 00 00 f4 01  00 00 00 00 00 00 00 00  |................|
000019f0  00 00 00 00 00 00 00 00  64 32 64 00 64 00 05 00  |........d2d.d...|
00001a00  00 64 32 00 00 00 9c 03  a0 02 01 00 05 08 4f 66  |.d2...........Of|
00001a10  66 69 63 65 00 00 00 00  00 00 00 00 00 00 00 00  |fice............|
00001a20  00 00 f4 01 00 00 00 00  00 00 00 00 00 00 00 00  |................|
00001a30  00 00 00 00 64 32 64 00  64 00 05 00 00 64 32 00  |....d2d.d....d2.|
00001a40  00 00 9d 03 a0 02 04 00  05 08 4f 66 66 69 63 65  |..........Office|
00001a50  00 00 00 00 00 00 00 00  00 00 00 00 00 00 f4 01  |................|
00001a60  00 00 00 00 00 00 00 00  00 00 00 00 00 00 00 00  |................|
00001a70  64 32 64 00 64 00 05 00  00 64 32 00 00 00 9e 03  |d2d.d....d2.....|
00001a80  a0 02 01 00 01 08 4f 66  66 69 63 65 00 00 00 00  |......Office....|
00001a90  00 00 00 00 00 00 00 00  00 00 f4 01 00 00 00 00  |................|
00001aa0  00 00 00 00 00 00 00 00  00 00 00 00 64 32 64 00  |............d2d.|
00001ab0  64 00 05 00 00 64 32 00  00 00 9f 03 a0 02 03 00  |d....d2.........|
00001ac0  05 08 4f 66 66 69 63 65  00 00 00 00 00 00 00 00  |..Office........|
00001ad0  00 00 00 00 00 00 f4 01  00 00 00 00 00 00 00 00  |................|
00001ae0  00 00 00 00 00 00 00 00  64 32 64 00 32 00 05 00  |........d2d.2...|
00001af0  00 64 32 00 00 00 a0 03  a0 02 03 00 01 18 53 6b  |.d2...........Sk|
00001b00  79 73 63 72 61 70 65 72  00 00 00 00 00 00 00 00  |yscraper........|
00001b10  00 00 f4 01 00 00 00 00  00 00 00 00 00 00 00 00  |................|
00001b20  00 00 00 00 64 32 32 0a  32 05 05 00 00 64 32 00  |....d22.2....d2.|
00001b30  00 00 a1 03 a0 02 03 00  01 18 53 6b 79 73 63 72  |..........Skyscr|
00001b40  61 70 65 72 00 00 00 00  00 00 00 00 00 00 f4 01  |aper............|
00001b50  00 00 00 00 00 00 00 00  00 00 00 00 00 00 00 00  |................|
00001b60  64 32 32 0a 32 05 05 00  00 64 32 00 00 00 a2 03  |d22.2....d2.....|
00001b70  a0 02 01 00 05 08 4f 66  66 69 63 65 73 00 00 00  |......Offices...|
00001b80  00 00 00 00 00 00 00 00  00 00 e8 03 00 00 00 00  |................|
00001b90  00 00 00 00 00 00 00 00  00 00 00 00 64 32 64 00  |............d2d.|
00001ba0  32 00 05 00 00 64 32 00  00 00 63 03 a0 02 01 00  |2....d2...c.....|
00001bb0  05 18 41 70 61 72 74 6d  65 6e 74 00 00 00 00 00  |..Apartment.....|
00001bc0  00 00 00 00 00 00 fa 00  00 00 00 00 00 00 00 00  |................|
00001bd0  00 00 00 00 00 00 00 00  64 32 64 0a 32 05 05 00  |........d2d.2...|
00001be0  00 64 32 00 00 00 64 03  f8 01 02 00 01 18 43 69  |.d2...d.......Ci|
00001bf0  74 79 20 48 61 6c 6c 00  00 00 00 00 00 00 00 00  |ty Hall.........|
00001c00  00 00 f4 01 00 00 00 00  00 00 00 00 00 00 00 00  |................|
00001c10  00 00 00 00 64 32 64 0a  32 0a 05 00 00 64 32 00  |....d2d.2....d2.|
00001c20  00 00 65 03 78 00 01 00  01 18 42 61 72 72 61 63  |..e.x.....Barrac|
00001c30  6b 73 00 00 00 00 00 00  00 00 00 00 00 00 c8 00  |ks..............|
00001c40  00 00 00 00 00 00 00 00  00 00 00 00 00 00 00 00  |................|
00001c50  64 32 64 0a 32 0a 05 00  00 64 32 00 00 00 66 03  |d2d.2....d2...f.|
00001c60  f8 01 02 00 01 08 43 68  75 72 63 68 00 00 00 00  |......Church....|
00001c70  00 00 00 00 00 00 00 00  00 00 64 00 00 00 00 00  |..........d.....|
00001c80  00 00 00 00 00 00 00 00  00 00 00 00 64 32 64 0a  |............d2d.|
00001c90  64 0a 05 00 00 64 32 00  00 00 67 03 78 00 02 00  |d....d2...g.x...|
00001ca0  01 18 54 65 6d 70 6c 65  00 00 00 00 00 00 00 00  |..Temple........|
00001cb0  00 00 00 00 00 00 64 00  00 00 00 00 00 00 00 00  |......d.........|
00001cc0  00 00 00 00 00 00 00 00  64 32 64 0a 32 0a 05 00  |........d2d.2...|
00001cd0  00 64 32 00 00 00 c5 03  a0 02 02 00 01 08 4f 66  |.d2...........Of|
00001ce0  66 69 63 65 00 00 00 00  00 00 00 00 00 00 00 00  |fice............|
00001cf0  00 00 fa 00 00 00 00 00  00 00 00 00 00 00 00 00  |................|
00001d00  00 00 00 00 64 32 64 00  32 00 05 00 00 64 32 00  |....d2d.2....d2.|
00001d10  00 00 c6 03 a0 02 02 00  01 08 4f 66 66 69 63 65  |..........Office|
00001d20  00 00 00 00 00 00 00 00  00 00 00 00 00 00 fa 00  |................|
00001d30  00 00 00 00 00 00 00 00  00 00 00 00 00 00 00 00  |................|
00001d40  64 32 64 00 32 00 05 00  00 64 32 00 00 00 c7 03  |d2d.2....d2.....|
00001d50  a0 02 03 00 01 08 4f 66  66 69 63 65 00 00 00 00  |......Office....|
00001d60  00 00 00 00 00 00 00 00  00 00 fa 00 00 00 00 00  |................|
00001d70  00 00 00 00 00 00 00 00  00 00 00 00 64 32 64 00  |............d2d.|
00001d80  32 00 05 00 00 64 32 00  00 00 c8 03 a0 02 03 00  |2....d2.........|
00001d90  01 08 4f 66 66 69 63 65  00 00 00 00 00 00 00 00  |..Office........|
00001da0  00 00 00 00 00 00 fa 00  00 00 00 00 00 00 00 00  |................|
00001db0  00 00 00 00 00 00 00 00  64 32 64 00 32 00 05 00  |........d2d.2...|
00001dc0  00 64 32 00 00 00 c9 03  a0 02 03 00 01 08 4f 66  |.d2...........Of|
00001dd0  66 69 63 65 00 00 00 00  00 00 00 00 00 00 00 00  |fice............|
00001de0  00 00 fa 00 00 00 00 00  00 00 00 00 00 00 00 00  |................|
00001df0  00 00 00 00 64 32 64 00  64 00 05 00 00 64 32 00  |....d2d.d....d2.|
00001e00  00 00 a3 03 a0 02 04 00  05 08 4f 66 66 69 63 65  |..........Office|
00001e10  00 00 00 00 00 00 00 00  00 00 00 00 00 00 fa 00  |................|
00001e20  00 00 00 00 00 00 00 00  00 00 00 00 00 00 00 00  |................|
00001e30  64 32 64 00 64 00 05 00  00 64 32 00 00 00 a4 03  |d2d.d....d2.....|
00001e40  a0 02 02 00 01 08 4f 66  66 69 63 65 00 00 00 00  |......Office....|
00001e50  00 00 00 00 00 00 00 00  00 00 fa 00 00 00 00 00  |................|
00001e60  00 00 00 00 00 00 00 00  00 00 00 00 64 32 64 00  |............d2d.|
00001e70  64 00 05 00 00 64 32 00  00 00 a5 03 a0 02 02 00  |d....d2.........|
00001e80  01 08 4f 66 66 69 63 65  00 00 00 00 00 00 00 00  |..Office........|
00001e90  00 00 00 00 00 00 fa 00  00 00 00 00 00 00 00 00  |................|
00001ea0  00 00 00 00 00 00 00 00  64 32 64 00 32 00 05 00  |........d2d.2...|
00001eb0  00 64 32 00 00 00 a7 03  18 00 00 00 05 02 42 72  |.d2...........Br|
00001ec0  69 64 67 65 20 52 61 6d  70 00 00 00 00 00 00 00  |idge Ramp.......|
00001ed0  00 00 f4 01 0a 00 00 00  00 00 00 00 00 00 00 00  |................|
00001ee0  00 00 00 00 64 32 64 00  00 00 01 00 00 64 32 00  |....d2d......d2.|
00001ef0  00 00 a8 03 24 00 00 00  05 82 42 72 69 64 67 65  |....$.....Bridge|
00001f00  20 53 70 61 6e 00 00 00  00 00 00 00 00 00 fa 00  | Span...........|
00001f10  14 00 00 00 00 00 00 00  00 00 00 00 00 00 00 00  |................|
00001f20  64 64 32 00 00 00 01 00  00 64 32 00 00 00 a9 03  |dd2......d2.....|
00001f30  48 00 00 00 05 82 42 72  69 64 67 65 20 54 6f 77  |H.....Bridge Tow|
00001f40  65 72 00 00 00 00 00 00  00 00 f4 01 14 00 00 00  |er..............|
00001f50  00 00 00 00 00 00 00 00  00 00 00 00 64 64 32 00  |............dd2.|
00001f60  00 00 01 00 00 64 32 00  00 00 aa 03 18 00 00 00  |.....d2.........|
00001f70  05 82 42 72 69 64 67 65  20 52 61 6d 70 00 00 00  |..Bridge Ramp...|
00001f80  00 00 00 00 00 00 f4 01  0a 00 00 00 00 00 00 00  |................|
00001f90  00 00 00 00 00 00 00 00  64 32 64 00 00 00 01 00  |........d2d.....|
00001fa0  00 64 32 00 00 00 ab 03  18 00 00 00 05 82 42 72  |.d2...........Br|
00001fb0  69 64 67 65 20 53 70 61  6e 00 00 00 00 00 00 00  |idge Span.......|
00001fc0  00 00 90 01 14 00 00 00  00 00 00 00 00 00 00 00  |................|
00001fd0  00 00 00 00 64 64 32 00  00 00 01 00 00 64 32 00  |....dd2......d2.|
00001fe0  00 00 ad 03 a0 02 00 00  05 08 4f 66 66 69 63 65  |..........Office|
00001ff0  73 00 00 00 00 00 00 00  00 00 00 00 00 00 e8 03  |s...............|

=== FILE 9/17: terrdata/objects/Falcon4.OTD ===
path: D:\SteamLibrary\steamapps\common\Falcon 4.0\terrdata/objects/Falcon4.OTD
status: ABSENT (file not found at this path)

=== FILE 10/17: terrdata/objects/Falcon4.ORD ===
path: D:\SteamLibrary\steamapps\common\Falcon 4.0\terrdata/objects/Falcon4.ORD
status: ABSENT (file not found at this path)

=== FILE 11/17: terrdata/objects/Falcon4.RCD ===
path: D:\SteamLibrary\steamapps\common\Falcon 4.0\terrdata\objects\FALCON4.RCD
size: 3362 bytes  (dumping first 3362 bytes)
--- hex dump ---
00000000  3c 00 00 00 00 00 00 00  00 00 00 00 00 00 00 00  |<...............|
00000010  00 00 00 00 00 00 00 00  00 00 00 00 00 00 00 00  |................|
00000020  00 00 b8 0b 00 00 00 00  80 3f 00 00 80 3f 00 00  |.........?...?..|
00000030  80 3f 00 00 00 00 00 00  00 3f a2 00 00 00 02 00  |.?.......?......|
00000040  00 00 cd cc 4c 3f cd cc  4c 3f b0 82 85 48 c1 b8  |....L?..L?...H..|
00000050  32 3d 91 0a 86 3f 91 0a  86 3f 40 1f 00 00 cd cc  |2=...?...?@.....|
00000060  4c 3f 33 33 33 3f 00 00  00 3f 53 8a ca 42 00 00  |L?333?...?S..B..|
00000070  00 3f a2 00 00 00 02 00  00 00 cd cc 4c 3f cd cc  |.?..........L?..|
00000080  4c 3f d8 ae 4f 48 c1 b8  b2 3d 91 0a 86 3f 91 0a  |L?..OH...=...?..|
00000090  86 3f 88 13 00 00 66 66  66 3f 33 33 33 3f 9a 99  |.?....fff?333?..|
000000a0  99 3e e2 06 87 42 00 00  00 3f a2 00 00 00 02 00  |.>...B...?......|
000000b0  00 00 cd cc 4c 3f cd cc  4c 3f 1c 5a ed 47 91 0a  |....L?..L?.Z.G..|
000000c0  06 3e d9 0f c9 40 d9 0f  c9 40 88 13 00 00 00 00  |.>...@...@......|
000000d0  80 3f 00 00 80 3f 00 00  80 3f 00 00 00 00 00 00  |.?...?...?......|
000000e0  00 3f a5 00 00 00 04 00  00 00 33 33 33 3f 33 33  |.?........333?33|
000000f0  33 3f 44 69 8e 47 91 0a  06 3e 91 0a 86 3f 4e 77  |3?Di.G...>...?Nw|
00000100  56 3e b8 0b 00 00 cd cc  4c 3f cd cc 4c 3f cc cc  |V>......L?..L?..|
00000110  cc 3e e2 06 87 42 00 00  80 3e 25 00 00 00 03 00  |.>...B...>%.....|
00000120  00 00 00 00 00 3f 00 00  00 3f 95 03 b2 47 4e 77  |.....?...?...GNw|
00000130  56 3d 91 0a 86 3f 91 0a  86 3f b8 0b 00 00 9a 99  |V=...?...?......|
00000140  99 3e 00 00 00 3f cd cc  4c 3f 53 8a ca 42 00 00  |.>...?..L?S..B..|
00000150  00 3f 29 00 00 00 03 00  00 00 00 00 00 3f 00 00  |.?)..........?..|
00000160  00 3f 95 03 b2 47 4e 77  56 3d 91 0a 86 3f 91 0a  |.?...GNwV=...?..|
00000170  86 3f b8 0b 00 00 00 00  00 3f 9a 99 19 3f 66 66  |.?.......?...?ff|
00000180  66 3f 53 8a ca 42 00 00  00 3f 34 00 00 00 03 00  |f?S..B...?4.....|
00000190  00 00 00 00 00 3f 00 00  00 3f 52 58 94 48 4e 77  |.....?...?RX.HNw|
000001a0  56 3d 91 0a 86 3f 91 0a  86 3f b8 0b 00 00 cd cc  |V=...?...?......|
000001b0  4c 3f 33 33 33 3f cc cc  cc 3e 53 8a ca 42 00 00  |L?333?...>S..B..|
000001c0  00 3f 35 00 00 00 02 00  00 00 cd cc 4c 3f cd cc  |.?5.........L?..|
000001d0  4c 3f 95 03 b2 48 4e 77  56 3d 91 0a 86 3f 91 0a  |L?...HNwV=...?..|
000001e0  86 3f b8 0b 00 00 66 66  66 3f cd cc 4c 3f cc cc  |.?....fff?..L?..|
000001f0  cc 3e 53 8a ca 42 00 00  00 3f 4d 00 00 00 10 00  |.>S..B...?M.....|
00000200  00 00 cd cc 4c 3e 33 33  33 3f b0 e1 3d 47 4e 77  |....L>333?..=GNw|
00000210  56 3d 91 0a 86 3f 91 0a  86 3f b8 0b 00 00 d0 cc  |V=...?...?......|
00000220  cc 3d 33 33 33 3f 66 66  66 3f 53 8a ca 42 00 00  |.=333?fff?S..B..|
00000230  00 3f 49 00 00 00 11 00  00 00 00 00 00 00 00 00  |.?I.............|
00000240  00 00 95 03 32 49 4e 77  56 3d 91 0a 86 3f 91 0a  |....2INwV=...?..|
00000250  86 3f b8 0b 00 00 d0 cc  cc 3d 33 33 33 3f 66 66  |.?.......=333?ff|
00000260  66 3f 53 8a ca 42 00 00  00 3f 4e 00 00 00 10 00  |f?S..B...?N.....|
00000270  00 00 cd cc 4c 3e 33 33  33 3f b0 e1 3d 47 4e 77  |....L>333?..=GNw|
00000280  56 3d 91 0a 86 3f 91 0a  86 3f b8 0b 00 00 d0 cc  |V=...?...?......|
00000290  cc 3d 33 33 33 3f 66 66  66 3f 53 8a ca 42 00 00  |.=333?fff?S..B..|
000002a0  00 3f a3 00 00 00 12 00  00 00 33 33 33 3f cd cc  |.?........333?..|
000002b0  cc 3e 52 58 94 49 4e 77  56 3d 91 0a 86 3f 91 0a  |.>RX.INwV=...?..|
000002c0  86 3f b8 0b 00 00 cd cc  4c 3f cd cc 4c 3f cd cc  |.?......L?..L?..|
000002d0  4c 3f 53 8a ca 42 00 00  00 3f 4f 00 00 00 11 00  |L?S..B...?O.....|
000002e0  00 00 00 00 00 00 00 00  00 00 95 03 b2 47 4e 77  |.............GNw|
000002f0  56 3d 91 0a 86 3f 91 0a  86 3f b8 0b 00 00 cd cc  |V=...?...?......|
00000300  4c 3f 9a 99 19 3f 66 66  66 3f 53 8a ca 42 00 00  |L?...?fff?S..B..|
00000310  00 3f 50 00 00 00 03 00  00 00 00 00 00 3f 00 00  |.?P..........?..|
00000320  00 3f 1c 5a ed 47 4e 77  56 3d 91 0a 86 3f 91 0a  |.?.Z.GNwV=...?..|
00000330  86 3f b8 0b 00 00 9a 99  19 3f 33 33 33 3f 9a 99  |.?.......?333?..|
00000340  19 3f 53 8a ca 42 00 00  00 3f 98 00 00 00 11 00  |.?S..B...?......|
00000350  00 00 00 00 00 00 00 00  00 00 66 6e 39 49 4e 77  |..........fn9INw|
00000360  56 3d d9 0f c9 40 7a d9  a0 3f b8 0b 00 00 cd cc  |V=...@z..?......|
00000370  4c 3f cd cc 4c 3f 66 66  66 3f 53 8a ca 42 cd cc  |L?..L?fff?S..B..|
00000380  cc 3d 4a 00 00 00 13 00  00 00 9a 99 99 3e 00 00  |.=J..........>..|
00000390  00 3f 44 69 0e 47 4e 77  56 3d 91 0a 86 3f 91 0a  |.?Di.GNwV=...?..|
000003a0  86 3f b8 0b 00 00 cd cc  4c 3f 33 33 33 3f 66 66  |.?......L?333?ff|
000003b0  66 3f 53 8a ca 42 00 00  00 3f 51 00 00 00 11 00  |f?S..B...?Q.....|
000003c0  00 00 00 00 00 00 00 00  00 00 52 58 94 49 4e 77  |..........RX.INw|
000003d0  56 3d 91 0a 86 3f 91 0a  86 3f 20 4e 00 00 cd cc  |V=...?...? N....|
000003e0  4c 3f 00 00 80 3f 00 00  80 3f 53 8a ca 42 00 00  |L?...?...?S..B..|
000003f0  00 3f 52 00 00 00 11 00  00 00 00 00 00 00 00 00  |.?R.............|
00000400  00 00 66 6e b9 49 4e 77  56 3d 91 0a 86 3f 91 0a  |..fn.INwV=...?..|
00000410  86 3f 20 4e 00 00 cd cc  4c 3f cd cc 4c 3f 00 00  |.? N....L?..L?..|
00000420  80 3f 53 8a ca 42 00 00  00 3f 54 00 00 00 02 00  |.?S..B...?T.....|
00000430  00 00 cd cc 4c 3f cd cc  4c 3f 95 03 b2 48 4e 77  |....L?..L?...HNw|
00000440  56 3d 91 0a 86 3f 91 0a  86 3f b8 0b 00 00 33 33  |V=...?...?....33|
00000450  33 3f 33 33 33 3f 00 00  00 3f 53 8a ca 42 00 00  |3?333?...?S..B..|
00000460  00 3f 55 00 00 00 02 00  00 00 cd cc 4c 3f cd cc  |.?U.........L?..|
00000470  4c 3f 52 58 94 48 4e 77  56 3d 91 0a 86 3f 91 0a  |L?RX.HNwV=...?..|
00000480  86 3f 10 27 00 00 cd cc  4c 3f cd cc 4c 3f 00 00  |.?.'....L?..L?..|
00000490  00 3f 53 8a ca 42 00 00  00 3f a4 00 00 00 10 00  |.?S..B...?......|
000004a0  00 00 cd cc cc 3d 00 00  00 3f 44 69 0e 47 4e 77  |.....=...?Di.GNw|
000004b0  56 3d 91 0a 86 3f 91 0a  86 3f b8 0b 00 00 cd cc  |V=...?...?......|
000004c0  4c 3f 33 33 33 3f 66 66  66 3f 53 8a ca 42 00 00  |L?333?fff?S..B..|
000004d0  00 3f 4c 00 00 00 02 00  00 00 cd cc 4c 3f cd cc  |.?L.........L?..|
000004e0  4c 3f 52 58 94 48 4e 77  56 3d 91 0a 86 3f 91 0a  |L?RX.HNwV=...?..|
000004f0  86 3f 98 3a 00 00 cd cc  4c 3f cd cc 4c 3f cd cc  |.?.:....L?..L?..|
00000500  4c 3f 53 8a ca 42 00 00  00 3f 53 00 00 00 03 00  |L?S..B...?S.....|
00000510  00 00 9a 99 19 3f 9a 99  19 3f 95 03 b2 47 4e 77  |.....?...?...GNw|
00000520  56 3d 91 0a 86 3f 91 0a  86 3f b8 0b 00 00 cc cc  |V=...?...?......|
00000530  cc 3e 33 33 33 3f 66 66  66 3f 53 8a ca 42 00 00  |.>333?fff?S..B..|
00000540  00 3f 4b 00 00 00 03 00  00 00 9a 99 19 3f 9a 99  |.?K..........?..|
00000550  19 3f 95 03 b2 47 4e 77  56 3d 91 0a 86 3f 91 0a  |.?...GNwV=...?..|
00000560  86 3f b8 0b 00 00 cc cc  cc 3e 9a 99 19 3f 66 66  |.?.......>...?ff|
00000570  66 3f 53 8a ca 42 00 00  00 3f 00 00 00 00 00 00  |f?S..B...?......|
00000580  00 00 00 00 00 00 00 00  00 00 00 00 00 00 00 00  |................|
00000590  00 00 00 00 00 00 00 00  00 00 00 00 00 00 00 00  |................|
000005a0  00 00 00 00 00 00 00 00  00 00 00 00 00 00 00 00  |................|
000005b0  00 00 00 00 00 00 00 00  00 00 00 00 00 00 00 00  |................|
000005c0  00 00 00 00 00 00 00 00  00 00 00 00 00 00 00 00  |................|
000005d0  00 00 00 00 00 00 00 00  00 00 00 00 00 00 00 00  |................|
000005e0  00 00 00 00 00 00 00 00  00 00 56 00 00 00 05 00  |..........V.....|
000005f0  00 00 00 00 00 3f 9a 99  99 3e 1c 5a ed 47 4e 77  |.....?...>.Z.GNw|
00000600  56 3d 91 0a 86 3f 91 0a  86 3f b8 0b 00 00 d0 cc  |V=...?...?......|
00000610  cc 3d 33 33 33 3f 66 66  66 3f 53 8a ca 42 00 00  |.=333?fff?S..B..|
00000620  00 3f 57 00 00 00 15 00  00 00 00 00 00 00 00 00  |.?W.............|
00000630  00 00 52 58 94 48 4e 77  56 3d 91 0a 86 3f 91 0a  |..RX.HNwV=...?..|
00000640  86 3f b8 0b 00 00 cd cc  4c 3f 9a 99 19 3f 66 66  |.?......L?...?ff|
00000650  66 3f 53 8a ca 42 00 00  00 3f 58 00 00 00 03 00  |f?S..B...?X.....|
00000660  00 00 00 00 00 3f 00 00  00 3f 95 03 b2 47 4e 77  |.....?...?...GNw|
00000670  56 3d 91 0a 86 3f 91 0a  86 3f b8 0b 00 00 9a 99  |V=...?...?......|
00000680  99 3e 9a 99 19 3f 66 66  66 3f 53 8a ca 42 00 00  |.>...?fff?S..B..|
00000690  00 3f 59 00 00 00 03 00  00 00 00 00 00 3f 00 00  |.?Y..........?..|
000006a0  00 3f 95 03 b2 47 4e 77  56 3d 91 0a 86 3f 91 0a  |.?...GNwV=...?..|
000006b0  86 3f b8 0b 00 00 cc cc  cc 3e 33 33 33 3f 66 66  |.?.......>333?ff|
000006c0  66 3f 53 8a ca 42 00 00  00 3f 00 00 00 00 00 00  |f?S..B...?......|
000006d0  00 00 00 00 00 00 00 00  00 00 00 00 00 00 00 00  |................|
000006e0  00 00 00 00 00 00 00 00  00 00 00 00 00 00 00 00  |................|
000006f0  00 00 00 00 00 00 00 00  00 00 00 00 00 00 00 00  |................|
00000700  00 00 9b 00 00 00 11 00  00 00 00 00 00 00 00 00  |................|
00000710  00 00 b0 82 85 48 4e 77  56 3d 91 0a 86 3f 91 0a  |.....HNwV=...?..|
00000720  86 3f b8 0b 00 00 cd cc  4c 3f 33 33 33 3f 66 66  |.?......L?333?ff|
00000730  66 3f 53 8a ca 42 00 00  00 3f 9c 00 00 00 11 00  |f?S..B...?......|
00000740  00 00 00 00 00 00 00 00  00 00 1c 5a ed 48 4e 77  |...........Z.HNw|
00000750  56 3d 91 0a 86 3f 91 0a  86 3f b8 0b 00 00 cd cc  |V=...?...?......|
00000760  4c 3f cd cc 4c 3f 66 66  66 3f 53 8a ca 42 00 00  |L?..L?fff?S..B..|
00000770  00 3f 9d 00 00 00 11 00  00 00 00 00 00 00 00 00  |.?..............|
00000780  00 00 52 58 14 49 4e 77  56 3d 91 0a 86 3f 91 0a  |..RX.INwV=...?..|
00000790  86 3f b8 0b 00 00 cd cc  4c 3f cd cc 4c 3f 66 66  |.?......L?..L?ff|
000007a0  66 3f 53 8a ca 42 00 00  00 3f 9e 00 00 00 11 00  |f?S..B...?......|
000007b0  00 00 00 00 00 00 00 00  00 00 52 b7 cc 48 4e 77  |..........R..HNw|
000007c0  56 3d 91 0a 86 3f 91 0a  86 3f b8 0b 00 00 cd cc  |V=...?...?......|
000007d0  4c 3f cd cc 4c 3f 66 66  66 3f 53 8a ca 42 00 00  |L?..L?fff?S..B..|
000007e0  00 3f 9f 00 00 00 11 00  00 00 00 00 00 00 00 00  |.?..............|
000007f0  00 00 52 58 14 49 4e 77  56 3d 91 0a 86 3f 91 0a  |..RX.INwV=...?..|
00000800  86 3f b8 0b 00 00 cd cc  4c 3f cd cc 4c 3f 66 66  |.?......L?..L?ff|
00000810  66 3f 53 8a ca 42 00 00  00 3f 5c 00 00 00 06 00  |f?S..B...?\.....|
00000820  00 00 33 33 33 3f 00 00  00 3f 95 03 b2 48 4e 77  |..333?...?...HNw|
00000830  56 3d 91 0a 86 3f 91 0a  86 3f b8 0b 00 00 d0 cc  |V=...?...?......|
00000840  cc 3d 33 33 33 3f 66 66  66 3f 53 8a ca 42 00 00  |.=333?fff?S..B..|
00000850  00 3f a6 00 00 00 04 00  00 00 00 00 00 3f 00 00  |.?...........?..|
00000860  00 3f 95 03 b2 47 4e 77  56 3d 91 0a 86 3f 4e 77  |.?...GNwV=...?Nw|
00000870  56 3e b8 0b 00 00 cd cc  4c 3f cd cc 4c 3f 66 66  |V>......L?..L?ff|
00000880  66 3f e2 06 87 42 00 00  00 3f 5d 00 00 00 07 00  |f?...B...?].....|
00000890  00 00 66 66 26 3f 9a 99  19 3f 6c 36 20 48 4e 77  |..ff&?...?l6 HNw|
000008a0  56 3d 91 0a 86 3f 91 0a  86 3f b8 0b 00 00 d0 cc  |V=...?...?......|
000008b0  cc 3d 00 00 00 3f 66 66  66 3f 53 8a ca 42 00 00  |.=...?fff?S..B..|
000008c0  00 3f 5e 00 00 00 08 00  00 00 ec 51 38 3f 8f c2  |.?^........Q8?..|
000008d0  35 3f 1c 5a ed 47 4e 77  56 3d 91 0a 86 3f 91 0a  |5?.Z.GNwV=...?..|
000008e0  86 3f b8 0b 00 00 d0 cc  cc 3d 33 33 33 3f 66 66  |.?.......=333?ff|
000008f0  66 3f 53 8a ca 42 00 00  00 3f 5f 00 00 00 09 00  |f?S..B...?_.....|
00000900  00 00 b8 1e 45 3f cd cc  0c 3f 95 03 32 48 4e 77  |....E?...?..2HNw|
00000910  56 3d 91 0a 86 3f 91 0a  86 3f b8 0b 00 00 d0 cc  |V=...?...?......|
00000920  cc 3d 33 33 33 3f 66 66  66 3f 53 8a ca 42 00 00  |.=333?fff?S..B..|
00000930  00 3f 60 00 00 00 0a 00  00 00 ae 47 21 3f cd cc  |.?`........G!?..|
00000940  cc 3d be d0 c3 48 4e 77  56 3d 91 0a 86 3f 91 0a  |.=...HNwV=...?..|
00000950  86 3f b8 0b 00 00 d0 cc  cc 3d 9a 99 19 3f 66 66  |.?.......=...?ff|
00000960  66 3f 53 8a ca 42 00 00  00 3f 61 00 00 00 0b 00  |f?S..B...?a.....|
00000970  00 00 71 3d 4a 3f ec 51  38 3f 1c 5a ed 47 4e 77  |..q=J?.Q8?.Z.GNw|
00000980  56 3d 91 0a 86 3f 91 0a  86 3f b8 0b 00 00 d0 cc  |V=...?...?......|
00000990  cc 3d 33 33 33 3f 66 66  66 3f 53 8a ca 42 cd cc  |.=333?fff?S..B..|
000009a0  cc 3e 62 00 00 00 0c 00  00 00 cd cc cc 3d 52 b8  |.>b..........=R.|
000009b0  1e 3f 44 69 8e 47 4e 77  56 3d 91 0a 86 3f 91 0a  |.?Di.GNwV=...?..|
000009c0  86 3f b8 0b 00 00 d0 cc  cc 3d 33 33 33 3f 66 66  |.?.......=333?ff|
000009d0  66 3f 53 8a ca 42 00 00  00 3f 63 00 00 00 0d 00  |f?S..B...?c.....|
000009e0  00 00 cd cc 4c 3e 5c 8f  02 3f 44 69 8e 46 4e 77  |....L>\..?Di.FNw|
000009f0  56 3d 91 0a 86 3f 91 0a  86 3f b8 0b 00 00 d0 cc  |V=...?...?......|
00000a00  cc 3d 33 33 33 3f 66 66  66 3f 53 8a ca 42 00 00  |.=333?fff?S..B..|
00000a10  00 3f 64 00 00 00 0e 00  00 00 33 33 33 3f 9a 99  |.?d.......333?..|
00000a20  19 3f f3 2d a3 48 4e 77  56 3d 91 0a 86 3f 91 0a  |.?.-.HNwV=...?..|
00000a30  86 3f b8 0b 00 00 d0 cc  cc 3d 9a 99 19 3f 66 66  |.?.......=...?ff|
00000a40  66 3f 53 8a ca 42 00 00  00 3f 65 00 00 00 0f 00  |f?S..B...?e.....|
00000a50  00 00 9a 99 19 3f b8 1e  45 3f 95 03 b2 47 4e 77  |.....?..E?...GNw|
00000a60  56 3d 91 0a 86 3f 91 0a  86 3f b8 0b 00 00 d0 cc  |V=...?...?......|
00000a70  cc 3d 33 33 33 3f 66 66  66 3f 53 8a ca 42 00 00  |.=333?fff?S..B..|
00000a80  00 3f 66 00 00 00 02 00  00 00 cd cc 4c 3f cd cc  |.?f.........L?..|
00000a90  4c 3f 95 03 32 48 4e 77  56 3d 91 0a 86 3f 91 0a  |L?..2HNwV=...?..|
00000aa0  86 3f b8 0b 00 00 cd cc  4c 3f 33 33 33 3f cc cc  |.?......L?333?..|
00000ab0  cc 3e 53 8a ca 42 00 00  00 3f a0 00 00 00 11 00  |.>S..B...?......|
00000ac0  00 00 00 00 00 00 00 00  00 00 7a 84 de 48 4e 77  |..........z..HNw|
00000ad0  56 3d 91 0a 86 3f 91 0a  86 3f b8 0b 00 00 cd cc  |V=...?...?......|
00000ae0  4c 3f 33 33 33 3f 66 66  66 3f 53 8a ca 42 00 00  |L?333?fff?S..B..|
00000af0  00 3f 67 00 00 00 03 00  00 00 00 00 00 3f 00 00  |.?g..........?..|
00000b00  00 3f 95 03 b2 47 4e 77  56 3d 91 0a 86 3f 91 0a  |.?...GNwV=...?..|
00000b10  86 3f b8 0b 00 00 cd cc  4c 3f 9a 99 19 3f 66 66  |.?......L?...?ff|
00000b20  66 3f 53 8a ca 42 00 00  00 3f a1 00 00 00 11 00  |f?S..B...?......|
00000b30  00 00 00 00 00 00 00 00  00 00 7a 25 26 49 4e 77  |..........z%&INw|
00000b40  56 3d 91 0a 86 3f 91 0a  86 3f b8 0b 00 00 cd cc  |V=...?...?......|
00000b50  4c 3f cd cc 4c 3f 66 66  66 3f 53 8a ca 42 00 00  |L?..L?fff?S..B..|
00000b60  00 3f 62 00 00 00 14 00  00 00 00 00 00 3f 71 3d  |.?b..........?q=|
00000b70  4a 3f 1c 5a 6d 47 4e 77  56 3d 91 0a 86 3f 91 0a  |J?.ZmGNwV=...?..|
00000b80  86 3f b8 0b 00 00 d0 cc  cc 3d cd cc 4c 3f 66 66  |.?.......=..L?ff|
00000b90  66 3f 53 8a ca 42 9a 99  99 3e 56 00 00 00 12 00  |f?S..B...>V.....|
00000ba0  00 00 00 00 00 3f 66 66  66 3f 44 69 8e 46 34 fa  |.....?fff?Di.F4.|
00000bb0  0e 3d 91 0a 86 3f 91 0a  86 3f b8 0b 00 00 9a 99  |.=...?...?......|
00000bc0  99 3e 33 33 33 3f 66 66  66 3f 53 8a ca 42 cd cc  |.>333?fff?S..B..|
00000bd0  cc 3d 99 00 00 00 12 00  00 00 00 00 00 00 cd cc  |.=..............|
00000be0  4c 3e 29 8b 02 48 4e 77  56 3d 91 0a 86 3f 91 0a  |L>)..HNwV=...?..|
00000bf0  86 3f b8 0b 00 00 9a 99  99 3e cc cc 4c 3e 66 66  |.?.......>..L>ff|
00000c00  66 3f 53 8a ca 42 00 00  00 3f 62 00 00 00 12 00  |f?S..B...?b.....|
00000c10  00 00 cd cc cc 3d 52 b8  1e 3f d8 ae 4f 48 00 00  |.....=R..?..OH..|
00000c20  00 00 91 0a 86 3f 91 0a  86 3f b8 0b 00 00 d0 cc  |.....?...?......|
00000c30  cc 3d cd cc 4c 3f 66 66  66 3f 53 8a ca 42 00 00  |.=..L?fff?S..B..|
00000c40  00 3f 64 00 00 00 12 00  00 00 33 33 33 3f 9a 99  |.?d.......333?..|
00000c50  19 3f f3 2d a3 48 4e 77  56 3d 91 0a 86 3f 91 0a  |.?.-.HNwV=...?..|
00000c60  86 3f b8 0b 00 00 9a 99  99 3e 00 00 00 3f 33 33  |.?.......>...?33|
00000c70  33 3f 53 8a ca 42 00 00  00 3f 51 00 00 00 11 00  |3?S..B...?Q.....|
00000c80  00 00 00 00 00 00 00 00  00 00 1c 5a ed 48 4e 77  |...........Z.HNw|
00000c90  56 3d 91 0a 86 3f 91 0a  86 3f b8 0b 00 00 9a 99  |V=...?...?......|
00000ca0  99 3e cc cc cc 3e cd cc  4c 3f 53 8a ca 42 00 00  |.>...>..L?S..B..|
00000cb0  00 3f 50 00 00 00 03 00  00 00 9a 99 99 3e cd cc  |.?P..........>..|
00000cc0  4c 3e 95 03 b2 47 4e 77  56 3d 91 0a 86 3f 91 0a  |L>...GNwV=...?..|
00000cd0  86 3f b8 0b 00 00 00 00  00 3f 00 00 00 3f 00 00  |.?.......?...?..|
00000ce0  00 3f 53 8a ca 42 00 00  00 3f 52 00 00 00 00 00  |.?S..B...?R.....|
00000cf0  00 00 00 00 00 00 00 00  00 00 95 03 b2 48 4e 77  |.............HNw|
00000d00  56 3d 91 0a 86 3f 91 0a  86 3f b8 0b 00 00 00 00  |V=...?...?......|
00000d10  00 40 00 00 80 3f 00 00  80 3f 00 00 00 00 cd cc  |.@...?...?......|
00000d20  cc 3d                                             |.=|

=== FILE 12/17: terrdata/ai/Falcon4.AII ===
path: D:\SteamLibrary\steamapps\common\Falcon 4.0\terrdata/ai/Falcon4.AII
status: ABSENT (file not found at this path)

=== FILE 13/17: terrdata/ai/Falcon4.AIL ===
path: D:\SteamLibrary\steamapps\common\Falcon 4.0\terrdata/ai/Falcon4.AIL
status: ABSENT (file not found at this path)

=== FILE 14/17: terrdata/ai/Falcon4.SAI ===
path: D:\SteamLibrary\steamapps\common\Falcon 4.0\terrdata/ai/Falcon4.SAI
status: ABSENT (file not found at this path)

=== FILE 15/17: terrdata/theater.lst ===
path: D:\SteamLibrary\steamapps\common\Falcon 4.0\terrdata/theater.lst
status: ABSENT (file not found at this path)

=== FILE 16/17: sim/F-16.dat ===
path: D:\SteamLibrary\steamapps\common\Falcon 4.0\sim/F-16.dat
status: ABSENT (file not found at this path)

=== FILE 17/17: sim/F-18.dat ===
path: D:\SteamLibrary\steamapps\common\Falcon 4.0\sim/F-18.dat
status: ABSENT (file not found at this path)

=== DIRECTORY LISTINGS (catch-all) ===

--- terrdata/ ---
dir: D:\SteamLibrary\steamapps\common\Falcon 4.0\terrdata
  korea  (<dir>)
  misctex  (<dir>)
  objects  (<dir>)

--- terrdata/objects/ ---
dir: D:\SteamLibrary\steamapps\common\Falcon 4.0\terrdata\objects
  FALCON4.ACD  (1510)
  FALCON4.FCD  (35582)
  FALCON4.FED  (242946)
  FALCON4.ICD  (162)
  FALCON4.OCD  (36020)
  FALCON4.PD  (44282)
  FALCON4.PHD  (8318)
  FALCON4.RCD  (3362)
  FALCON4.RWD  (122)
  FALCON4.SSD  (21633)
  FALCON4.SWD  (3746)
  FALCON4.UCD  (99458)
  FALCON4.VCD  (45602)
  FALCON4.VSD  (142)
  FALCON4.WCD  (12182)
  FALCON4.WLD  (11426)
  FALCON4.ct  (172937)
  FALCON4.ini  (299)
  KoreaObj.HDR  (286468)
  KoreaObj.LOD  (24379516)
  KoreaObj.TEX  (14208953)

--- terrdata/ai/ ---
dir: D:\SteamLibrary\steamapps\common\Falcon 4.0\terrdata\ai
(directory absent)

--- terrdata/weather/ ---
dir: D:\SteamLibrary\steamapps\common\Falcon 4.0\terrdata\weather
(directory absent)

--- terrdata/terrain/ ---
dir: D:\SteamLibrary\steamapps\common\Falcon 4.0\terrdata\terrain
(directory absent)

--- campaign/ ---
dir: D:\SteamLibrary\steamapps\common\Falcon 4.0\campaign
  SAVE  (<dir>)

=== END OF SNAPSHOT ===
files_dumped: 8
files_missing: 9
